{"lsam_accuracy_fold1": 0.4240000247955322, "_timestamp": 1657511232, "_runtime": 370, "lsam_nll_fold1": 1.3952282667160034, "lsam_accuracy_fold2": 0.5200000405311584, "lsam_nll_fold2": 1.3855688571929932, "lsam_accuracy_fold3": 0.4000000059604645, "lsam_nll_fold3": 1.3914861679077148, "lsam_accuracy_fold4": 0.3760000169277191, "lsam_nll_fold4": 1.388837218284607, "LSAM_nll": 1.3902801275253296, "LSAM_accuracy": 0.43000003695487976, "_step": 0, "_wandb": {"runtime": 371}}