{"lsam_accuracy_fold1": 0.576, "_timestamp": 1657528204, "_runtime": 109, "lsam_nll_fold1": 1.3791859149932861, "lsam_accuracy_fold2": 0.52, "lsam_nll_fold2": 1.3850891590118408, "lsam_accuracy_fold3": 0.608, "lsam_nll_fold3": 1.3704497814178467, "lsam_accuracy_fold4": 0.608, "lsam_nll_fold4": 1.381453514099121, "LSAM_nll": 1.379044532775879, "LSAM_accuracy": 0.5780000000000001, "_step": 0, "_wandb": {"runtime": 110}}