{"gbm_accuracy_fold1": 0.9883351007423118, "_timestamp": 1657588528, "_runtime": 5, "gbm_nll_fold1": 0.07022485136985779, "gbm_accuracy_fold2": 0.9862142099681867, "gbm_nll_fold2": 0.11276226490736008, "gbm_accuracy_fold3": 0.9872746553552492, "gbm_nll_fold3": 0.10102921724319458, "gbm_accuracy_fold4": 0.9893955461293743, "gbm_nll_fold4": 0.09898003935813904, "LightGBM_nll": 0.09574909508228302, "LightGBM_accuracy": 0.9878048780487804, "LightGBM_combo": -0.8920557829664973, "_step": 0, "_wandb": {"runtime": 6}}