{"gbm_accuracy_fold1": 0.7407407407407407, "_timestamp": 1657552861, "_runtime": 5, "gbm_nll_fold1": 0.9979295134544373, "gbm_accuracy_fold2": 0.8148148148148148, "gbm_nll_fold2": 0.8410658240318298, "gbm_accuracy_fold3": 0.8, "gbm_nll_fold3": 0.8174793124198914, "gbm_accuracy_fold4": 0.8148148148148148, "gbm_nll_fold4": 0.8506098985671997, "LightGBM_nll": 0.876771092414856, "LightGBM_accuracy": 0.7925925925925925, "LightGBM_combo": 0.08417849982226344, "_step": 0, "_wandb": {"runtime": 6}}