{"gbm_accuracy_fold1": 0.9703703703703703, "_timestamp": 1657577011, "_runtime": 8, "gbm_nll_fold1": 0.08703494817018509, "gbm_accuracy_fold2": 0.9629629629629629, "gbm_nll_fold2": 0.11119958758354187, "gbm_accuracy_fold3": 0.9740740740740741, "gbm_nll_fold3": 0.06469696015119553, "gbm_accuracy_fold4": 0.9666666666666667, "gbm_nll_fold4": 0.11112040281295776, "LightGBM_nll": 0.09351297467947006, "LightGBM_accuracy": 0.9685185185185186, "LightGBM_combo": -0.8750055438390485, "_step": 0, "_wandb": {"runtime": 8}}