{"lsam_accuracy_fold1": 0.985153764581124, "_timestamp": 1657650741, "_runtime": 584, "lsam_nll_fold1": 0.08433710038661957, "lsam_accuracy_fold2": 0.9809119830328739, "lsam_nll_fold2": 0.1602899134159088, "lsam_accuracy_fold3": 0.9713679745493107, "lsam_nll_fold3": 0.13471092283725739, "lsam_accuracy_fold4": 0.9798515376458112, "lsam_nll_fold4": 0.1219949796795845, "LSAM_nll": 0.12533323466777802, "LSAM_accuracy": 0.9793213149522799, "LSAM_combo": -0.8539880802845019, "_step": 0, "_wandb": {"runtime": 584}}