{"gbm_accuracy_fold1": 0.6304347826086957, "_timestamp": 1657630772, "_runtime": 9, "gbm_nll_fold1": 0.9418841004371643, "gbm_accuracy_fold2": 0.6847826086956522, "gbm_nll_fold2": 0.9036720991134644, "gbm_accuracy_fold3": 0.6304347826086957, "gbm_nll_fold3": 1.022330641746521, "gbm_accuracy_fold4": 0.6358695652173914, "gbm_nll_fold4": 0.9763444066047668, "LightGBM_nll": 0.9610578417778015, "LightGBM_accuracy": 0.6453804347826086, "LightGBM_combo": 0.31567740699519287, "_step": 0, "_wandb": {"runtime": 9}}