{"lsam_accuracy_fold1": 0.576, "_timestamp": 1657537630, "_runtime": 145, "lsam_nll_fold1": 1.3732038736343384, "lsam_accuracy_fold2": 0.52, "lsam_nll_fold2": 1.3851081132888794, "lsam_accuracy_fold3": 0.4, "lsam_nll_fold3": 1.4166079759597778, "lsam_accuracy_fold4": 0.624, "lsam_nll_fold4": 1.3832024335861206, "LSAM_nll": 1.3895306587219238, "LSAM_accuracy": 0.53, "LSAM_combo": 0.8595306587219238, "_step": 0, "_wandb": {"runtime": 146}}