{"lsam_accuracy_fold1": 0.424, "_timestamp": 1657541450, "_runtime": 108, "lsam_nll_fold1": 1.4070268869400024, "lsam_accuracy_fold2": 0.48, "lsam_nll_fold2": 1.479649543762207, "lsam_accuracy_fold3": 0.6, "lsam_nll_fold3": 1.4680664539337158, "lsam_accuracy_fold4": 0.376, "lsam_nll_fold4": 1.5515062808990479, "LSAM_nll": 1.476562261581421, "LSAM_accuracy": 0.47, "LSAM_combo": 1.006562261581421, "_step": 0, "_wandb": {"runtime": 109}}