{"gbm_accuracy_fold1": 0.9830328738069989, "_timestamp": 1657668434, "_runtime": 6, "gbm_nll_fold1": 0.08163219690322876, "gbm_accuracy_fold2": 0.9915164369034994, "gbm_nll_fold2": 0.049613576382398605, "gbm_accuracy_fold3": 0.9862142099681867, "gbm_nll_fold3": 0.10010655969381332, "gbm_accuracy_fold4": 0.9862142099681867, "gbm_nll_fold4": 0.059841521084308624, "LightGBM_nll": 0.0727984607219696, "LightGBM_accuracy": 0.986744432661718, "LightGBM_combo": -0.9139459719397484, "_step": 0, "_wandb": {"runtime": 7}}