{"lsam_accuracy_fold1": 0.424, "_timestamp": 1657537466, "_runtime": 171, "lsam_nll_fold1": 1.4175328016281128, "lsam_accuracy_fold2": 0.52, "lsam_nll_fold2": 1.3853814601898193, "lsam_accuracy_fold3": 0.4, "lsam_nll_fold3": 1.3970166444778442, "lsam_accuracy_fold4": 0.376, "lsam_nll_fold4": 1.4136954545974731, "LSAM_nll": 1.4034065008163452, "LSAM_accuracy": 0.42999999999999994, "LSAM_combo": 0.9734065008163453, "_step": 0, "_wandb": {"runtime": 172}}