{"lsam_accuracy_fold1": 0.9666666666666667, "_timestamp": 1657639170, "_runtime": 381, "lsam_nll_fold1": 0.10028696805238724, "lsam_accuracy_fold2": 0.9666666666666667, "lsam_nll_fold2": 0.13216720521450043, "lsam_accuracy_fold3": 0.9888888888888889, "lsam_nll_fold3": 0.04192379117012024, "lsam_accuracy_fold4": 0.9629629629629629, "lsam_nll_fold4": 0.15471699833869934, "LSAM_nll": 0.10727374255657196, "LSAM_accuracy": 0.9712962962962963, "LSAM_combo": -0.8640225537397244, "_step": 0, "_wandb": {"runtime": 382}}