{"lsam_accuracy_fold1": 0.9851851851851852, "_timestamp": 1657640258, "_runtime": 225, "lsam_nll_fold1": 0.039283595979213715, "lsam_accuracy_fold2": 0.9703703703703703, "lsam_nll_fold2": 0.11668678373098373, "lsam_accuracy_fold3": 0.9851851851851852, "lsam_nll_fold3": 0.04589777812361717, "lsam_accuracy_fold4": 0.9814814814814815, "lsam_nll_fold4": 0.12666389346122742, "LSAM_nll": 0.08213301002979279, "LSAM_accuracy": 0.9805555555555555, "LSAM_combo": -0.8984225455257627, "_step": 0, "_wandb": {"runtime": 226}}