{"lsam_accuracy_fold1": 0.4960000216960907, "_timestamp": 1657513480, "_runtime": 258, "lsam_nll_fold1": 1.4019558429718018, "lsam_accuracy_fold2": 0.5120000243186951, "lsam_nll_fold2": 1.387647032737732, "lsam_accuracy_fold3": 0.4000000059604645, "lsam_nll_fold3": 1.3887825012207031, "lsam_accuracy_fold4": 0.5840000510215759, "lsam_nll_fold4": 1.3799612522125244, "LSAM_nll": 1.3895866870880127, "LSAM_accuracy": 0.49800002574920654, "_step": 0, "_wandb": {"runtime": 259}}