{"gbm_accuracy_fold1": 0.9888888888888889, "_timestamp": 1657577557, "_runtime": 10, "gbm_nll_fold1": 0.12738879024982452, "gbm_accuracy_fold2": 0.9555555555555556, "gbm_nll_fold2": 0.15619643032550812, "gbm_accuracy_fold3": 0.9851851851851852, "gbm_nll_fold3": 0.09081639349460602, "gbm_accuracy_fold4": 0.9555555555555556, "gbm_nll_fold4": 0.15576240420341492, "LightGBM_nll": 0.1325410008430481, "LightGBM_accuracy": 0.9712962962962963, "LightGBM_combo": -0.8387552954532482, "_step": 0, "_wandb": {"runtime": 12}}