{"lsam_accuracy_fold1": 0.7185185185185186, "_timestamp": 1657616546, "_runtime": 555, "lsam_nll_fold1": 1.1697437763214111, "lsam_accuracy_fold2": 0.6074074074074074, "lsam_nll_fold2": 1.2788727283477783, "lsam_accuracy_fold3": 0.7407407407407407, "lsam_nll_fold3": 1.1108112335205078, "lsam_accuracy_fold4": 0.7555555555555555, "lsam_nll_fold4": 1.1632599830627441, "LSAM_nll": 1.1806719303131104, "LSAM_accuracy": 0.7055555555555555, "LSAM_combo": 0.47511637475755486, "_step": 0, "_wandb": {"runtime": 556}}