{"gbm_accuracy_fold1": 0.8222222222222222, "_timestamp": 1657619213, "_runtime": 5, "gbm_nll_fold1": 0.8426727056503296, "gbm_accuracy_fold2": 0.7925925925925926, "gbm_nll_fold2": 0.8527578711509705, "gbm_accuracy_fold3": 0.837037037037037, "gbm_nll_fold3": 0.8154707551002502, "gbm_accuracy_fold4": 0.7407407407407407, "gbm_nll_fold4": 0.9734176993370056, "LightGBM_nll": 0.8710797429084778, "LightGBM_accuracy": 0.798148148148148, "LightGBM_combo": 0.07293159476032973, "_step": 0, "_wandb": {"runtime": 6}}