{"lsam_accuracy_fold1": 0.7111111111111111, "_timestamp": 1657551602, "_runtime": 519, "lsam_nll_fold1": 1.0298305749893188, "lsam_accuracy_fold2": 0.6962962962962963, "lsam_nll_fold2": 1.0099749565124512, "lsam_accuracy_fold3": 0.6518518518518519, "lsam_nll_fold3": 1.1837267875671387, "lsam_accuracy_fold4": 0.6888888888888889, "lsam_nll_fold4": 1.1147226095199585, "LSAM_nll": 1.0845637321472168, "LSAM_accuracy": 0.6870370370370371, "LSAM_combo": 0.3975266951101797, "_step": 0, "_wandb": {"runtime": 518}}