{"gbm_accuracy_fold1": 0.625, "_timestamp": 1657562898, "_runtime": 5, "gbm_nll_fold1": 1.0472147464752197, "gbm_accuracy_fold2": 0.6956521739130435, "gbm_nll_fold2": 0.76051926612854, "gbm_accuracy_fold3": 0.6304347826086957, "gbm_nll_fold3": 1.006339430809021, "gbm_accuracy_fold4": 0.6630434782608695, "gbm_nll_fold4": 0.8315280675888062, "LightGBM_nll": 0.9114004373550415, "LightGBM_accuracy": 0.6535326086956522, "LightGBM_combo": 0.2578678286593893, "_step": 0, "_wandb": {"runtime": 6}}