{"lsam_accuracy_fold1": 0.528, "_timestamp": 1657605168, "_runtime": 176, "lsam_nll_fold1": 1.379835605621338, "lsam_accuracy_fold2": 0.552, "lsam_nll_fold2": 1.3878484964370728, "lsam_accuracy_fold3": 0.448, "lsam_nll_fold3": 1.388502836227417, "lsam_accuracy_fold4": 0.376, "lsam_nll_fold4": 1.3991243839263916, "LSAM_nll": 1.3888278007507324, "LSAM_accuracy": 0.476, "LSAM_combo": 0.9128278007507324, "_step": 0, "_wandb": {"runtime": 177}}