{"gbm_accuracy_fold1": 0.64, "_timestamp": 1657535608, "_runtime": 6, "gbm_nll_fold1": 1.4151036739349365, "gbm_accuracy_fold2": 0.568, "gbm_nll_fold2": 1.5615016222000122, "gbm_accuracy_fold3": 0.624, "gbm_nll_fold3": 1.365729570388794, "gbm_accuracy_fold4": 0.584, "gbm_nll_fold4": 1.3567448854446411, "LightGBM_nll": 1.4247698783874512, "LightGBM_accuracy": 0.604, "_step": 0, "_wandb": {"runtime": 7}}