{"lsam_accuracy_fold1": 0.5217391304347826, "_timestamp": 1657554757, "_runtime": 185, "lsam_nll_fold1": 1.2957899570465088, "lsam_accuracy_fold2": 0.44565217391304346, "lsam_nll_fold2": 1.1889728307724, "lsam_accuracy_fold3": 0.5108695652173914, "lsam_nll_fold3": 1.3326725959777832, "lsam_accuracy_fold4": 0.5163043478260869, "lsam_nll_fold4": 1.1722480058670044, "LSAM_nll": 1.2474207878112793, "LSAM_accuracy": 0.49864130434782605, "LSAM_combo": 0.7487794834634532, "_step": 0, "_wandb": {"runtime": 186}}