{"lsam_accuracy_fold1": 0.6148148148148148, "_timestamp": 1657551893, "_runtime": 275, "lsam_nll_fold1": 1.1241323947906494, "lsam_accuracy_fold2": 0.674074074074074, "lsam_nll_fold2": 1.221584677696228, "lsam_accuracy_fold3": 0.6814814814814815, "lsam_nll_fold3": 1.1812022924423218, "lsam_accuracy_fold4": 0.725925925925926, "lsam_nll_fold4": 1.1195398569107056, "LSAM_nll": 1.1616147756576538, "LSAM_accuracy": 0.674074074074074, "LSAM_combo": 0.48754070158357976, "_step": 0, "_wandb": {"runtime": 277}}