{"lsam_accuracy_fold1": 0.9300106044538706, "_timestamp": 1657663457, "_runtime": 793, "lsam_nll_fold1": 0.440559059381485, "lsam_accuracy_fold2": 0.8918345705196182, "lsam_nll_fold2": 0.4292467534542084, "lsam_accuracy_fold3": 0.9194061505832449, "lsam_nll_fold3": 0.38049328327178955, "lsam_accuracy_fold4": 0.8833510074231177, "lsam_nll_fold4": 0.3764849901199341, "LSAM_nll": 0.40669602155685425, "LSAM_accuracy": 0.9061505832449628, "LSAM_combo": -0.49945456168810853, "_step": 0, "_wandb": {"runtime": 795}}