{"lsam_accuracy_fold1": 0.7407407407407407, "_timestamp": 1657614399, "_runtime": 289, "lsam_nll_fold1": 1.0737109184265137, "lsam_accuracy_fold2": 0.6, "lsam_nll_fold2": 1.3464280366897583, "lsam_accuracy_fold3": 0.5185185185185185, "lsam_nll_fold3": 1.5409477949142456, "lsam_accuracy_fold4": 0.5333333333333333, "lsam_nll_fold4": 1.6573599576950073, "LSAM_nll": 1.4046117067337036, "LSAM_accuracy": 0.5981481481481481, "LSAM_combo": 0.8064635585855555, "_step": 0, "_wandb": {"runtime": 290}}