{"lsam_accuracy_fold1": 0.424, "_timestamp": 1657530319, "_runtime": 147, "lsam_nll_fold1": 1.39642333984375, "lsam_accuracy_fold2": 0.48, "lsam_nll_fold2": 1.4316763877868652, "lsam_accuracy_fold3": 0.6, "lsam_nll_fold3": 1.3620439767837524, "lsam_accuracy_fold4": 0.376, "lsam_nll_fold4": 1.4479058980941772, "LSAM_nll": 1.4095124006271362, "LSAM_accuracy": 0.47, "_step": 0, "_wandb": {"runtime": 147}}