{"gbm_accuracy_fold1": 0.9222222222222223, "_timestamp": 1657577188, "_runtime": 9, "gbm_nll_fold1": 0.4229207932949066, "gbm_accuracy_fold2": 0.9222222222222223, "gbm_nll_fold2": 0.4532161355018616, "gbm_accuracy_fold3": 0.9444444444444444, "gbm_nll_fold3": 0.37309274077415466, "gbm_accuracy_fold4": 0.937037037037037, "gbm_nll_fold4": 0.423681378364563, "LightGBM_nll": 0.41822776198387146, "LightGBM_accuracy": 0.9314814814814815, "LightGBM_combo": -0.51325371949761, "_step": 0, "_wandb": {"runtime": 10}}