{"gbm_accuracy_fold1": 0.9862142099681867, "_timestamp": 1657588483, "_runtime": 6, "gbm_nll_fold1": 0.07584110647439957, "gbm_accuracy_fold2": 0.9872746553552492, "gbm_nll_fold2": 0.13682493567466736, "gbm_accuracy_fold3": 0.9862142099681867, "gbm_nll_fold3": 0.09315206110477448, "gbm_accuracy_fold4": 0.9893955461293743, "gbm_nll_fold4": 0.053736936300992966, "LightGBM_nll": 0.08988875150680542, "LightGBM_accuracy": 0.9872746553552492, "LightGBM_combo": -0.8973859038484437, "_step": 0, "_wandb": {"runtime": 7}}