{"gbm_accuracy_fold1": 0.9840933191940615, "_timestamp": 1657588460, "_runtime": 5, "gbm_nll_fold1": 0.07729996740818024, "gbm_accuracy_fold2": 0.9893955461293743, "gbm_nll_fold2": 0.06398888677358627, "gbm_accuracy_fold3": 0.9883351007423118, "gbm_nll_fold3": 0.08628643304109573, "gbm_accuracy_fold4": 0.9925768822905621, "gbm_nll_fold4": 0.03657540678977966, "LightGBM_nll": 0.06603766977787018, "LightGBM_accuracy": 0.9886002120890773, "LightGBM_combo": -0.9225625423112072, "_step": 0, "_wandb": {"runtime": 6}}