{"gbm_accuracy_fold1": 0.568, "_timestamp": 1657519048, "_runtime": 5, "gbm_nll_fold1": 1.5764944553375244, "gbm_accuracy_fold2": 0.528, "gbm_nll_fold2": 1.7829163074493408, "gbm_accuracy_fold3": 0.608, "gbm_nll_fold3": 1.3853394985198975, "gbm_accuracy_fold4": 0.584, "gbm_nll_fold4": 1.3447328805923462, "LightGBM_nll": 1.52237069606781, "LightGBM_accuracy": 0.5720000000000001, "_step": 0, "_wandb": {"runtime": 6}}