{"lsam_accuracy_fold1": 0.6739130434782609, "_timestamp": 1657628091, "_runtime": 388, "lsam_nll_fold1": 0.7567992210388184, "lsam_accuracy_fold2": 0.6086956521739131, "lsam_nll_fold2": 0.8508164882659912, "lsam_accuracy_fold3": 0.6630434782608695, "lsam_nll_fold3": 0.880972146987915, "lsam_accuracy_fold4": 0.6413043478260869, "lsam_nll_fold4": 0.7372934222221375, "LSAM_nll": 0.8064703345298767, "LSAM_accuracy": 0.6467391304347826, "LSAM_combo": 0.15973120409509411, "_step": 0, "_wandb": {"runtime": 389}}