{"gbm_accuracy_fold1": 0.52, "_timestamp": 1657521101, "_runtime": 5, "gbm_nll_fold1": 1.4743340015411377, "gbm_accuracy_fold2": 0.52, "gbm_nll_fold2": 1.79484224319458, "gbm_accuracy_fold3": 0.544, "gbm_nll_fold3": 1.437137484550476, "gbm_accuracy_fold4": 0.536, "gbm_nll_fold4": 1.3470510244369507, "LightGBM_nll": 1.5133411884307861, "LightGBM_accuracy": 0.53, "_step": 0, "_wandb": {"runtime": 6}}