{"gbm_accuracy_fold1": 0.9840933191940615, "_timestamp": 1657668319, "_runtime": 6, "gbm_nll_fold1": 0.10028766095638275, "gbm_accuracy_fold2": 0.9904559915164369, "gbm_nll_fold2": 0.06289959698915482, "gbm_accuracy_fold3": 0.9862142099681867, "gbm_nll_fold3": 0.11656342446804047, "gbm_accuracy_fold4": 0.9946977730646872, "gbm_nll_fold4": 0.038395900279283524, "LightGBM_nll": 0.07953665405511856, "LightGBM_accuracy": 0.9888653234358431, "LightGBM_combo": -0.9093286693807245, "_step": 0, "_wandb": {"runtime": 7}}