{"gbm_accuracy_fold1": 0.7925925925925926, "_timestamp": 1657552752, "_runtime": 5, "gbm_nll_fold1": 1.0509839057922363, "gbm_accuracy_fold2": 0.8148148148148148, "gbm_nll_fold2": 0.7383825182914734, "gbm_accuracy_fold3": 0.7851851851851852, "gbm_nll_fold3": 0.8794007301330566, "gbm_accuracy_fold4": 0.8, "gbm_nll_fold4": 1.0295172929763794, "LightGBM_nll": 0.92457115650177, "LightGBM_accuracy": 0.798148148148148, "LightGBM_combo": 0.12642300835362197, "_step": 0, "_wandb": {"runtime": 6}}