{"lsam_accuracy_fold1": 0.576, "_timestamp": 1657530909, "_runtime": 185, "lsam_nll_fold1": 1.3735928535461426, "lsam_accuracy_fold2": 0.52, "lsam_nll_fold2": 1.3847274780273438, "lsam_accuracy_fold3": 0.4, "lsam_nll_fold3": 1.3917464017868042, "lsam_accuracy_fold4": 0.624, "lsam_nll_fold4": 1.3836052417755127, "LSAM_nll": 1.383418083190918, "LSAM_accuracy": 0.53, "_step": 0, "_wandb": {"runtime": 186}}