{"gbm_accuracy_fold1": 0.512, "_timestamp": 1657542822, "_runtime": 5, "gbm_nll_fold1": 1.4024752378463745, "gbm_accuracy_fold2": 0.488, "gbm_nll_fold2": 1.6890653371810913, "gbm_accuracy_fold3": 0.6, "gbm_nll_fold3": 1.4056811332702637, "gbm_accuracy_fold4": 0.584, "gbm_nll_fold4": 1.3620054721832275, "LightGBM_nll": 1.4648067951202393, "LightGBM_accuracy": 0.546, "LightGBM_combo": 0.9188067951202392, "_step": 0, "_wandb": {"runtime": 7}}