{"lsam_accuracy_fold1": 0.5185185185185185, "_timestamp": 1657611195, "_runtime": 548, "lsam_nll_fold1": 1.3859319686889648, "lsam_accuracy_fold2": 0.3925925925925926, "lsam_nll_fold2": 1.3968141078948975, "lsam_accuracy_fold3": 0.42962962962962964, "lsam_nll_fold3": 1.3877525329589844, "lsam_accuracy_fold4": 0.6148148148148148, "lsam_nll_fold4": 1.3792724609375, "LSAM_nll": 1.3874428272247314, "LSAM_accuracy": 0.48888888888888893, "LSAM_combo": 0.8985539383358425, "_step": 0, "_wandb": {"runtime": 548}}