{"gbm_accuracy_fold1": 0.56, "_timestamp": 1657608214, "_runtime": 7, "gbm_nll_fold1": 1.3851579427719116, "gbm_accuracy_fold2": 0.472, "gbm_nll_fold2": 1.3868193626403809, "gbm_accuracy_fold3": 0.52, "gbm_nll_fold3": 1.3856852054595947, "gbm_accuracy_fold4": 0.592, "gbm_nll_fold4": 1.3856778144836426, "LightGBM_nll": 1.38583505153656, "LightGBM_accuracy": 0.536, "LightGBM_combo": 0.84983505153656, "_step": 0, "_wandb": {"runtime": 8}}