{"gbm_accuracy_fold1": 0.9862142099681867, "_timestamp": 1657588594, "_runtime": 5, "gbm_nll_fold1": 0.11587696522474289, "gbm_accuracy_fold2": 0.9893955461293743, "gbm_nll_fold2": 0.11850618571043015, "gbm_accuracy_fold3": 0.9819724284199364, "gbm_nll_fold3": 0.126808300614357, "gbm_accuracy_fold4": 0.9883351007423118, "gbm_nll_fold4": 0.05171114206314087, "LightGBM_nll": 0.10322564840316772, "LightGBM_accuracy": 0.9864793213149523, "LightGBM_combo": -0.8832536729117846, "_step": 0, "_wandb": {"runtime": 6}}