{"lsam_accuracy_fold1": 0.9888888888888889, "_timestamp": 1657631872, "_runtime": 605, "lsam_nll_fold1": 0.03333611041307449, "lsam_accuracy_fold2": 0.9666666666666667, "lsam_nll_fold2": 0.11650615930557251, "lsam_accuracy_fold3": 0.9777777777777777, "lsam_nll_fold3": 0.1330791413784027, "lsam_accuracy_fold4": 0.9851851851851852, "lsam_nll_fold4": 0.05281180888414383, "LSAM_nll": 0.08393330127000809, "LSAM_accuracy": 0.9796296296296296, "LSAM_combo": -0.8956963283596215, "_step": 0, "_wandb": {"runtime": 606}}