{"lsam_accuracy_fold1": 0.4240000247955322, "_timestamp": 1657505911, "_runtime": 670, "lsam_nll_fold1": 1.3930058479309082, "lsam_accuracy_fold2": 0.5200000405311584, "lsam_nll_fold2": 1.3862500190734863, "lsam_accuracy_fold3": 0.4000000059604645, "lsam_nll_fold3": 1.4033197164535522, "lsam_accuracy_fold4": 0.3760000169277191, "lsam_nll_fold4": 1.3900957107543945, "LSAM_nll": 1.3931678533554077, "LSAM_accuracy": 0.43000003695487976, "_step": 0, "_wandb": {"runtime": 671}}