{"lsam_accuracy_fold1": 0.48148148148148145, "_timestamp": 1657613310, "_runtime": 408, "lsam_nll_fold1": 1.3907901048660278, "lsam_accuracy_fold2": 0.674074074074074, "lsam_nll_fold2": 1.2922642230987549, "lsam_accuracy_fold3": 0.6814814814814815, "lsam_nll_fold3": 1.3837766647338867, "lsam_accuracy_fold4": 0.6148148148148148, "lsam_nll_fold4": 1.3666574954986572, "LSAM_nll": 1.3583722114562988, "LSAM_accuracy": 0.6129629629629629, "LSAM_combo": 0.7454092484933359, "_step": 0, "_wandb": {"runtime": 408}}