{"gbm_accuracy_fold1": 0.9872746553552492, "_timestamp": 1657588176, "_runtime": 6, "gbm_nll_fold1": 0.07538954168558121, "gbm_accuracy_fold2": 0.9893955461293743, "gbm_nll_fold2": 0.09421055018901825, "gbm_accuracy_fold3": 0.9893955461293743, "gbm_nll_fold3": 0.1046522706747055, "gbm_accuracy_fold4": 0.9936373276776246, "gbm_nll_fold4": 0.05041737109422684, "LightGBM_nll": 0.08116742968559265, "LightGBM_accuracy": 0.9899257688229056, "LightGBM_combo": -0.908758339137313, "_step": 0, "_wandb": {"runtime": 6}}