{"gbm_accuracy_fold1": 0.9883351007423118, "_timestamp": 1657668412, "_runtime": 6, "gbm_nll_fold1": 0.07424113154411316, "gbm_accuracy_fold2": 0.9925768822905621, "gbm_nll_fold2": 0.05838385596871376, "gbm_accuracy_fold3": 0.9840933191940615, "gbm_nll_fold3": 0.1497887670993805, "gbm_accuracy_fold4": 0.9915164369034994, "gbm_nll_fold4": 0.043439920991659164, "LightGBM_nll": 0.08146341890096664, "LightGBM_accuracy": 0.9891304347826088, "LightGBM_combo": -0.9076670158816421, "_step": 0, "_wandb": {"runtime": 7}}