{"lsam_accuracy_fold1": 0.9830328738069989, "_timestamp": 1657650139, "_runtime": 662, "lsam_nll_fold1": 0.11612027883529663, "lsam_accuracy_fold2": 0.9809119830328739, "lsam_nll_fold2": 0.14251618087291718, "lsam_accuracy_fold3": 0.9798515376458112, "lsam_nll_fold3": 0.10733430832624435, "lsam_accuracy_fold4": 0.9809119830328739, "lsam_nll_fold4": 0.10856129229068756, "LSAM_nll": 0.11863301694393158, "LSAM_accuracy": 0.9811770943796394, "LSAM_combo": -0.8625440774357078, "_step": 0, "_wandb": {"runtime": 663}}