{"gbm_accuracy_fold1": 0.584, "_timestamp": 1657597668, "_runtime": 6, "gbm_nll_fold1": 1.3467258214950562, "gbm_accuracy_fold2": 0.608, "gbm_nll_fold2": 1.3439116477966309, "gbm_accuracy_fold3": 0.576, "gbm_nll_fold3": 1.3577804565429688, "gbm_accuracy_fold4": 0.568, "gbm_nll_fold4": 1.3594779968261719, "LightGBM_nll": 1.3519740104675293, "LightGBM_accuracy": 0.584, "LightGBM_combo": 0.7679740104675293, "_step": 0, "_wandb": {"runtime": 7}}