{"gbm_accuracy_fold1": 0.8, "_timestamp": 1657619333, "_runtime": 4, "gbm_nll_fold1": 0.875795841217041, "gbm_accuracy_fold2": 0.8074074074074075, "gbm_nll_fold2": 0.8946213722229004, "gbm_accuracy_fold3": 0.8074074074074075, "gbm_nll_fold3": 0.90753173828125, "gbm_accuracy_fold4": 0.7851851851851852, "gbm_nll_fold4": 0.8877095580101013, "LightGBM_nll": 0.8914146423339844, "LightGBM_accuracy": 0.8, "LightGBM_combo": 0.09141464233398433, "_step": 0, "_wandb": {"runtime": 6}}