{"lsam_accuracy_fold1": 0.674074074074074, "_timestamp": 1657552364, "_runtime": 451, "lsam_nll_fold1": 1.1855961084365845, "lsam_accuracy_fold2": 0.6296296296296297, "lsam_nll_fold2": 1.3759993314743042, "lsam_accuracy_fold3": 0.42962962962962964, "lsam_nll_fold3": 1.3882297277450562, "lsam_accuracy_fold4": 0.725925925925926, "lsam_nll_fold4": 1.1468112468719482, "LSAM_nll": 1.2741591930389404, "LSAM_accuracy": 0.6148148148148148, "LSAM_combo": 0.6593443782241256, "_step": 0, "_wandb": {"runtime": 452}}