{"gbm_accuracy_fold1": 0.8, "_timestamp": 1657552686, "_runtime": 5, "gbm_nll_fold1": 0.9347856044769287, "gbm_accuracy_fold2": 0.7777777777777778, "gbm_nll_fold2": 0.8821229934692383, "gbm_accuracy_fold3": 0.7851851851851852, "gbm_nll_fold3": 0.8661656379699707, "gbm_accuracy_fold4": 0.8148148148148148, "gbm_nll_fold4": 0.8374752998352051, "LightGBM_nll": 0.8801373839378357, "LightGBM_accuracy": 0.7944444444444445, "LightGBM_combo": 0.08569293949339118, "_step": 0, "_wandb": {"runtime": 6}}