{"gbm_accuracy_fold1": 0.9872746553552492, "_timestamp": 1657588373, "_runtime": 5, "gbm_nll_fold1": 0.08885717391967773, "gbm_accuracy_fold2": 0.9872746553552492, "gbm_nll_fold2": 0.0733330026268959, "gbm_accuracy_fold3": 0.9883351007423118, "gbm_nll_fold3": 0.09041710197925568, "gbm_accuracy_fold4": 0.9904559915164369, "gbm_nll_fold4": 0.05575549229979515, "LightGBM_nll": 0.07709069550037384, "LightGBM_accuracy": 0.9883351007423118, "LightGBM_combo": -0.911244405241938, "_step": 0, "_wandb": {"runtime": 6}}