{"gbm_accuracy_fold1": 0.625, "_timestamp": 1657630815, "_runtime": 7, "gbm_nll_fold1": 0.9292914271354675, "gbm_accuracy_fold2": 0.6521739130434783, "gbm_nll_fold2": 0.9333683848381042, "gbm_accuracy_fold3": 0.5652173913043478, "gbm_nll_fold3": 1.067779541015625, "gbm_accuracy_fold4": 0.7065217391304348, "gbm_nll_fold4": 0.8592777252197266, "LightGBM_nll": 0.9474292993545532, "LightGBM_accuracy": 0.6372282608695652, "LightGBM_combo": 0.31020103848498803, "_step": 0, "_wandb": {"runtime": 9}}