{"lsam_accuracy_fold1": 0.14074074074074075, "_timestamp": 1657564231, "_runtime": 179, "lsam_nll_fold1": 2.1176700592041016, "lsam_accuracy_fold2": 0.36666666666666664, "lsam_nll_fold2": 1.4791196584701538, "lsam_accuracy_fold3": 0.13333333333333333, "lsam_nll_fold3": 2.1235034465789795, "lsam_accuracy_fold4": 0.45555555555555555, "lsam_nll_fold4": 1.2396957874298096, "LSAM_nll": 1.739997148513794, "LSAM_accuracy": 0.2740740740740741, "LSAM_combo": 1.4659230744397198, "_step": 0, "_wandb": {"runtime": 180}}