{"gbm_accuracy_fold1": 0.56, "_timestamp": 1657608119, "_runtime": 5, "gbm_nll_fold1": 1.3686317205429077, "gbm_accuracy_fold2": 0.56, "gbm_nll_fold2": 1.3707276582717896, "gbm_accuracy_fold3": 0.536, "gbm_nll_fold3": 1.4239941835403442, "gbm_accuracy_fold4": 0.6, "gbm_nll_fold4": 1.3200520277023315, "LightGBM_nll": 1.3708513975143433, "LightGBM_accuracy": 0.5640000000000001, "LightGBM_combo": 0.8068513975143432, "_step": 0, "_wandb": {"runtime": 6}}