{"lsam_accuracy_fold1": 0.7851851851851852, "_timestamp": 1657612008, "_runtime": 274, "lsam_nll_fold1": 0.9644426107406616, "lsam_accuracy_fold2": 0.6444444444444445, "lsam_nll_fold2": 1.1808977127075195, "lsam_accuracy_fold3": 0.6444444444444445, "lsam_nll_fold3": 1.1851929426193237, "lsam_accuracy_fold4": 0.5777777777777777, "lsam_nll_fold4": 1.46969735622406, "LSAM_nll": 1.2000577449798584, "LSAM_accuracy": 0.662962962962963, "LSAM_combo": 0.5370947820168954, "_step": 0, "_wandb": {"runtime": 275}}