{"lsam_accuracy_fold1": 0.2391304347826087, "_timestamp": 1657621974, "_runtime": 489, "lsam_nll_fold1": 1.5603392124176025, "lsam_accuracy_fold2": 0.22826086956521738, "lsam_nll_fold2": 1.6885247230529785, "lsam_accuracy_fold3": 0.16847826086956522, "lsam_nll_fold3": 1.6851452589035034, "lsam_accuracy_fold4": 0.14130434782608695, "lsam_nll_fold4": 1.6890605688095093, "LSAM_nll": 1.6557674407958984, "LSAM_accuracy": 0.19429347826086954, "LSAM_combo": 1.4614739625350288, "_step": 0, "_wandb": {"runtime": 491}}