{"gbm_accuracy_fold1": 0.9883351007423118, "_timestamp": 1657588200, "_runtime": 8, "gbm_nll_fold1": 0.09512250125408173, "gbm_accuracy_fold2": 0.9893955461293743, "gbm_nll_fold2": 0.14854153990745544, "gbm_accuracy_fold3": 0.9872746553552492, "gbm_nll_fold3": 0.1281864196062088, "gbm_accuracy_fold4": 0.985153764581124, "gbm_nll_fold4": 0.07047520577907562, "LightGBM_nll": 0.1105814129114151, "LightGBM_accuracy": 0.9875397667020149, "LightGBM_combo": -0.8769583537905998, "_step": 0, "_wandb": {"runtime": 6}}