{"gbm_accuracy_fold1": 0.8222222222222222, "_timestamp": 1657619060, "_runtime": 5, "gbm_nll_fold1": 1.1146764755249023, "gbm_accuracy_fold2": 0.7925925925925926, "gbm_nll_fold2": 0.7887188792228699, "gbm_accuracy_fold3": 0.7851851851851852, "gbm_nll_fold3": 0.8937548995018005, "gbm_accuracy_fold4": 0.7851851851851852, "gbm_nll_fold4": 1.0491807460784912, "LightGBM_nll": 0.9615827798843384, "LightGBM_accuracy": 0.7962962962962963, "LightGBM_combo": 0.1652864835880421, "_step": 0, "_wandb": {"runtime": 6}}