{"gbm_accuracy_fold1": 0.9883351007423118, "_timestamp": 1657668116, "_runtime": 11, "gbm_nll_fold1": 0.07341574132442474, "gbm_accuracy_fold2": 0.9872746553552492, "gbm_nll_fold2": 0.06377600878477097, "gbm_accuracy_fold3": 0.9830328738069989, "gbm_nll_fold3": 0.12698282301425934, "gbm_accuracy_fold4": 0.9925768822905621, "gbm_nll_fold4": 0.0449792854487896, "LightGBM_nll": 0.07728846371173859, "LightGBM_accuracy": 0.9878048780487805, "LightGBM_combo": -0.9105164143370419, "_step": 0, "_wandb": {"runtime": 12}}