{"gbm_accuracy_fold1": 0.9607635206786851, "_timestamp": 1657668087, "_runtime": 9, "gbm_nll_fold1": 1.1921136379241943, "gbm_accuracy_fold2": 0.9692470837751855, "gbm_nll_fold2": 1.1890288591384888, "gbm_accuracy_fold3": 0.9798515376458112, "gbm_nll_fold3": 1.1816743612289429, "gbm_accuracy_fold4": 0.9618239660657476, "gbm_nll_fold4": 1.191375970840454, "LightGBM_nll": 1.1885483264923096, "LightGBM_accuracy": 0.9679215270413574, "LightGBM_combo": 0.2206267994509522, "_step": 0, "_wandb": {"runtime": 11}}