{"lsam_accuracy_fold1": 0.576, "_timestamp": 1657529273, "_runtime": 124, "lsam_nll_fold1": 1.3718706369400024, "lsam_accuracy_fold2": 0.48, "lsam_nll_fold2": 1.386839509010315, "lsam_accuracy_fold3": 0.4, "lsam_nll_fold3": 1.4080827236175537, "lsam_accuracy_fold4": 0.376, "lsam_nll_fold4": 1.4025650024414062, "LSAM_nll": 1.3923394680023193, "LSAM_accuracy": 0.45799999999999996, "_step": 0, "_wandb": {"runtime": 124}}