{"gbm_accuracy_fold1": 0.6847826086956522, "_timestamp": 1657630749, "_runtime": 7, "gbm_nll_fold1": 0.974209189414978, "gbm_accuracy_fold2": 0.657608695652174, "gbm_nll_fold2": 0.9408191442489624, "gbm_accuracy_fold3": 0.6032608695652174, "gbm_nll_fold3": 0.9826833009719849, "gbm_accuracy_fold4": 0.657608695652174, "gbm_nll_fold4": 0.8972428441047668, "LightGBM_nll": 0.9487386345863342, "LightGBM_accuracy": 0.6508152173913043, "LightGBM_combo": 0.2979234171950299, "_step": 0, "_wandb": {"runtime": 9}}