{"gbm_accuracy_fold1": 0.9862142099681867, "_timestamp": 1657588024, "_runtime": 7, "gbm_nll_fold1": 0.08519855886697769, "gbm_accuracy_fold2": 0.9915164369034994, "gbm_nll_fold2": 0.054132960736751556, "gbm_accuracy_fold3": 0.985153764581124, "gbm_nll_fold3": 0.08398591727018356, "gbm_accuracy_fold4": 0.9862142099681867, "gbm_nll_fold4": 0.05772916227579117, "LightGBM_nll": 0.070261649787426, "LightGBM_accuracy": 0.9872746553552493, "LightGBM_combo": -0.9170130055678233, "_step": 0, "_wandb": {"runtime": 8}}