{"gbm_accuracy_fold1": 0.9740740740740741, "_timestamp": 1657577426, "_runtime": 6, "gbm_nll_fold1": 0.0943295806646347, "gbm_accuracy_fold2": 0.9962962962962963, "gbm_nll_fold2": 0.03577603027224541, "gbm_accuracy_fold3": 0.9888888888888889, "gbm_nll_fold3": 0.02374202571809292, "gbm_accuracy_fold4": 0.9777777777777777, "gbm_nll_fold4": 0.0630129873752594, "LightGBM_nll": 0.05421515554189682, "LightGBM_accuracy": 0.9842592592592593, "LightGBM_combo": -0.9300441037173625, "_step": 0, "_wandb": {"runtime": 6}}