{"lsam_accuracy_fold1": 0.8222222222222222, "_timestamp": 1657642231, "_runtime": 441, "lsam_nll_fold1": 0.7103290557861328, "lsam_accuracy_fold2": 0.9814814814814815, "lsam_nll_fold2": 0.08739570528268814, "lsam_accuracy_fold3": 0.9444444444444444, "lsam_nll_fold3": 0.3355483412742615, "lsam_accuracy_fold4": 0.9740740740740741, "lsam_nll_fold4": 0.15169833600521088, "LSAM_nll": 0.3212428689002991, "LSAM_accuracy": 0.9305555555555556, "LSAM_combo": -0.6093126866552565, "_step": 0, "_wandb": {"runtime": 441}}