{"gbm_accuracy_fold1": 0.576, "_timestamp": 1657542646, "_runtime": 5, "gbm_nll_fold1": 1.4979472160339355, "gbm_accuracy_fold2": 0.504, "gbm_nll_fold2": 1.4381083250045776, "gbm_accuracy_fold3": 0.592, "gbm_nll_fold3": 1.3514145612716675, "gbm_accuracy_fold4": 0.488, "gbm_nll_fold4": 1.3896801471710205, "LightGBM_nll": 1.4192876815795898, "LightGBM_accuracy": 0.54, "LightGBM_combo": 0.8792876815795898, "_step": 0, "_wandb": {"runtime": 6}}