{"gbm_accuracy_fold1": 0.7925925925925926, "_timestamp": 1657619169, "_runtime": 5, "gbm_nll_fold1": 0.9002862572669983, "gbm_accuracy_fold2": 0.762962962962963, "gbm_nll_fold2": 0.8847127556800842, "gbm_accuracy_fold3": 0.8222222222222222, "gbm_nll_fold3": 0.9565041661262512, "gbm_accuracy_fold4": 0.8074074074074075, "gbm_nll_fold4": 0.8803148865699768, "LightGBM_nll": 0.9054545164108276, "LightGBM_accuracy": 0.7962962962962963, "LightGBM_combo": 0.10915822011453136, "_step": 0, "_wandb": {"runtime": 6}}