{"lsam_accuracy_fold1": 0.6370370370370371, "_timestamp": 1657612883, "_runtime": 358, "lsam_nll_fold1": 1.21946120262146, "lsam_accuracy_fold2": 0.674074074074074, "lsam_nll_fold2": 1.2221969366073608, "lsam_accuracy_fold3": 0.45925925925925926, "lsam_nll_fold3": 1.3168007135391235, "lsam_accuracy_fold4": 0.6666666666666666, "lsam_nll_fold4": 1.1457109451293945, "LSAM_nll": 1.22604238986969, "LSAM_accuracy": 0.6092592592592593, "LSAM_combo": 0.6167831306104307, "_step": 0, "_wandb": {"runtime": 358}}