{"lsam_accuracy_fold1": 0.576, "_timestamp": 1657525891, "_runtime": 259, "lsam_nll_fold1": 1.3719090223312378, "lsam_accuracy_fold2": 0.52, "lsam_nll_fold2": 1.3850780725479126, "lsam_accuracy_fold3": 0.6, "lsam_nll_fold3": 1.3663498163223267, "lsam_accuracy_fold4": 0.376, "lsam_nll_fold4": 1.4941248893737793, "LSAM_nll": 1.4043654203414917, "LSAM_accuracy": 0.518, "_step": 0, "_wandb": {"runtime": 260}}