{"lsam_accuracy_fold1": 0.5440000295639038, "_timestamp": 1657507887, "_runtime": 350, "lsam_nll_fold1": 1.4427478313446045, "lsam_accuracy_fold2": 0.4960000216960907, "lsam_nll_fold2": 1.5251710414886475, "lsam_accuracy_fold3": 0.5440000295639038, "lsam_nll_fold3": 1.5617337226867676, "lsam_accuracy_fold4": 0.6160000562667847, "lsam_nll_fold4": 1.3317646980285645, "LSAM_nll": 1.465354323387146, "LSAM_accuracy": 0.5500000715255737, "_step": 0, "_wandb": {"runtime": 351}}