{"lsam_accuracy_fold1": 0.592391304347826, "_timestamp": 1657627405, "_runtime": 405, "lsam_nll_fold1": 0.9321728944778442, "lsam_accuracy_fold2": 0.6413043478260869, "lsam_nll_fold2": 0.8548624515533447, "lsam_accuracy_fold3": 0.6413043478260869, "lsam_nll_fold3": 0.8776556849479675, "lsam_accuracy_fold4": 0.6793478260869565, "lsam_nll_fold4": 0.7456583976745605, "LSAM_nll": 0.8525873422622681, "LSAM_accuracy": 0.6385869565217391, "LSAM_combo": 0.21400038574052893, "_step": 0, "_wandb": {"runtime": 406}}