{"lsam_accuracy_fold1": 0.9628844114528102, "_timestamp": 1657667143, "_runtime": 256, "lsam_nll_fold1": 0.1989404708147049, "lsam_accuracy_fold2": 0.9819724284199364, "lsam_nll_fold2": 0.12352616339921951, "lsam_accuracy_fold3": 0.9766702014846236, "lsam_nll_fold3": 0.14649400115013123, "lsam_accuracy_fold4": 0.9713679745493107, "lsam_nll_fold4": 0.1919964849948883, "LSAM_nll": 0.16523927450180054, "LSAM_accuracy": 0.9732237539766702, "LSAM_combo": -0.8079844794748696, "_step": 0, "_wandb": {"runtime": 257}}