{"gbm_accuracy_fold1": 0.632, "_timestamp": 1657542906, "_runtime": 5, "gbm_nll_fold1": 1.8124195337295532, "gbm_accuracy_fold2": 0.536, "gbm_nll_fold2": 1.4962036609649658, "gbm_accuracy_fold3": 0.552, "gbm_nll_fold3": 1.5198599100112915, "gbm_accuracy_fold4": 0.552, "gbm_nll_fold4": 1.6520795822143555, "LightGBM_nll": 1.6201406717300415, "LightGBM_accuracy": 0.5680000000000001, "LightGBM_combo": 1.0521406717300414, "_step": 0, "_wandb": {"runtime": 6}}