{"gbm_accuracy_fold1": 0.9872746553552492, "_timestamp": 1657668543, "_runtime": 7, "gbm_nll_fold1": 0.06782956421375275, "gbm_accuracy_fold2": 0.9904559915164369, "gbm_nll_fold2": 0.07283873856067657, "gbm_accuracy_fold3": 0.9883351007423118, "gbm_nll_fold3": 0.125992551445961, "gbm_accuracy_fold4": 0.9946977730646872, "gbm_nll_fold4": 0.04546182230114937, "LightGBM_nll": 0.07803067564964294, "LightGBM_accuracy": 0.9901908801696713, "LightGBM_combo": -0.9121602045200283, "_step": 0, "_wandb": {"runtime": 8}}