{"lsam_accuracy_fold1": 0.528, "_timestamp": 1657526532, "_runtime": 476, "lsam_nll_fold1": 2.496090888977051, "lsam_accuracy_fold2": 0.52, "lsam_nll_fold2": 2.7524640560150146, "lsam_accuracy_fold3": 0.504, "lsam_nll_fold3": 2.5810158252716064, "lsam_accuracy_fold4": 0.592, "lsam_nll_fold4": 1.9692679643630981, "LSAM_nll": 2.44970965385437, "LSAM_accuracy": 0.536, "_step": 0, "_wandb": {"runtime": 477}}