{"gbm_accuracy_fold1": 0.6141304347826086, "_timestamp": 1657563010, "_runtime": 5, "gbm_nll_fold1": 1.1738195419311523, "gbm_accuracy_fold2": 0.6467391304347826, "gbm_nll_fold2": 0.9536157846450806, "gbm_accuracy_fold3": 0.5815217391304348, "gbm_nll_fold3": 1.1373995542526245, "gbm_accuracy_fold4": 0.657608695652174, "gbm_nll_fold4": 1.003816843032837, "LightGBM_nll": 1.0671629905700684, "LightGBM_accuracy": 0.625, "LightGBM_combo": 0.44216299057006836, "_step": 0, "_wandb": {"runtime": 5}}