{"lsam_accuracy_fold1": 0.5440000295639038, "_timestamp": 1657502746, "_runtime": 239, "lsam_nll_fold1": 1.3986064195632935, "lsam_accuracy_fold2": 0.5600000023841858, "lsam_nll_fold2": 1.5078045129776, "lsam_accuracy_fold3": 0.5680000185966492, "lsam_nll_fold3": 1.3944123983383179, "lsam_accuracy_fold4": 0.6080000400543213, "lsam_nll_fold4": 1.3789488077163696, "LSAM_nll": 1.4199429750442505, "LSAM_accuracy": 0.5700000524520874, "_step": 0, "_wandb": {"runtime": 239}}