{"gbm_accuracy_fold1": 0.552, "_timestamp": 1657608283, "_runtime": 6, "gbm_nll_fold1": 1.3861873149871826, "gbm_accuracy_fold2": 0.464, "gbm_nll_fold2": 1.394904613494873, "gbm_accuracy_fold3": 0.464, "gbm_nll_fold3": 1.3886319398880005, "gbm_accuracy_fold4": 0.52, "gbm_nll_fold4": 1.3803675174713135, "LightGBM_nll": 1.3875229358673096, "LightGBM_accuracy": 0.5, "LightGBM_combo": 0.8875229358673096, "_step": 0, "_wandb": {"runtime": 6}}