{"lsam_accuracy_fold1": 0.592, "_timestamp": 1657536828, "_runtime": 346, "lsam_nll_fold1": 1.9240003824234009, "lsam_accuracy_fold2": 0.48, "lsam_nll_fold2": 2.552873373031616, "lsam_accuracy_fold3": 0.528, "lsam_nll_fold3": 3.3736178874969482, "lsam_accuracy_fold4": 0.6, "lsam_nll_fold4": 1.7898838520050049, "LSAM_nll": 2.4100937843322754, "LSAM_accuracy": 0.55, "LSAM_combo": 1.8600937843322753, "_step": 0, "_wandb": {"runtime": 347}}