{"gbm_accuracy_fold1": 0.7185185185185186, "_timestamp": 1657618864, "_runtime": 6, "gbm_nll_fold1": 1.3058652877807617, "gbm_accuracy_fold2": 0.7111111111111111, "gbm_nll_fold2": 1.323110580444336, "gbm_accuracy_fold3": 0.762962962962963, "gbm_nll_fold3": 1.300872564315796, "gbm_accuracy_fold4": 0.7185185185185186, "gbm_nll_fold4": 1.3077069520950317, "LightGBM_nll": 1.3093888759613037, "LightGBM_accuracy": 0.7277777777777779, "LightGBM_combo": 0.5816110981835259, "_step": 0, "_wandb": {"runtime": 7}}