{"gbm_accuracy_fold1": 0.985153764581124, "_timestamp": 1657668205, "_runtime": 8, "gbm_nll_fold1": 0.09435758739709854, "gbm_accuracy_fold2": 0.9925768822905621, "gbm_nll_fold2": 0.06012847647070885, "gbm_accuracy_fold3": 0.9883351007423118, "gbm_nll_fold3": 0.10321587324142456, "gbm_accuracy_fold4": 0.9904559915164369, "gbm_nll_fold4": 0.06283365190029144, "LightGBM_nll": 0.08013390004634857, "LightGBM_accuracy": 0.9891304347826086, "LightGBM_combo": -0.9089965347362601, "_step": 0, "_wandb": {"runtime": 9}}