{"lsam_accuracy_fold1": 0.6847826086956522, "_timestamp": 1657625593, "_runtime": 374, "lsam_nll_fold1": 0.7828122973442078, "lsam_accuracy_fold2": 0.6630434782608695, "lsam_nll_fold2": 0.7664915919303894, "lsam_accuracy_fold3": 0.6304347826086957, "lsam_nll_fold3": 0.8923208117485046, "lsam_accuracy_fold4": 0.6630434782608695, "lsam_nll_fold4": 0.781242311000824, "LSAM_nll": 0.8057167530059814, "LSAM_accuracy": 0.6603260869565217, "LSAM_combo": 0.14539066604945972, "_step": 0, "_wandb": {"runtime": 374}}