{"lsam_accuracy_fold1": 0.060445387062566275, "_timestamp": 1657582271, "_runtime": 593, "lsam_nll_fold1": 1.3930485248565674, "lsam_accuracy_fold2": 0.936373276776246, "lsam_nll_fold2": 1.3674407005310059, "lsam_accuracy_fold3": 0.0689289501590668, "lsam_nll_fold3": 1.4135499000549316, "lsam_accuracy_fold4": 0.051961823966065745, "lsam_nll_fold4": 1.397474765777588, "LSAM_nll": 1.3928784132003784, "LSAM_accuracy": 0.27942735949098624, "LSAM_combo": 1.1134510537093922, "_step": 0, "_wandb": {"runtime": 594}}