{"gbm_accuracy_fold1": 0.7481481481481481, "_timestamp": 1657552839, "_runtime": 5, "gbm_nll_fold1": 0.9034008979797363, "gbm_accuracy_fold2": 0.7925925925925926, "gbm_nll_fold2": 0.8886736035346985, "gbm_accuracy_fold3": 0.7777777777777778, "gbm_nll_fold3": 0.8785843849182129, "gbm_accuracy_fold4": 0.7851851851851852, "gbm_nll_fold4": 0.844065248966217, "LightGBM_nll": 0.8786810040473938, "LightGBM_accuracy": 0.7759259259259259, "LightGBM_combo": 0.10275507812146789, "_step": 0, "_wandb": {"runtime": 6}}