{"lsam_accuracy_fold1": 0.13333333333333333, "_timestamp": 1657567075, "_runtime": 162, "lsam_nll_fold1": 2.1205873489379883, "lsam_accuracy_fold2": 0.08148148148148149, "lsam_nll_fold2": 2.114652156829834, "lsam_accuracy_fold3": 0.14444444444444443, "lsam_nll_fold3": 2.118518352508545, "lsam_accuracy_fold4": 0.12962962962962962, "lsam_nll_fold4": 2.111405849456787, "LSAM_nll": 2.116291046142578, "LSAM_accuracy": 0.12222222222222223, "LSAM_combo": 1.994068823920356, "_step": 0, "_wandb": {"runtime": 163}}