{"lsam_accuracy_fold1": 0.6851851851851852, "_timestamp": 1657567854, "_runtime": 249, "lsam_nll_fold1": 0.8628110289573669, "lsam_accuracy_fold2": 0.5185185185185185, "lsam_nll_fold2": 1.1132097244262695, "lsam_accuracy_fold3": 0.7037037037037037, "lsam_nll_fold3": 0.8481759428977966, "lsam_accuracy_fold4": 0.6222222222222222, "lsam_nll_fold4": 0.9973487854003906, "LSAM_nll": 0.9553864002227783, "LSAM_accuracy": 0.6324074074074074, "LSAM_combo": 0.3229789928153709, "_step": 0, "_wandb": {"runtime": 250}}