{"lsam_accuracy_fold1": 0.576, "_timestamp": 1657542301, "_runtime": 143, "lsam_nll_fold1": 1.3781819343566895, "lsam_accuracy_fold2": 0.48, "lsam_nll_fold2": 1.387585997581482, "lsam_accuracy_fold3": 0.4, "lsam_nll_fold3": 1.3927732706069946, "lsam_accuracy_fold4": 0.376, "lsam_nll_fold4": 1.4081923961639404, "LSAM_nll": 1.3916833400726318, "LSAM_accuracy": 0.45799999999999996, "LSAM_combo": 0.9336833400726319, "_step": 0, "_wandb": {"runtime": 144}}