{"lsam_accuracy_fold1": 0.6148148148148148, "_timestamp": 1657550156, "_runtime": 301, "lsam_nll_fold1": 1.1616719961166382, "lsam_accuracy_fold2": 0.725925925925926, "lsam_nll_fold2": 1.0555063486099243, "lsam_accuracy_fold3": 0.6444444444444445, "lsam_nll_fold3": 1.1301665306091309, "lsam_accuracy_fold4": 0.7407407407407407, "lsam_nll_fold4": 1.16486656665802, "LSAM_nll": 1.128052830696106, "LSAM_accuracy": 0.6814814814814816, "LSAM_combo": 0.4465713492146244, "_step": 0, "_wandb": {"runtime": 302}}