{"gbm_accuracy_fold1": 0.552, "_timestamp": 1657608143, "_runtime": 8, "gbm_nll_fold1": 1.3862578868865967, "gbm_accuracy_fold2": 0.544, "gbm_nll_fold2": 1.3812764883041382, "gbm_accuracy_fold3": 0.56, "gbm_nll_fold3": 1.3823655843734741, "gbm_accuracy_fold4": 0.576, "gbm_nll_fold4": 1.3667421340942383, "LightGBM_nll": 1.3791605234146118, "LightGBM_accuracy": 0.558, "LightGBM_combo": 0.8211605234146118, "_step": 0, "_wandb": {"runtime": 9}}