{"lsam_accuracy_fold1": 0.576, "_timestamp": 1657531127, "_runtime": 201, "lsam_nll_fold1": 1.3858071565628052, "lsam_accuracy_fold2": 0.48, "lsam_nll_fold2": 1.3864123821258545, "lsam_accuracy_fold3": 0.4, "lsam_nll_fold3": 1.4098631143569946, "lsam_accuracy_fold4": 0.376, "lsam_nll_fold4": 1.410943865776062, "LSAM_nll": 1.3982566595077515, "LSAM_accuracy": 0.45799999999999996, "_step": 0, "_wandb": {"runtime": 203}}