{"gbm_accuracy_fold1": 0.6467391304347826, "_timestamp": 1657630837, "_runtime": 8, "gbm_nll_fold1": 0.9661532044410706, "gbm_accuracy_fold2": 0.6521739130434783, "gbm_nll_fold2": 0.9498382210731506, "gbm_accuracy_fold3": 0.5760869565217391, "gbm_nll_fold3": 0.9454625248908997, "gbm_accuracy_fold4": 0.6739130434782609, "gbm_nll_fold4": 0.8515893816947937, "LightGBM_nll": 0.928260862827301, "LightGBM_accuracy": 0.6372282608695652, "LightGBM_combo": 0.29103260195773584, "_step": 0, "_wandb": {"runtime": 9}}