{"lsam_accuracy_fold1": 0.5120000243186951, "_timestamp": 1657509300, "_runtime": 310, "lsam_nll_fold1": 1.4664961099624634, "lsam_accuracy_fold2": 0.4960000216960907, "lsam_nll_fold2": 1.4533034563064575, "lsam_accuracy_fold3": 0.6080000400543213, "lsam_nll_fold3": 1.362826943397522, "lsam_accuracy_fold4": 0.6000000238418579, "lsam_nll_fold4": 1.3887946605682373, "LSAM_nll": 1.4178552627563477, "LSAM_accuracy": 0.5540000200271606, "_step": 0, "_wandb": {"runtime": 311}}