{"gbm_accuracy_fold1": 0.9962962962962963, "_timestamp": 1657577482, "_runtime": 6, "gbm_nll_fold1": 0.02308339811861515, "gbm_accuracy_fold2": 0.9814814814814815, "gbm_nll_fold2": 0.08578966557979584, "gbm_accuracy_fold3": 0.9925925925925926, "gbm_nll_fold3": 0.0216685738414526, "gbm_accuracy_fold4": 0.9703703703703703, "gbm_nll_fold4": 0.09377706795930862, "LightGBM_nll": 0.0560796782374382, "LightGBM_accuracy": 0.9851851851851852, "LightGBM_combo": -0.929105506947747, "_step": 0, "_wandb": {"runtime": 7}}