{"gbm_accuracy_fold1": 0.592, "_timestamp": 1657607902, "_runtime": 5, "gbm_nll_fold1": 1.428553819656372, "gbm_accuracy_fold2": 0.504, "gbm_nll_fold2": 1.5347121953964233, "gbm_accuracy_fold3": 0.576, "gbm_nll_fold3": 1.3730723857879639, "gbm_accuracy_fold4": 0.504, "gbm_nll_fold4": 1.3981398344039917, "LightGBM_nll": 1.433619499206543, "LightGBM_accuracy": 0.544, "LightGBM_combo": 0.8896194992065429, "_step": 0, "_wandb": {"runtime": 7}}