{"gbm_accuracy_fold1": 0.592, "_timestamp": 1657608025, "_runtime": 11, "gbm_nll_fold1": 1.3862813711166382, "gbm_accuracy_fold2": 0.488, "gbm_nll_fold2": 1.3853836059570312, "gbm_accuracy_fold3": 0.504, "gbm_nll_fold3": 1.3831560611724854, "gbm_accuracy_fold4": 0.624, "gbm_nll_fold4": 1.3801425695419312, "LightGBM_nll": 1.383741021156311, "LightGBM_accuracy": 0.552, "LightGBM_combo": 0.831741021156311, "_step": 0, "_wandb": {"runtime": 12}}