{"lsam_accuracy_fold1": 0.6304347826086957, "_timestamp": 1657624774, "_runtime": 361, "lsam_nll_fold1": 0.8501120805740356, "lsam_accuracy_fold2": 0.6358695652173914, "lsam_nll_fold2": 0.857234537601471, "lsam_accuracy_fold3": 0.6684782608695652, "lsam_nll_fold3": 0.865414023399353, "lsam_accuracy_fold4": 0.6141304347826086, "lsam_nll_fold4": 0.8414745330810547, "LSAM_nll": 0.8535587787628174, "LSAM_accuracy": 0.6372282608695652, "LSAM_combo": 0.2163305178932522, "_step": 0, "_wandb": {"runtime": 362}}