{"gbm_accuracy_fold1": 0.576, "_timestamp": 1657518809, "_runtime": 5, "gbm_nll_fold1": 1.3488450050354004, "gbm_accuracy_fold2": 0.544, "gbm_nll_fold2": 1.5275580883026123, "gbm_accuracy_fold3": 0.608, "gbm_nll_fold3": 1.5015242099761963, "gbm_accuracy_fold4": 0.512, "gbm_nll_fold4": 1.4536826610565186, "LightGBM_nll": 1.457902431488037, "LightGBM_accuracy": 0.56, "_step": 0, "_wandb": {"runtime": 7}}