{"lsam_accuracy_fold1": 0.9395546129374337, "_timestamp": 1657664286, "_runtime": 340, "lsam_nll_fold1": 0.3003225028514862, "lsam_accuracy_fold2": 0.9501590668080594, "lsam_nll_fold2": 0.4066149890422821, "lsam_accuracy_fold3": 0.9427359490986215, "lsam_nll_fold3": 0.3222476541996002, "lsam_accuracy_fold4": 0.9639448568398727, "lsam_nll_fold4": 0.18770979344844818, "LSAM_nll": 0.3042237460613251, "LSAM_accuracy": 0.9490986214209969, "LSAM_combo": -0.6448748753596718, "_step": 0, "_wandb": {"runtime": 342}}