{"lsam_accuracy_fold1": 0.576, "_timestamp": 1657601602, "_runtime": 176, "lsam_nll_fold1": 1.381833553314209, "lsam_accuracy_fold2": 0.48, "lsam_nll_fold2": 1.3864294290542603, "lsam_accuracy_fold3": 0.4, "lsam_nll_fold3": 1.4873119592666626, "lsam_accuracy_fold4": 0.376, "lsam_nll_fold4": 1.391595482826233, "LSAM_nll": 1.411792516708374, "LSAM_accuracy": 0.45799999999999996, "LSAM_combo": 0.9537925167083741, "_step": 0, "_wandb": {"runtime": 177}}