{"gbm_accuracy_fold1": 0.7925925925925926, "_timestamp": 1657552531, "_runtime": 5, "gbm_nll_fold1": 1.0417640209197998, "gbm_accuracy_fold2": 0.837037037037037, "gbm_nll_fold2": 0.8960756063461304, "gbm_accuracy_fold3": 0.7481481481481481, "gbm_nll_fold3": 0.9955862164497375, "gbm_accuracy_fold4": 0.762962962962963, "gbm_nll_fold4": 0.8886621594429016, "LightGBM_nll": 0.9555220007896423, "LightGBM_accuracy": 0.7851851851851852, "LightGBM_combo": 0.17033681560445713, "_step": 0, "_wandb": {"runtime": 6}}