{"lsam_accuracy_fold1": 0.576, "_timestamp": 1657596470, "_runtime": 204, "lsam_nll_fold1": 1.3686448335647583, "lsam_accuracy_fold2": 0.48, "lsam_nll_fold2": 1.3904038667678833, "lsam_accuracy_fold3": 0.6, "lsam_nll_fold3": 1.3591433763504028, "lsam_accuracy_fold4": 0.376, "lsam_nll_fold4": 1.4225293397903442, "LSAM_nll": 1.3851803541183472, "LSAM_accuracy": 0.508, "LSAM_combo": 0.8771803541183472, "_step": 0, "_wandb": {"runtime": 204}}