{"gbm_accuracy_fold1": 0.7777777777777778, "_timestamp": 1657552817, "_runtime": 5, "gbm_nll_fold1": 1.040345311164856, "gbm_accuracy_fold2": 0.7851851851851852, "gbm_nll_fold2": 0.8964458107948303, "gbm_accuracy_fold3": 0.8, "gbm_nll_fold3": 0.9922084808349609, "gbm_accuracy_fold4": 0.8148148148148148, "gbm_nll_fold4": 0.8273900151252747, "LightGBM_nll": 0.9390974044799805, "LightGBM_accuracy": 0.7944444444444445, "LightGBM_combo": 0.14465296003553596, "_step": 0, "_wandb": {"runtime": 6}}