{"lsam_accuracy_fold1": 0.5185185185185185, "_timestamp": 1657611715, "_runtime": 505, "lsam_nll_fold1": 1.385165810585022, "lsam_accuracy_fold2": 0.674074074074074, "lsam_nll_fold2": 1.2537226676940918, "lsam_accuracy_fold3": 0.42962962962962964, "lsam_nll_fold3": 1.3871979713439941, "lsam_accuracy_fold4": 0.725925925925926, "lsam_nll_fold4": 1.1986370086669922, "LSAM_nll": 1.3061808347702026, "LSAM_accuracy": 0.587037037037037, "LSAM_combo": 0.7191437977331656, "_step": 0, "_wandb": {"runtime": 506}}