{"gbm_accuracy_fold1": 0.9819724284199364, "_timestamp": 1657667930, "_runtime": 16, "gbm_nll_fold1": 0.1988706737756729, "gbm_accuracy_fold2": 0.9830328738069989, "gbm_nll_fold2": 0.19391556084156036, "gbm_accuracy_fold3": 0.9798515376458112, "gbm_nll_fold3": 0.19872336089611053, "gbm_accuracy_fold4": 0.9819724284199364, "gbm_nll_fold4": 0.19137558341026306, "LightGBM_nll": 0.19572129845619202, "LightGBM_accuracy": 0.9817073170731706, "LightGBM_combo": -0.7859860186169786, "_step": 0, "_wandb": {"runtime": 17}}