{"lsam_accuracy_fold1": 0.27717391304347827, "_timestamp": 1657622585, "_runtime": 366, "lsam_nll_fold1": 1.670176386833191, "lsam_accuracy_fold2": 0.22826086956521738, "lsam_nll_fold2": 1.68928062915802, "lsam_accuracy_fold3": 0.44565217391304346, "lsam_nll_fold3": 1.3370800018310547, "lsam_accuracy_fold4": 0.1793478260869565, "lsam_nll_fold4": 1.6910454034805298, "LSAM_nll": 1.5968955755233765, "LSAM_accuracy": 0.2826086956521739, "LSAM_combo": 1.3142868798712026, "_step": 0, "_wandb": {"runtime": 367}}