{"gbm_accuracy_fold1": 0.7703703703703704, "_timestamp": 1657536135, "_runtime": 5, "gbm_nll_fold1": 0.9039903879165649, "gbm_accuracy_fold2": 0.762962962962963, "gbm_nll_fold2": 0.8699129223823547, "gbm_accuracy_fold3": 0.7777777777777778, "gbm_nll_fold3": 0.9274451732635498, "gbm_accuracy_fold4": 0.8, "gbm_nll_fold4": 0.8506842851638794, "LightGBM_nll": 0.8880082368850708, "LightGBM_accuracy": 0.7777777777777777, "LightGBM_combo": 0.11023045910729312, "_step": 0, "_wandb": {"runtime": 7}}