{"lsam_accuracy_fold1": 0.13333333333333333, "_timestamp": 1657640016, "_runtime": 507, "lsam_nll_fold1": 2.119154214859009, "lsam_accuracy_fold2": 0.9481481481481482, "lsam_nll_fold2": 0.2772361934185028, "lsam_accuracy_fold3": 0.9481481481481482, "lsam_nll_fold3": 0.18281026184558868, "lsam_accuracy_fold4": 0.12962962962962962, "lsam_nll_fold4": 2.115567207336426, "LSAM_nll": 1.173691987991333, "LSAM_accuracy": 0.5398148148148149, "LSAM_combo": 0.6338771731765181, "_step": 0, "_wandb": {"runtime": 508}}