{"gbm_accuracy_fold1": 0.9777777777777777, "_timestamp": 1657643936, "_runtime": 8, "gbm_nll_fold1": 0.06647712737321854, "gbm_accuracy_fold2": 0.9888888888888889, "gbm_nll_fold2": 0.05203194171190262, "gbm_accuracy_fold3": 0.9888888888888889, "gbm_nll_fold3": 0.024256901815533638, "gbm_accuracy_fold4": 0.9740740740740741, "gbm_nll_fold4": 0.07599302381277084, "LightGBM_nll": 0.05468975007534027, "LightGBM_accuracy": 0.9824074074074074, "LightGBM_combo": -0.9277176573320671, "_step": 0, "_wandb": {"runtime": 9}}