{"gbm_accuracy_fold1": 0.7333333333333333, "_timestamp": 1657552955, "_runtime": 6, "gbm_nll_fold1": 1.0002814531326294, "gbm_accuracy_fold2": 0.8222222222222222, "gbm_nll_fold2": 0.8769412636756897, "gbm_accuracy_fold3": 0.762962962962963, "gbm_nll_fold3": 0.9742705225944519, "gbm_accuracy_fold4": 0.7481481481481481, "gbm_nll_fold4": 0.9667914509773254, "LightGBM_nll": 0.9545711874961853, "LightGBM_accuracy": 0.7666666666666666, "LightGBM_combo": 0.1879045208295187, "_step": 0, "_wandb": {"runtime": 7}}