{"lsam_accuracy_fold1": 0.14673913043478262, "_timestamp": 1657555290, "_runtime": 516, "lsam_nll_fold1": 1.6910165548324585, "lsam_accuracy_fold2": 0.15217391304347827, "lsam_nll_fold2": 1.695387840270996, "lsam_accuracy_fold3": 0.14130434782608695, "lsam_nll_fold3": 1.6810171604156494, "lsam_accuracy_fold4": 0.1358695652173913, "lsam_nll_fold4": 1.6929073333740234, "LSAM_nll": 1.690082311630249, "LSAM_accuracy": 0.14402173913043476, "LSAM_combo": 1.5460605724998142, "_step": 0, "_wandb": {"runtime": 517}}