{"gbm_accuracy_fold1": 0.6413043478260869, "_timestamp": 1657563120, "_runtime": 6, "gbm_nll_fold1": 0.9579163789749146, "gbm_accuracy_fold2": 0.6847826086956522, "gbm_nll_fold2": 0.9109248518943787, "gbm_accuracy_fold3": 0.6793478260869565, "gbm_nll_fold3": 0.9257544279098511, "gbm_accuracy_fold4": 0.6413043478260869, "gbm_nll_fold4": 0.9427924752235413, "LightGBM_nll": 0.9343470335006714, "LightGBM_accuracy": 0.6616847826086957, "LightGBM_combo": 0.2726622508919757, "_step": 0, "_wandb": {"runtime": 7}}