{"gbm_accuracy_fold1": 0.6684782608695652, "_timestamp": 1657630573, "_runtime": 12, "gbm_nll_fold1": 1.3105175495147705, "gbm_accuracy_fold2": 0.625, "gbm_nll_fold2": 1.3560177087783813, "gbm_accuracy_fold3": 0.5869565217391305, "gbm_nll_fold3": 1.3674408197402954, "gbm_accuracy_fold4": 0.6358695652173914, "gbm_nll_fold4": 1.3056846857070923, "LightGBM_nll": 1.3349151611328125, "LightGBM_accuracy": 0.6290760869565217, "LightGBM_combo": 0.7058390741762908, "_step": 0, "_wandb": {"runtime": 13}}