{"gbm_accuracy_fold1": 0.625, "_timestamp": 1657562966, "_runtime": 6, "gbm_nll_fold1": 1.0299943685531616, "gbm_accuracy_fold2": 0.6684782608695652, "gbm_nll_fold2": 0.81512451171875, "gbm_accuracy_fold3": 0.6358695652173914, "gbm_nll_fold3": 1.0305678844451904, "gbm_accuracy_fold4": 0.7065217391304348, "gbm_nll_fold4": 0.7940484881401062, "LightGBM_nll": 0.9174337983131409, "LightGBM_accuracy": 0.6589673913043479, "LightGBM_combo": 0.258466407008793, "_step": 0, "_wandb": {"runtime": 6}}