{"gbm_accuracy_fold1": 0.6467391304347826, "_timestamp": 1657630792, "_runtime": 7, "gbm_nll_fold1": 1.1671502590179443, "gbm_accuracy_fold2": 0.6195652173913043, "gbm_nll_fold2": 1.1922805309295654, "gbm_accuracy_fold3": 0.5434782608695652, "gbm_nll_fold3": 1.208680272102356, "gbm_accuracy_fold4": 0.657608695652174, "gbm_nll_fold4": 1.1575567722320557, "LightGBM_nll": 1.1814169883728027, "LightGBM_accuracy": 0.6168478260869565, "LightGBM_combo": 0.5645691622858462, "_step": 0, "_wandb": {"runtime": 8}}