{"gbm_accuracy_fold1": 0.608, "_timestamp": 1657518745, "_runtime": 6, "gbm_nll_fold1": 1.3577911853790283, "gbm_accuracy_fold2": 0.576, "gbm_nll_fold2": 1.4739741086959839, "gbm_accuracy_fold3": 0.616, "gbm_nll_fold3": 1.3293697834014893, "gbm_accuracy_fold4": 0.552, "gbm_nll_fold4": 1.36776864528656, "LightGBM_nll": 1.3822258710861206, "LightGBM_accuracy": 0.588, "_step": 0, "_wandb": {"runtime": 7}}