{"lsam_accuracy_fold1": 0.9384941675503712, "_timestamp": 1657584464, "_runtime": 111, "lsam_nll_fold1": 0.4784867763519287, "lsam_accuracy_fold2": 0.855779427359491, "lsam_nll_fold2": 1.0282169580459595, "lsam_accuracy_fold3": 0.9331919406150583, "lsam_nll_fold3": 0.5542705059051514, "lsam_accuracy_fold4": 0.9554612937433722, "lsam_nll_fold4": 0.7312003970146179, "LSAM_nll": 0.6980436444282532, "LSAM_accuracy": 0.9207317073170731, "LSAM_combo": -0.22268806288881993, "_step": 0, "_wandb": {"runtime": 113}}