{"lsam_accuracy_fold1": 0.48148148148148145, "_timestamp": 1657614850, "_runtime": 192, "lsam_nll_fold1": 1.3894915580749512, "lsam_accuracy_fold2": 0.3925925925925926, "lsam_nll_fold2": 1.394824743270874, "lsam_accuracy_fold3": 0.5703703703703704, "lsam_nll_fold3": 1.3837580680847168, "lsam_accuracy_fold4": 0.3851851851851852, "lsam_nll_fold4": 1.4111826419830322, "LSAM_nll": 1.3948142528533936, "LSAM_accuracy": 0.4574074074074074, "LSAM_combo": 0.9374068454459862, "_step": 0, "_wandb": {"runtime": 193}}