{"gbm_accuracy_fold1": 0.7185185185185186, "_timestamp": 1657536003, "_runtime": 5, "gbm_nll_fold1": 1.0176420211791992, "gbm_accuracy_fold2": 0.7777777777777778, "gbm_nll_fold2": 0.8629559278488159, "gbm_accuracy_fold3": 0.7703703703703704, "gbm_nll_fold3": 0.9228934049606323, "gbm_accuracy_fold4": 0.8, "gbm_nll_fold4": 0.8408799171447754, "LightGBM_nll": 0.9110928177833557, "LightGBM_accuracy": 0.7666666666666666, "LightGBM_combo": 0.1444261511166891, "_step": 0, "_wandb": {"runtime": 7}}