{"lsam_accuracy_fold1": 0.6, "_timestamp": 1657600608, "_runtime": 742, "lsam_nll_fold1": 3.1595523357391357, "lsam_accuracy_fold2": 0.544, "lsam_nll_fold2": 2.7646336555480957, "lsam_accuracy_fold3": 0.6, "lsam_nll_fold3": 1.3727707862854004, "lsam_accuracy_fold4": 0.68, "lsam_nll_fold4": 1.3224830627441406, "LSAM_nll": 2.154860019683838, "LSAM_accuracy": 0.6060000000000001, "LSAM_combo": 1.5488600196838378, "_step": 0, "_wandb": {"runtime": 742}}