{"lsam_accuracy_fold1": 0.657608695652174, "_timestamp": 1657557698, "_runtime": 319, "lsam_nll_fold1": 0.8633838295936584, "lsam_accuracy_fold2": 0.5815217391304348, "lsam_nll_fold2": 0.8948804140090942, "lsam_accuracy_fold3": 0.5706521739130435, "lsam_nll_fold3": 0.9656100869178772, "lsam_accuracy_fold4": 0.6195652173913043, "lsam_nll_fold4": 0.8079469203948975, "LSAM_nll": 0.8829553127288818, "LSAM_accuracy": 0.6073369565217391, "LSAM_combo": 0.2756183562071427, "_step": 0, "_wandb": {"runtime": 320}}