{"lsam_accuracy_fold1": 0.9798515376458112, "_timestamp": 1657587927, "_runtime": 170, "lsam_nll_fold1": 0.14538507163524628, "lsam_accuracy_fold2": 0.9724284199363733, "lsam_nll_fold2": 0.15777887403964996, "lsam_accuracy_fold3": 0.9660657476139979, "lsam_nll_fold3": 0.18752416968345642, "lsam_accuracy_fold4": 0.9703075291622482, "lsam_nll_fold4": 0.18683156371116638, "LSAM_nll": 0.16937991976737976, "LSAM_accuracy": 0.9721633085896076, "LSAM_combo": -0.8027833888222279, "_step": 0, "_wandb": {"runtime": 171}}