{"lsam_accuracy_fold1": 0.576, "_timestamp": 1657604187, "_runtime": 363, "lsam_nll_fold1": 1.3859761953353882, "lsam_accuracy_fold2": 0.48, "lsam_nll_fold2": 1.3891443014144897, "lsam_accuracy_fold3": 0.6, "lsam_nll_fold3": 1.3758567571640015, "lsam_accuracy_fold4": 0.632, "lsam_nll_fold4": 1.3446745872497559, "LSAM_nll": 1.3739129304885864, "LSAM_accuracy": 0.5720000000000001, "LSAM_combo": 0.8019129304885864, "_step": 0, "_wandb": {"runtime": 364}}