{"gbm_accuracy_fold1": 0.7333333333333333, "_timestamp": 1657619191, "_runtime": 5, "gbm_nll_fold1": 1.045221209526062, "gbm_accuracy_fold2": 0.8148148148148148, "gbm_nll_fold2": 0.7371306419372559, "gbm_accuracy_fold3": 0.7925925925925926, "gbm_nll_fold3": 0.80684894323349, "gbm_accuracy_fold4": 0.8074074074074075, "gbm_nll_fold4": 0.8575164079666138, "LightGBM_nll": 0.8616793155670166, "LightGBM_accuracy": 0.787037037037037, "LightGBM_combo": 0.07464227852997962, "_step": 0, "_wandb": {"runtime": 6}}