{"gbm_accuracy_fold1": 0.488, "_timestamp": 1657535650, "_runtime": 5, "gbm_nll_fold1": 1.3812932968139648, "gbm_accuracy_fold2": 0.528, "gbm_nll_fold2": 1.3974040746688843, "gbm_accuracy_fold3": 0.584, "gbm_nll_fold3": 1.3799737691879272, "gbm_accuracy_fold4": 0.536, "gbm_nll_fold4": 1.377045750617981, "LightGBM_nll": 1.3839292526245117, "LightGBM_accuracy": 0.534, "_step": 0, "_wandb": {"runtime": 6}}