{"gbm_accuracy_fold1": 0.9962962962962963, "_timestamp": 1657577305, "_runtime": 6, "gbm_nll_fold1": 0.027889572083950043, "gbm_accuracy_fold2": 0.9851851851851852, "gbm_nll_fold2": 0.07208582013845444, "gbm_accuracy_fold3": 0.9925925925925926, "gbm_nll_fold3": 0.02314210869371891, "gbm_accuracy_fold4": 0.9888888888888889, "gbm_nll_fold4": 0.04342997074127197, "LightGBM_nll": 0.0416368693113327, "LightGBM_accuracy": 0.9907407407407407, "LightGBM_combo": -0.949103871429408, "_step": 0, "_wandb": {"runtime": 7}}