{"lsam_accuracy_fold1": 0.6413043478260869, "_timestamp": 1657556489, "_runtime": 293, "lsam_nll_fold1": 0.8151146769523621, "lsam_accuracy_fold2": 0.6032608695652174, "lsam_nll_fold2": 0.9456415176391602, "lsam_accuracy_fold3": 0.5543478260869565, "lsam_nll_fold3": 0.9853308200836182, "lsam_accuracy_fold4": 0.6413043478260869, "lsam_nll_fold4": 0.8201770186424255, "LSAM_nll": 0.8915660381317139, "LSAM_accuracy": 0.6100543478260869, "LSAM_combo": 0.28151169030562695, "_step": 0, "_wandb": {"runtime": 294}}