{"gbm_accuracy_fold1": 0.56, "_timestamp": 1657519005, "_runtime": 6, "gbm_nll_fold1": 1.3892024755477905, "gbm_accuracy_fold2": 0.544, "gbm_nll_fold2": 1.5339434146881104, "gbm_accuracy_fold3": 0.592, "gbm_nll_fold3": 1.8222057819366455, "gbm_accuracy_fold4": 0.6, "gbm_nll_fold4": 1.397455096244812, "LightGBM_nll": 1.5357017517089844, "LightGBM_accuracy": 0.5740000000000001, "_step": 0, "_wandb": {"runtime": 6}}