{"gbm_accuracy_fold1": 0.544, "_timestamp": 1657518895, "_runtime": 4, "gbm_nll_fold1": 1.4312665462493896, "gbm_accuracy_fold2": 0.56, "gbm_nll_fold2": 1.439298391342163, "gbm_accuracy_fold3": 0.552, "gbm_nll_fold3": 1.6342262029647827, "gbm_accuracy_fold4": 0.52, "gbm_nll_fold4": 1.4618000984191895, "LightGBM_nll": 1.4916478395462036, "LightGBM_accuracy": 0.544, "_step": 0, "_wandb": {"runtime": 6}}