{"lsam_accuracy_fold1": 0.060445387062566275, "_timestamp": 1657582467, "_runtime": 178, "lsam_nll_fold1": 1.3953965902328491, "lsam_accuracy_fold2": 0.936373276776246, "lsam_nll_fold2": 1.367000937461853, "lsam_accuracy_fold3": 0.9310710498409331, "lsam_nll_fold3": 1.38347327709198, "lsam_accuracy_fold4": 0.9480381760339343, "lsam_nll_fold4": 1.3718736171722412, "LSAM_nll": 1.3794360160827637, "LSAM_accuracy": 0.7189819724284199, "LSAM_combo": 0.6604540436543438, "_step": 0, "_wandb": {"runtime": 178}}