{"lsam_accuracy_fold1": 0.9777306468716861, "_timestamp": 1657667891, "_runtime": 179, "lsam_nll_fold1": 0.12091244757175446, "lsam_accuracy_fold2": 0.9766702014846236, "lsam_nll_fold2": 0.12934018671512604, "lsam_accuracy_fold3": 0.975609756097561, "lsam_nll_fold3": 0.11701823770999908, "lsam_accuracy_fold4": 0.9745493107104984, "lsam_nll_fold4": 0.13810086250305176, "LSAM_nll": 0.12634293735027313, "LSAM_accuracy": 0.9761399787910923, "LSAM_combo": -0.8497970414408191, "_step": 0, "_wandb": {"runtime": 180}}