{"lsam_accuracy_fold1": 0.536, "_timestamp": 1657606890, "_runtime": 362, "lsam_nll_fold1": 1.4725189208984375, "lsam_accuracy_fold2": 0.528, "lsam_nll_fold2": 1.438438892364502, "lsam_accuracy_fold3": 0.56, "lsam_nll_fold3": 1.3718069791793823, "lsam_accuracy_fold4": 0.6, "lsam_nll_fold4": 1.3496367931365967, "LSAM_nll": 1.4081003665924072, "LSAM_accuracy": 0.556, "LSAM_combo": 0.8521003665924072, "_step": 0, "_wandb": {"runtime": 363}}