{"lsam_accuracy_fold1": 0.424, "_timestamp": 1657607570, "_runtime": 214, "lsam_nll_fold1": 1.3878940343856812, "lsam_accuracy_fold2": 0.52, "lsam_nll_fold2": 1.3855611085891724, "lsam_accuracy_fold3": 0.4, "lsam_nll_fold3": 1.3943424224853516, "lsam_accuracy_fold4": 0.624, "lsam_nll_fold4": 1.3776494264602661, "LSAM_nll": 1.3863617181777954, "LSAM_accuracy": 0.492, "LSAM_combo": 0.8943617181777954, "_step": 0, "_wandb": {"runtime": 215}}