{"lsam_accuracy_fold1": 0.6358695652173914, "_timestamp": 1657629063, "_runtime": 367, "lsam_nll_fold1": 0.8293682932853699, "lsam_accuracy_fold2": 0.6141304347826086, "lsam_nll_fold2": 0.8531114459037781, "lsam_accuracy_fold3": 0.5869565217391305, "lsam_nll_fold3": 0.9790371060371399, "lsam_accuracy_fold4": 0.625, "lsam_nll_fold4": 0.7931593060493469, "LSAM_nll": 0.8636690378189087, "LSAM_accuracy": 0.6154891304347826, "LSAM_combo": 0.2481799073841261, "_step": 0, "_wandb": {"runtime": 367}}