{"lsam_accuracy_fold1": 0.424, "_timestamp": 1657541960, "_runtime": 152, "lsam_nll_fold1": 1.390637993812561, "lsam_accuracy_fold2": 0.52, "lsam_nll_fold2": 1.385549545288086, "lsam_accuracy_fold3": 0.6, "lsam_nll_fold3": 1.3483197689056396, "lsam_accuracy_fold4": 0.624, "lsam_nll_fold4": 1.3399145603179932, "LSAM_nll": 1.366105318069458, "LSAM_accuracy": 0.542, "LSAM_combo": 0.824105318069458, "_step": 0, "_wandb": {"runtime": 153}}