{"gbm_accuracy_fold1": 0.6195652173913043, "_timestamp": 1657630955, "_runtime": 9, "gbm_nll_fold1": 0.9669756293296814, "gbm_accuracy_fold2": 0.6739130434782609, "gbm_nll_fold2": 0.9315385818481445, "gbm_accuracy_fold3": 0.6086956521739131, "gbm_nll_fold3": 0.910488486289978, "gbm_accuracy_fold4": 0.657608695652174, "gbm_nll_fold4": 0.9091517329216003, "LightGBM_nll": 0.9295386672019958, "LightGBM_accuracy": 0.6399456521739131, "LightGBM_combo": 0.28959301502808277, "_step": 0, "_wandb": {"runtime": 10}}