{"gbm_accuracy_fold1": 0.6, "_timestamp": 1657542800, "_runtime": 5, "gbm_nll_fold1": 1.3771684169769287, "gbm_accuracy_fold2": 0.528, "gbm_nll_fold2": 2.062943696975708, "gbm_accuracy_fold3": 0.592, "gbm_nll_fold3": 1.5064001083374023, "gbm_accuracy_fold4": 0.576, "gbm_nll_fold4": 1.3207354545593262, "LightGBM_nll": 1.5668119192123413, "LightGBM_accuracy": 0.5740000000000001, "LightGBM_combo": 0.9928119192123412, "_step": 0, "_wandb": {"runtime": 6}}