{"lsam_accuracy_fold1": 0.576, "_timestamp": 1657520691, "_runtime": 248, "lsam_nll_fold1": 15.620738983154297, "lsam_accuracy_fold2": 0.52, "lsam_nll_fold2": 17.683856964111328, "lsam_accuracy_fold3": 0.6, "lsam_nll_fold3": 14.73654556274414, "lsam_accuracy_fold4": 0.376, "lsam_nll_fold4": 22.989011764526367, "LSAM_nll": 17.757537841796875, "LSAM_accuracy": 0.518, "_step": 0, "_wandb": {"runtime": 249}}