{"lsam_accuracy_fold1": 0.6195652173913043, "_timestamp": 1657559153, "_runtime": 299, "lsam_nll_fold1": 0.9426112771034241, "lsam_accuracy_fold2": 0.6630434782608695, "lsam_nll_fold2": 0.9222085475921631, "lsam_accuracy_fold3": 0.6521739130434783, "lsam_nll_fold3": 1.0373929738998413, "lsam_accuracy_fold4": 0.6793478260869565, "lsam_nll_fold4": 0.8611682653427124, "LSAM_nll": 0.940845251083374, "LSAM_accuracy": 0.6535326086956521, "LSAM_combo": 0.2873126423877219, "_step": 0, "_wandb": {"runtime": 300}}