{"lsam_accuracy_fold1": 0.9703075291622482, "_timestamp": 1657580177, "_runtime": 261, "lsam_nll_fold1": 0.31338420510292053, "lsam_accuracy_fold2": 0.9522799575821845, "lsam_nll_fold2": 0.23891738057136536, "lsam_accuracy_fold3": 0.9639448568398727, "lsam_nll_fold3": 0.17925724387168884, "lsam_accuracy_fold4": 0.9448568398727466, "lsam_nll_fold4": 0.24729804694652557, "LSAM_nll": 0.24471421539783478, "LSAM_accuracy": 0.9578472958642631, "LSAM_combo": -0.7131330804664283, "_step": 0, "_wandb": {"runtime": 261}}