{"gbm_accuracy_fold1": 0.9830328738069989, "_timestamp": 1657668458, "_runtime": 8, "gbm_nll_fold1": 0.07643399387598038, "gbm_accuracy_fold2": 0.9809119830328739, "gbm_nll_fold2": 0.12256214767694473, "gbm_accuracy_fold3": 0.9872746553552492, "gbm_nll_fold3": 0.07028312981128693, "gbm_accuracy_fold4": 0.9798515376458112, "gbm_nll_fold4": 0.1139497309923172, "LightGBM_nll": 0.09580725431442261, "LightGBM_accuracy": 0.9827677624602333, "LightGBM_combo": -0.8869605081458107, "_step": 0, "_wandb": {"runtime": 7}}