{"gbm_accuracy_fold1": 0.592, "_timestamp": 1657519026, "_runtime": 5, "gbm_nll_fold1": 1.8246241807937622, "gbm_accuracy_fold2": 0.488, "gbm_nll_fold2": 2.0587735176086426, "gbm_accuracy_fold3": 0.56, "gbm_nll_fold3": 1.4665818214416504, "gbm_accuracy_fold4": 0.52, "gbm_nll_fold4": 1.4474431276321411, "LightGBM_nll": 1.6993556022644043, "LightGBM_accuracy": 0.54, "_step": 0, "_wandb": {"runtime": 6}}