{"gbm_accuracy_fold1": 0.536, "_timestamp": 1657518918, "_runtime": 5, "gbm_nll_fold1": 1.5013333559036255, "gbm_accuracy_fold2": 0.536, "gbm_nll_fold2": 1.4354764223098755, "gbm_accuracy_fold3": 0.608, "gbm_nll_fold3": 1.6692805290222168, "gbm_accuracy_fold4": 0.528, "gbm_nll_fold4": 1.5429404973983765, "LightGBM_nll": 1.5372577905654907, "LightGBM_accuracy": 0.552, "_step": 0, "_wandb": {"runtime": 7}}