{"lsam_accuracy_fold1": 0.5760000348091125, "_timestamp": 1657509800, "_runtime": 242, "lsam_nll_fold1": 1.366357445716858, "lsam_accuracy_fold2": 0.48000001907348633, "lsam_nll_fold2": 1.3866913318634033, "lsam_accuracy_fold3": 0.4000000059604645, "lsam_nll_fold3": 1.4320225715637207, "lsam_accuracy_fold4": 0.3760000169277191, "lsam_nll_fold4": 1.3921668529510498, "LSAM_nll": 1.3943095207214355, "LSAM_accuracy": 0.4580000042915344, "_step": 0, "_wandb": {"runtime": 243}}