{"gbm_accuracy_fold1": 0.8, "_timestamp": 1657552461, "_runtime": 6, "gbm_nll_fold1": 1.1578710079193115, "gbm_accuracy_fold2": 0.7777777777777778, "gbm_nll_fold2": 0.9257708191871643, "gbm_accuracy_fold3": 0.7851851851851852, "gbm_nll_fold3": 0.9594330787658691, "gbm_accuracy_fold4": 0.762962962962963, "gbm_nll_fold4": 0.9397044777870178, "LightGBM_nll": 0.9956948161125183, "LightGBM_accuracy": 0.7814814814814816, "LightGBM_combo": 0.21421333463103676, "_step": 0, "_wandb": {"runtime": 7}}