{"gbm_accuracy_fold1": 0.6032608695652174, "_timestamp": 1657562804, "_runtime": 5, "gbm_nll_fold1": 1.1801002025604248, "gbm_accuracy_fold2": 0.6902173913043478, "gbm_nll_fold2": 0.8742098808288574, "gbm_accuracy_fold3": 0.592391304347826, "gbm_nll_fold3": 0.9098891615867615, "gbm_accuracy_fold4": 0.6847826086956522, "gbm_nll_fold4": 0.7994678616523743, "LightGBM_nll": 0.9409167766571045, "LightGBM_accuracy": 0.6426630434782609, "LightGBM_combo": 0.2982537331788436, "_step": 0, "_wandb": {"runtime": 7}}