{"gbm_accuracy_fold1": 0.6195652173913043, "_timestamp": 1657630543, "_runtime": 7, "gbm_nll_fold1": 1.1740853786468506, "gbm_accuracy_fold2": 0.5543478260869565, "gbm_nll_fold2": 1.2056909799575806, "gbm_accuracy_fold3": 0.532608695652174, "gbm_nll_fold3": 1.230624794960022, "gbm_accuracy_fold4": 0.6902173913043478, "gbm_nll_fold4": 1.120044469833374, "LightGBM_nll": 1.1826114654541016, "LightGBM_accuracy": 0.5991847826086956, "LightGBM_combo": 0.583426682845406, "_step": 0, "_wandb": {"runtime": 8}}