{"gbm_accuracy_fold1": 0.9740740740740741, "_timestamp": 1657643542, "_runtime": 14, "gbm_nll_fold1": 0.09625279158353806, "gbm_accuracy_fold2": 0.9333333333333333, "gbm_nll_fold2": 0.16544438898563385, "gbm_accuracy_fold3": 0.9777777777777777, "gbm_nll_fold3": 0.08144403994083405, "gbm_accuracy_fold4": 0.9518518518518518, "gbm_nll_fold4": 0.16564548015594482, "LightGBM_nll": 0.12719666957855225, "LightGBM_accuracy": 0.9592592592592593, "LightGBM_combo": -0.832062589680707, "_step": 0, "_wandb": {"runtime": 15}}