{"gbm_accuracy_fold1": 0.496, "_timestamp": 1657518874, "_runtime": 5, "gbm_nll_fold1": 1.5421497821807861, "gbm_accuracy_fold2": 0.52, "gbm_nll_fold2": 1.6306761503219604, "gbm_accuracy_fold3": 0.616, "gbm_nll_fold3": 1.3148912191390991, "gbm_accuracy_fold4": 0.552, "gbm_nll_fold4": 1.8370583057403564, "LightGBM_nll": 1.5811939239501953, "LightGBM_accuracy": 0.546, "_step": 0, "_wandb": {"runtime": 7}}