{"gbm_accuracy_fold1": 0.9798515376458112, "_timestamp": 1657588572, "_runtime": 5, "gbm_nll_fold1": 0.09099162369966507, "gbm_accuracy_fold2": 0.9872746553552492, "gbm_nll_fold2": 0.06377096474170685, "gbm_accuracy_fold3": 0.9883351007423118, "gbm_nll_fold3": 0.08188426494598389, "gbm_accuracy_fold4": 0.9893955461293743, "gbm_nll_fold4": 0.0846891775727272, "LightGBM_nll": 0.08033400774002075, "LightGBM_accuracy": 0.9862142099681867, "LightGBM_combo": -0.9058802022281659, "_step": 0, "_wandb": {"runtime": 6}}