{"lsam_accuracy_fold1": 0.424, "_timestamp": 1657538046, "_runtime": 104, "lsam_nll_fold1": 1.4025461673736572, "lsam_accuracy_fold2": 0.48, "lsam_nll_fold2": 2.0531890392303467, "lsam_accuracy_fold3": 0.576, "lsam_nll_fold3": 1.3669507503509521, "lsam_accuracy_fold4": 0.624, "lsam_nll_fold4": 1.3266348838806152, "LSAM_nll": 1.5373302698135376, "LSAM_accuracy": 0.526, "LSAM_combo": 1.0113302698135376, "_step": 0, "_wandb": {"runtime": 104}}