{"lsam_accuracy_fold1": 0.6467391304347826, "_timestamp": 1657628360, "_runtime": 249, "lsam_nll_fold1": 0.8236925005912781, "lsam_accuracy_fold2": 0.625, "lsam_nll_fold2": 0.8372446894645691, "lsam_accuracy_fold3": 0.6032608695652174, "lsam_nll_fold3": 0.8953812718391418, "lsam_accuracy_fold4": 0.6684782608695652, "lsam_nll_fold4": 0.7487637400627136, "LSAM_nll": 0.826270580291748, "LSAM_accuracy": 0.6358695652173914, "LSAM_combo": 0.1904010150743567, "_step": 0, "_wandb": {"runtime": 250}}