{"gbm_accuracy_fold1": 0.624, "_timestamp": 1657521123, "_runtime": 5, "gbm_nll_fold1": 1.3493013381958008, "gbm_accuracy_fold2": 0.52, "gbm_nll_fold2": 1.7827322483062744, "gbm_accuracy_fold3": 0.64, "gbm_nll_fold3": 1.3093740940093994, "gbm_accuracy_fold4": 0.592, "gbm_nll_fold4": 1.3450944423675537, "LightGBM_nll": 1.4466254711151123, "LightGBM_accuracy": 0.5940000000000001, "_step": 0, "_wandb": {"runtime": 6}}