{"gbm_accuracy_fold1": 0.8111111111111111, "_timestamp": 1657643395, "_runtime": 30, "gbm_nll_fold1": 1.7227330207824707, "gbm_accuracy_fold2": 0.7666666666666667, "gbm_nll_fold2": 1.7122137546539307, "gbm_accuracy_fold3": 0.8296296296296296, "gbm_nll_fold3": 1.6956019401550293, "gbm_accuracy_fold4": 0.7555555555555555, "gbm_nll_fold4": 1.7422312498092651, "LightGBM_nll": 1.7181949615478516, "LightGBM_accuracy": 0.7907407407407407, "LightGBM_combo": 0.9274542208071108, "_step": 0, "_wandb": {"runtime": 31}}