{"gbm_accuracy_fold1": 0.528, "_timestamp": 1657607958, "_runtime": 5, "gbm_nll_fold1": 1.375062108039856, "gbm_accuracy_fold2": 0.568, "gbm_nll_fold2": 1.425132155418396, "gbm_accuracy_fold3": 0.624, "gbm_nll_fold3": 1.3297865390777588, "gbm_accuracy_fold4": 0.504, "gbm_nll_fold4": 1.3865057229995728, "LightGBM_nll": 1.3791216611862183, "LightGBM_accuracy": 0.556, "LightGBM_combo": 0.8231216611862182, "_step": 0, "_wandb": {"runtime": 7}}