{"lsam_accuracy_fold1": 0.6444444444444445, "_timestamp": 1657547833, "_runtime": 280, "lsam_nll_fold1": 1.2261710166931152, "lsam_accuracy_fold2": 0.674074074074074, "lsam_nll_fold2": 1.22519850730896, "lsam_accuracy_fold3": 0.6814814814814815, "lsam_nll_fold3": 1.1584066152572632, "lsam_accuracy_fold4": 0.6518518518518519, "lsam_nll_fold4": 1.1223751306533813, "LSAM_nll": 1.1830377578735352, "LSAM_accuracy": 0.662962962962963, "LSAM_combo": 0.5200747949105722, "_step": 0, "_wandb": {"runtime": 280}}