{"lsam_rmse_fold1": 1.290230393409729, "_timestamp": 1657441345, "_runtime": 410, "gbm_rmse_fold1": 1.290230393409729, "lsam_rmse_fold2": 1.2913684844970703, "gbm_rmse_fold2": 1.2913684844970703, "lsam_rmse_fold3": 1.5889763832092285, "gbm_rmse_fold3": 1.5889763832092285, "lsam_rmse_fold4": 1.496330976486206, "gbm_rmse_fold4": 1.496330976486206, "lsam_rmse_fold5": 1.2397483587265015, "gbm_rmse_fold5": 1.2397483587265015, "_step": 0, "_wandb": {"runtime": 432}}