{"lsam_accuracy_fold1": 0.9962962962962963, "_timestamp": 1657571181, "_runtime": 762, "lsam_nll_fold1": 0.014308671467006207, "lsam_accuracy_fold2": 0.9888888888888889, "lsam_nll_fold2": 0.02490144968032837, "lsam_accuracy_fold3": 0.9925925925925926, "lsam_nll_fold3": 0.04620499536395073, "lsam_accuracy_fold4": 0.9888888888888889, "lsam_nll_fold4": 0.0323186032474041, "LSAM_nll": 0.02943342924118042, "LSAM_accuracy": 0.9916666666666667, "LSAM_combo": -0.9622332374254863, "_step": 0, "_wandb": {"runtime": 763}}