{"gbm_accuracy_fold1": 0.9862142099681867, "_timestamp": 1657588111, "_runtime": 6, "gbm_nll_fold1": 0.0666547417640686, "gbm_accuracy_fold2": 0.9925768822905621, "gbm_nll_fold2": 0.10902395099401474, "gbm_accuracy_fold3": 0.9883351007423118, "gbm_nll_fold3": 0.1309845745563507, "gbm_accuracy_fold4": 0.9904559915164369, "gbm_nll_fold4": 0.0522819384932518, "LightGBM_nll": 0.08973630517721176, "LightGBM_accuracy": 0.9893955461293744, "LightGBM_combo": -0.8996592409521627, "_step": 0, "_wandb": {"runtime": 7}}