{"lsam_accuracy_fold1": 0.5440000295639038, "_timestamp": 1657510845, "_runtime": 350, "lsam_nll_fold1": 1.4357154369354248, "lsam_accuracy_fold2": 0.5920000076293945, "lsam_nll_fold2": 1.4922466278076172, "lsam_accuracy_fold3": 0.5520000457763672, "lsam_nll_fold3": 1.4490289688110352, "lsam_accuracy_fold4": 0.6160000562667847, "lsam_nll_fold4": 1.2872121334075928, "LSAM_nll": 1.416050910949707, "LSAM_accuracy": 0.5760000348091125, "_step": 0, "_wandb": {"runtime": 351}}