{"lsam_accuracy_fold1": 0.576, "_timestamp": 1657540499, "_runtime": 144, "lsam_nll_fold1": 1.3685320615768433, "lsam_accuracy_fold2": 0.52, "lsam_nll_fold2": 1.4676216840744019, "lsam_accuracy_fold3": 0.6, "lsam_nll_fold3": 1.3504172563552856, "lsam_accuracy_fold4": 0.376, "lsam_nll_fold4": 1.4689388275146484, "LSAM_nll": 1.4138774871826172, "LSAM_accuracy": 0.518, "LSAM_combo": 0.8958774871826172, "_step": 0, "_wandb": {"runtime": 145}}