{"lsam_accuracy_fold1": 0.424, "_timestamp": 1657522382, "_runtime": 206, "lsam_nll_fold1": 21.220626831054688, "lsam_accuracy_fold2": 0.52, "lsam_nll_fold2": 17.683856964111328, "lsam_accuracy_fold3": 0.6, "lsam_nll_fold3": 14.73654556274414, "lsam_accuracy_fold4": 0.376, "lsam_nll_fold4": 22.989011764526367, "LSAM_nll": 19.15751075744629, "LSAM_accuracy": 0.48, "_step": 0, "_wandb": {"runtime": 207}}