{"lsam_rmse_fold1": 1.2783597707748413, "_timestamp": 1657441514, "_runtime": 119, "gbm_rmse_fold1": 1.2783597707748413, "_step": 0, "_wandb": {"runtime": 169}}