{"lsam_accuracy_fold1": 0.45600003004074097, "_timestamp": 1657508973, "_runtime": 478, "lsam_nll_fold1": 1.3886914253234863, "lsam_accuracy_fold2": 0.5200000405311584, "lsam_nll_fold2": 1.3858699798583984, "lsam_accuracy_fold3": 0.6000000238418579, "lsam_nll_fold3": 1.365907073020935, "lsam_accuracy_fold4": 0.6240000128746033, "lsam_nll_fold4": 1.377807855606079, "LSAM_nll": 1.3795690536499023, "LSAM_accuracy": 0.550000011920929, "_step": 0, "_wandb": {"runtime": 479}}