{"lsam_accuracy_fold1": 0.6684782608695652, "_timestamp": 1657623573, "_runtime": 292, "lsam_nll_fold1": 0.8124944567680359, "lsam_accuracy_fold2": 0.657608695652174, "lsam_nll_fold2": 0.7811762094497681, "lsam_accuracy_fold3": 0.592391304347826, "lsam_nll_fold3": 0.9277186393737793, "lsam_accuracy_fold4": 0.6630434782608695, "lsam_nll_fold4": 0.716001033782959, "LSAM_nll": 0.8093475699424744, "LSAM_accuracy": 0.6453804347826088, "LSAM_combo": 0.1639671351598656, "_step": 0, "_wandb": {"runtime": 293}}