{"gbm_accuracy_fold1": 0.7925925925925926, "_timestamp": 1657552730, "_runtime": 5, "gbm_nll_fold1": 0.9287973642349243, "gbm_accuracy_fold2": 0.8, "gbm_nll_fold2": 0.7698056101799011, "gbm_accuracy_fold3": 0.8074074074074075, "gbm_nll_fold3": 0.8797323703765869, "gbm_accuracy_fold4": 0.8074074074074075, "gbm_nll_fold4": 0.8581828474998474, "LightGBM_nll": 0.8591295480728149, "LightGBM_accuracy": 0.8018518518518518, "LightGBM_combo": 0.057277696220963126, "_step": 0, "_wandb": {"runtime": 7}}