{"lsam_accuracy_fold1": 0.576, "_timestamp": 1657535451, "_runtime": 218, "lsam_nll_fold1": 1.3846124410629272, "lsam_accuracy_fold2": 0.52, "lsam_nll_fold2": 1.3846973180770874, "lsam_accuracy_fold3": 0.616, "lsam_nll_fold3": 1.3581169843673706, "lsam_accuracy_fold4": 0.376, "lsam_nll_fold4": 1.3925756216049194, "LSAM_nll": 1.3800005912780762, "LSAM_accuracy": 0.522, "_step": 0, "_wandb": {"runtime": 218}}