{"lsam_accuracy_fold1": 0.9925925925925926, "_timestamp": 1657640855, "_runtime": 184, "lsam_nll_fold1": 0.035796571522951126, "lsam_accuracy_fold2": 0.9814814814814815, "lsam_nll_fold2": 0.062182728201150894, "lsam_accuracy_fold3": 0.9814814814814815, "lsam_nll_fold3": 0.20215649902820587, "lsam_accuracy_fold4": 0.9962962962962963, "lsam_nll_fold4": 0.010927271097898483, "LSAM_nll": 0.07776576280593872, "LSAM_accuracy": 0.987962962962963, "LSAM_combo": -0.9101972001570243, "_step": 0, "_wandb": {"runtime": 185}}