{"lsam_accuracy_fold1": 0.632, "_timestamp": 1657596832, "_runtime": 140, "lsam_nll_fold1": 1.3469822406768799, "lsam_accuracy_fold2": 0.56, "lsam_nll_fold2": 1.3752937316894531, "lsam_accuracy_fold3": 0.552, "lsam_nll_fold3": 1.4414223432540894, "lsam_accuracy_fold4": 0.6, "lsam_nll_fold4": 1.2959790229797363, "LSAM_nll": 1.3649193048477173, "LSAM_accuracy": 0.5860000000000001, "LSAM_combo": 0.7789193048477172, "_step": 0, "_wandb": {"runtime": 141}}