{"gbm_accuracy_fold1": 0.7333333333333333, "_timestamp": 1657552796, "_runtime": 6, "gbm_nll_fold1": 1.1692533493041992, "gbm_accuracy_fold2": 0.8148148148148148, "gbm_nll_fold2": 0.8501260280609131, "gbm_accuracy_fold3": 0.7925925925925926, "gbm_nll_fold3": 0.9198386669158936, "gbm_accuracy_fold4": 0.7703703703703704, "gbm_nll_fold4": 0.9307720065116882, "LightGBM_nll": 0.9674975275993347, "LightGBM_accuracy": 0.7777777777777777, "LightGBM_combo": 0.18971974982155704, "_step": 0, "_wandb": {"runtime": 7}}