{"gbm_accuracy_fold1": 0.592, "_timestamp": 1657542373, "_runtime": 5, "gbm_nll_fold1": 1.3347724676132202, "gbm_accuracy_fold2": 0.536, "gbm_nll_fold2": 1.805894136428833, "gbm_accuracy_fold3": 0.56, "gbm_nll_fold3": 1.4835176467895508, "gbm_accuracy_fold4": 0.568, "gbm_nll_fold4": 1.3570913076400757, "LightGBM_nll": 1.49531888961792, "LightGBM_accuracy": 0.5640000000000001, "LightGBM_combo": 0.9313188896179199, "_step": 0, "_wandb": {"runtime": 6}}