{"lsam_accuracy_fold1": 0.5760000348091125, "_timestamp": 1657514241, "_runtime": 290, "lsam_nll_fold1": 1.3792779445648193, "lsam_accuracy_fold2": 0.5360000133514404, "lsam_nll_fold2": 1.3881288766860962, "lsam_accuracy_fold3": 0.5760000348091125, "lsam_nll_fold3": 1.3833491802215576, "lsam_accuracy_fold4": 0.6240000128746033, "lsam_nll_fold4": 1.3844151496887207, "LSAM_nll": 1.383792757987976, "LSAM_accuracy": 0.578000009059906, "_step": 0, "_wandb": {"runtime": 291}}