{"lsam_accuracy_fold1": 1.0, "_timestamp": 1657575245, "_runtime": 521, "lsam_nll_fold1": 0.009283722378313541, "lsam_accuracy_fold2": 0.9888888888888889, "lsam_nll_fold2": 0.051833681762218475, "lsam_accuracy_fold3": 0.9888888888888889, "lsam_nll_fold3": 0.10279715061187744, "lsam_accuracy_fold4": 0.9851851851851852, "lsam_nll_fold4": 0.0517454668879509, "LSAM_nll": 0.053915008902549744, "LSAM_accuracy": 0.9907407407407407, "LSAM_combo": -0.936825731838191, "_step": 0, "_wandb": {"runtime": 522}}