{"gbm_accuracy_fold1": 0.584, "_timestamp": 1657518700, "_runtime": 5, "gbm_nll_fold1": 1.3905261754989624, "gbm_accuracy_fold2": 0.568, "gbm_nll_fold2": 1.7913978099822998, "gbm_accuracy_fold3": 0.656, "gbm_nll_fold3": 1.3808125257492065, "gbm_accuracy_fold4": 0.6, "gbm_nll_fold4": 1.448018193244934, "LightGBM_nll": 1.5026886463165283, "LightGBM_accuracy": 0.602, "_step": 0, "_wandb": {"runtime": 7}}