{"lsam_accuracy_fold1": 0.6739130434782609, "_timestamp": 1657560720, "_runtime": 387, "lsam_nll_fold1": 2.249616861343384, "lsam_accuracy_fold2": 0.6086956521739131, "lsam_nll_fold2": 2.3364155292510986, "lsam_accuracy_fold3": 0.5978260869565217, "lsam_nll_fold3": 2.35123610496521, "lsam_accuracy_fold4": 0.6141304347826086, "lsam_nll_fold4": 2.053520917892456, "LSAM_nll": 2.247697353363037, "LSAM_accuracy": 0.623641304347826, "LSAM_combo": 1.624056049015211, "_step": 0, "_wandb": {"runtime": 388}}