{"gbm_accuracy_fold1": 0.8444444444444444, "_timestamp": 1657618819, "_runtime": 5, "gbm_nll_fold1": 0.815904438495636, "gbm_accuracy_fold2": 0.8, "gbm_nll_fold2": 0.8096171021461487, "gbm_accuracy_fold3": 0.7555555555555555, "gbm_nll_fold3": 0.8894529938697815, "gbm_accuracy_fold4": 0.7555555555555555, "gbm_nll_fold4": 1.0100704431533813, "LightGBM_nll": 0.8812612295150757, "LightGBM_accuracy": 0.7888888888888889, "LightGBM_combo": 0.09237234062618682, "_step": 0, "_wandb": {"runtime": 7}}