{"gbm_accuracy_fold1": 0.725925925925926, "_timestamp": 1657618799, "_runtime": 7, "gbm_nll_fold1": 1.3735101222991943, "gbm_accuracy_fold2": 0.725925925925926, "gbm_nll_fold2": 1.3739612102508545, "gbm_accuracy_fold3": 0.7037037037037037, "gbm_nll_fold3": 1.3735582828521729, "gbm_accuracy_fold4": 0.7185185185185186, "gbm_nll_fold4": 1.3749278783798218, "LightGBM_nll": 1.373989462852478, "LightGBM_accuracy": 0.7185185185185186, "LightGBM_combo": 0.6554709443339595, "_step": 0, "_wandb": {"runtime": 8}}