{"gbm_accuracy_fold1": 0.9883351007423118, "_timestamp": 1657668392, "_runtime": 8, "gbm_nll_fold1": 0.08239823579788208, "gbm_accuracy_fold2": 0.9872746553552492, "gbm_nll_fold2": 0.15843932330608368, "gbm_accuracy_fold3": 0.9893955461293743, "gbm_nll_fold3": 0.07820816338062286, "gbm_accuracy_fold4": 0.9883351007423118, "gbm_nll_fold4": 0.06276509165763855, "LightGBM_nll": 0.0954527035355568, "LightGBM_accuracy": 0.9883351007423118, "LightGBM_combo": -0.892882397206755, "_step": 0, "_wandb": {"runtime": 9}}