{"gbm_accuracy_fold1": 0.9883351007423118, "_timestamp": 1657668275, "_runtime": 6, "gbm_nll_fold1": 0.07602878659963608, "gbm_accuracy_fold2": 0.9925768822905621, "gbm_nll_fold2": 0.061663683503866196, "gbm_accuracy_fold3": 0.9893955461293743, "gbm_nll_fold3": 0.10918037593364716, "gbm_accuracy_fold4": 0.9904559915164369, "gbm_nll_fold4": 0.05852833390235901, "LightGBM_nll": 0.07635029405355453, "LightGBM_accuracy": 0.9901908801696713, "LightGBM_combo": -0.9138405861161167, "_step": 0, "_wandb": {"runtime": 7}}