{"gbm_accuracy_fold1": 0.9925925925925926, "_timestamp": 1657576913, "_runtime": 8, "gbm_nll_fold1": 0.049272049218416214, "gbm_accuracy_fold2": 0.9666666666666667, "gbm_nll_fold2": 0.09436070173978806, "gbm_accuracy_fold3": 0.9925925925925926, "gbm_nll_fold3": 0.03697526082396507, "gbm_accuracy_fold4": 0.9777777777777777, "gbm_nll_fold4": 0.04957923665642738, "LightGBM_nll": 0.057546813040971756, "LightGBM_accuracy": 0.9824074074074074, "LightGBM_combo": -0.9248605943664356, "_step": 0, "_wandb": {"runtime": 8}}