{"lsam_accuracy_fold1": 0.48148148148148145, "_timestamp": 1657544603, "_runtime": 336, "lsam_nll_fold1": 1.3864085674285889, "lsam_accuracy_fold2": 0.6074074074074074, "lsam_nll_fold2": 1.38239586353302, "lsam_accuracy_fold3": 0.42962962962962964, "lsam_nll_fold3": 1.388007640838623, "lsam_accuracy_fold4": 0.6148148148148148, "lsam_nll_fold4": 1.385128140449524, "LSAM_nll": 1.385485053062439, "LSAM_accuracy": 0.5333333333333333, "LSAM_combo": 0.8521517197291056, "_step": 0, "_wandb": {"runtime": 336}}