{"lsam_accuracy_fold1": 0.552, "_timestamp": 1657596139, "_runtime": 225, "lsam_nll_fold1": 1.3680377006530762, "lsam_accuracy_fold2": 0.52, "lsam_nll_fold2": 1.4372798204421997, "lsam_accuracy_fold3": 0.64, "lsam_nll_fold3": 1.3374637365341187, "lsam_accuracy_fold4": 0.6, "lsam_nll_fold4": 1.3382036685943604, "LSAM_nll": 1.370246171951294, "LSAM_accuracy": 0.5780000000000001, "LSAM_combo": 0.7922461719512939, "_step": 0, "_wandb": {"runtime": 226}}