{"lsam_accuracy_fold1": 0.7925925925925926, "_timestamp": 1657549837, "_runtime": 419, "lsam_nll_fold1": 1.008500576019287, "lsam_accuracy_fold2": 0.7851851851851852, "lsam_nll_fold2": 0.9633378386497498, "lsam_accuracy_fold3": 0.7333333333333333, "lsam_nll_fold3": 1.1477465629577637, "lsam_accuracy_fold4": 0.7851851851851852, "lsam_nll_fold4": 1.005144715309143, "LSAM_nll": 1.0311824083328247, "LSAM_accuracy": 0.7740740740740741, "LSAM_combo": 0.25710833425875057, "_step": 0, "_wandb": {"runtime": 420}}