{"lsam_accuracy_fold1": 0.9395546129374337, "_timestamp": 1657583333, "_runtime": 487, "lsam_nll_fold1": 1.3767629861831665, "lsam_accuracy_fold2": 0.936373276776246, "lsam_nll_fold2": 1.3812543153762817, "lsam_accuracy_fold3": 0.9310710498409331, "lsam_nll_fold3": 1.3843741416931152, "lsam_accuracy_fold4": 0.9480381760339343, "lsam_nll_fold4": 1.3834550380706787, "LSAM_nll": 1.3814616203308105, "LSAM_accuracy": 0.9387592788971368, "LSAM_combo": 0.4427023414336737, "_step": 0, "_wandb": {"runtime": 489}}