{"gbm_accuracy_fold1": 0.9925925925925926, "_timestamp": 1657577163, "_runtime": 5, "gbm_nll_fold1": 0.03458896279335022, "gbm_accuracy_fold2": 0.9703703703703703, "gbm_nll_fold2": 0.08612541854381561, "gbm_accuracy_fold3": 0.9851851851851852, "gbm_nll_fold3": 0.04971146956086159, "gbm_accuracy_fold4": 0.9888888888888889, "gbm_nll_fold4": 0.04036898538470268, "LightGBM_nll": 0.052698709070682526, "LightGBM_accuracy": 0.9842592592592592, "LightGBM_combo": -0.9315605501885766, "_step": 0, "_wandb": {"runtime": 6}}