{"lsam_accuracy_fold1": 0.5120000243186951, "_timestamp": 1657511473, "_runtime": 224, "lsam_nll_fold1": 1.386170506477356, "lsam_accuracy_fold2": 0.4960000216960907, "lsam_nll_fold2": 1.4161394834518433, "lsam_accuracy_fold3": 0.6480000019073486, "lsam_nll_fold3": 1.3534834384918213, "lsam_accuracy_fold4": 0.527999997138977, "lsam_nll_fold4": 1.3549429178237915, "LSAM_nll": 1.3776839971542358, "LSAM_accuracy": 0.5460000038146973, "_step": 0, "_wandb": {"runtime": 225}}