{"lsam_accuracy_fold1": 0.5360000133514404, "_timestamp": 1657511702, "_runtime": 207, "lsam_nll_fold1": 1.4090394973754883, "lsam_accuracy_fold2": 0.5200000405311584, "lsam_nll_fold2": 1.3854365348815918, "lsam_accuracy_fold3": 0.6080000400543213, "lsam_nll_fold3": 1.377475619316101, "lsam_accuracy_fold4": 0.3760000169277191, "lsam_nll_fold4": 1.3920817375183105, "LSAM_nll": 1.3910083770751953, "LSAM_accuracy": 0.5099999904632568, "_step": 0, "_wandb": {"runtime": 208}}