{"gbm_accuracy_fold1": 0.9904559915164369, "_timestamp": 1657668161, "_runtime": 7, "gbm_nll_fold1": 0.09809615463018417, "gbm_accuracy_fold2": 0.9915164369034994, "gbm_nll_fold2": 0.07892150431871414, "gbm_accuracy_fold3": 0.9862142099681867, "gbm_nll_fold3": 0.13909903168678284, "gbm_accuracy_fold4": 0.9957582184517497, "gbm_nll_fold4": 0.03131765127182007, "LightGBM_nll": 0.0868585854768753, "LightGBM_accuracy": 0.9909862142099681, "LightGBM_combo": -0.9041276287330928, "_step": 0, "_wandb": {"runtime": 8}}