{"gbm_accuracy_fold1": 0.608, "_timestamp": 1657607602, "_runtime": 6, "gbm_nll_fold1": 1.3514227867126465, "gbm_accuracy_fold2": 0.48, "gbm_nll_fold2": 1.3863229751586914, "gbm_accuracy_fold3": 0.592, "gbm_nll_fold3": 1.3675997257232666, "gbm_accuracy_fold4": 0.528, "gbm_nll_fold4": 1.3687669038772583, "LightGBM_nll": 1.368528127670288, "LightGBM_accuracy": 0.552, "LightGBM_combo": 0.816528127670288, "_step": 0, "_wandb": {"runtime": 7}}