{"lsam_accuracy_fold1": 0.424, "_timestamp": 1657523203, "_runtime": 278, "lsam_nll_fold1": 1.3911668062210083, "lsam_accuracy_fold2": 0.48, "lsam_nll_fold2": 1.3867714405059814, "lsam_accuracy_fold3": 0.6, "lsam_nll_fold3": 1.3742057085037231, "lsam_accuracy_fold4": 0.624, "lsam_nll_fold4": 1.3619463443756104, "LSAM_nll": 1.3785226345062256, "LSAM_accuracy": 0.532, "_step": 0, "_wandb": {"runtime": 279}}