{"lsam_accuracy_fold1": 0.985153764581124, "_timestamp": 1657660043, "_runtime": 985, "lsam_nll_fold1": 0.0909801572561264, "lsam_accuracy_fold2": 0.9787910922587487, "lsam_nll_fold2": 0.16015824675559998, "lsam_accuracy_fold3": 0.9787910922587487, "lsam_nll_fold3": 0.1464112102985382, "lsam_accuracy_fold4": 0.9713679745493107, "lsam_nll_fold4": 0.16049465537071228, "LSAM_nll": 0.13951106369495392, "LSAM_accuracy": 0.9785259809119831, "LSAM_combo": -0.8390149172170291, "_step": 0, "_wandb": {"runtime": 986}}