{"gbm_accuracy_fold1": 0.9734888653234358, "_timestamp": 1657667960, "_runtime": 13, "gbm_nll_fold1": 0.1514490395784378, "gbm_accuracy_fold2": 0.985153764581124, "gbm_nll_fold2": 0.11006411164999008, "gbm_accuracy_fold3": 0.9777306468716861, "gbm_nll_fold3": 0.13601700961589813, "gbm_accuracy_fold4": 0.9809119830328739, "gbm_nll_fold4": 0.11711753159761429, "LightGBM_nll": 0.12866191565990448, "LightGBM_accuracy": 0.9793213149522799, "LightGBM_combo": -0.8506593992923754, "_step": 0, "_wandb": {"runtime": 13}}