{"lsam_accuracy_fold1": 0.6, "_timestamp": 1657607133, "_runtime": 225, "lsam_nll_fold1": 1.3565237522125244, "lsam_accuracy_fold2": 0.48, "lsam_nll_fold2": 1.3880505561828613, "lsam_accuracy_fold3": 0.4, "lsam_nll_fold3": 1.3885327577590942, "lsam_accuracy_fold4": 0.624, "lsam_nll_fold4": 1.3732248544692993, "LSAM_nll": 1.3765829801559448, "LSAM_accuracy": 0.526, "LSAM_combo": 0.8505829801559448, "_step": 0, "_wandb": {"runtime": 226}}