{"lsam_accuracy_fold1": 0.6739130434782609, "_timestamp": 1657623956, "_runtime": 365, "lsam_nll_fold1": 0.7936074733734131, "lsam_accuracy_fold2": 0.3695652173913043, "lsam_nll_fold2": 1.5483614206314087, "lsam_accuracy_fold3": 0.2391304347826087, "lsam_nll_fold3": 1.5503309965133667, "lsam_accuracy_fold4": 0.6467391304347826, "lsam_nll_fold4": 0.8097525238990784, "LSAM_nll": 1.1755131483078003, "LSAM_accuracy": 0.48233695652173914, "LSAM_combo": 0.6931761917860612, "_step": 0, "_wandb": {"runtime": 366}}