{"gbm_accuracy_fold1": 0.7555555555555555, "_timestamp": 1657618994, "_runtime": 5, "gbm_nll_fold1": 1.0243356227874756, "gbm_accuracy_fold2": 0.8, "gbm_nll_fold2": 0.8455855250358582, "gbm_accuracy_fold3": 0.8148148148148148, "gbm_nll_fold3": 0.9185709953308105, "gbm_accuracy_fold4": 0.8074074074074075, "gbm_nll_fold4": 0.9288570880889893, "LightGBM_nll": 0.9293373227119446, "LightGBM_accuracy": 0.7944444444444444, "LightGBM_combo": 0.13489287826750018, "_step": 0, "_wandb": {"runtime": 6}}