{"lsam_accuracy_fold1": 0.985153764581124, "_timestamp": 1657656760, "_runtime": 1231, "lsam_nll_fold1": 0.10424967110157013, "lsam_accuracy_fold2": 0.9872746553552492, "lsam_nll_fold2": 0.14290495216846466, "lsam_accuracy_fold3": 0.9798515376458112, "lsam_nll_fold3": 0.2594897747039795, "lsam_accuracy_fold4": 0.9819724284199364, "lsam_nll_fold4": 0.12581519782543182, "LSAM_nll": 0.15811489522457123, "LSAM_accuracy": 0.9835630965005301, "LSAM_combo": -0.8254482012759589, "_step": 0, "_wandb": {"runtime": 1233}}