{"lsam_accuracy_fold1": 0.9395546129374337, "_timestamp": 1657585609, "_runtime": 315, "lsam_nll_fold1": 1.2779115438461304, "lsam_accuracy_fold2": 0.06362672322375397, "lsam_nll_fold2": 1.5728414058685303, "lsam_accuracy_fold3": 0.9310710498409331, "lsam_nll_fold3": 1.2994979619979858, "lsam_accuracy_fold4": 0.9480381760339343, "lsam_nll_fold4": 1.3603713512420654, "LSAM_nll": 1.3776555061340332, "LSAM_accuracy": 0.7205726405090138, "LSAM_combo": 0.6570828656250194, "_step": 0, "_wandb": {"runtime": 315}}