{"gbm_accuracy_fold1": 0.9872746553552492, "_timestamp": 1657668346, "_runtime": 6, "gbm_nll_fold1": 0.07810243964195251, "gbm_accuracy_fold2": 0.9872746553552492, "gbm_nll_fold2": 0.09731540828943253, "gbm_accuracy_fold3": 0.9872746553552492, "gbm_nll_fold3": 0.11160844564437866, "gbm_accuracy_fold4": 0.9957582184517497, "gbm_nll_fold4": 0.022824570536613464, "LightGBM_nll": 0.07746271789073944, "LightGBM_accuracy": 0.9893955461293742, "LightGBM_combo": -0.9119328282386348, "_step": 0, "_wandb": {"runtime": 7}}