{"gbm_accuracy_fold1": 0.9777306468716861, "_timestamp": 1657588263, "_runtime": 5, "gbm_nll_fold1": 0.0949103832244873, "gbm_accuracy_fold2": 0.9809119830328739, "gbm_nll_fold2": 0.0915241613984108, "gbm_accuracy_fold3": 0.9893955461293743, "gbm_nll_fold3": 0.06930330395698547, "gbm_accuracy_fold4": 0.9819724284199364, "gbm_nll_fold4": 0.08921415358781815, "LightGBM_nll": 0.08623799681663513, "LightGBM_accuracy": 0.9825026511134676, "LightGBM_combo": -0.8962646542968324, "_step": 0, "_wandb": {"runtime": 6}}