{"gbm_accuracy_fold1": 0.536, "_timestamp": 1657542712, "_runtime": 6, "gbm_nll_fold1": 1.4253846406936646, "gbm_accuracy_fold2": 0.592, "gbm_nll_fold2": 1.4581050872802734, "gbm_accuracy_fold3": 0.568, "gbm_nll_fold3": 1.5705950260162354, "gbm_accuracy_fold4": 0.56, "gbm_nll_fold4": 1.5570530891418457, "LightGBM_nll": 1.5027843713760376, "LightGBM_accuracy": 0.5640000000000001, "LightGBM_combo": 0.9387843713760375, "_step": 0, "_wandb": {"runtime": 6}}