{"lsam_accuracy_fold1": 0.544, "_timestamp": 1657525614, "_runtime": 265, "lsam_nll_fold1": 1.5322015285491943, "lsam_accuracy_fold2": 0.536, "lsam_nll_fold2": 2.147193431854248, "lsam_accuracy_fold3": 0.592, "lsam_nll_fold3": 2.0944619178771973, "lsam_accuracy_fold4": 0.568, "lsam_nll_fold4": 1.5632317066192627, "LSAM_nll": 1.8342721462249756, "LSAM_accuracy": 0.56, "_step": 0, "_wandb": {"runtime": 266}}