{"gbm_accuracy_fold1": 0.56, "_timestamp": 1657542536, "_runtime": 5, "gbm_nll_fold1": 1.4015132188796997, "gbm_accuracy_fold2": 0.536, "gbm_nll_fold2": 1.5494356155395508, "gbm_accuracy_fold3": 0.592, "gbm_nll_fold3": 1.3842300176620483, "gbm_accuracy_fold4": 0.576, "gbm_nll_fold4": 1.8289153575897217, "LightGBM_nll": 1.5410234928131104, "LightGBM_accuracy": 0.5660000000000001, "LightGBM_combo": 0.9750234928131103, "_step": 0, "_wandb": {"runtime": 7}}