{"lsam_accuracy_fold1": 0.6666666666666666, "_timestamp": 1657543372, "_runtime": 195, "lsam_nll_fold1": 1.249595046043396, "lsam_accuracy_fold2": 0.674074074074074, "lsam_nll_fold2": 1.2270444631576538, "lsam_accuracy_fold3": 0.7111111111111111, "lsam_nll_fold3": 1.0946388244628906, "lsam_accuracy_fold4": 0.725925925925926, "lsam_nll_fold4": 1.157471776008606, "LSAM_nll": 1.182187557220459, "LSAM_accuracy": 0.6944444444444444, "LSAM_combo": 0.48774311277601456, "_step": 0, "_wandb": {"runtime": 196}}