{"lsam_accuracy_fold1": 0.5185185185185185, "_timestamp": 1657546006, "_runtime": 354, "lsam_nll_fold1": 1.3857346773147583, "lsam_accuracy_fold2": 0.5925925925925926, "lsam_nll_fold2": 1.3463996648788452, "lsam_accuracy_fold3": 0.6296296296296297, "lsam_nll_fold3": 1.2914155721664429, "lsam_accuracy_fold4": 0.3851851851851852, "lsam_nll_fold4": 1.4001797437667847, "LSAM_nll": 1.3559324741363525, "LSAM_accuracy": 0.5314814814814816, "LSAM_combo": 0.824450992654871, "_step": 0, "_wandb": {"runtime": 355}}