{"lsam_accuracy_fold1": 0.48000001907348633, "_timestamp": 1657503677, "_runtime": 304, "lsam_nll_fold1": 1.4699270725250244, "lsam_accuracy_fold2": 0.47200003266334534, "lsam_nll_fold2": 1.427981972694397, "lsam_accuracy_fold3": 0.5360000133514404, "lsam_nll_fold3": 1.497750997543335, "lsam_accuracy_fold4": 0.656000018119812, "lsam_nll_fold4": 1.3624483346939087, "LSAM_nll": 1.439527153968811, "LSAM_accuracy": 0.5360000133514404, "_step": 0, "_wandb": {"runtime": 305}}