{"gbm_accuracy_fold1": 0.9037037037037037, "_timestamp": 1657577378, "_runtime": 8, "gbm_nll_fold1": 0.5818682312965393, "gbm_accuracy_fold2": 0.9111111111111111, "gbm_nll_fold2": 0.5800724625587463, "gbm_accuracy_fold3": 0.9296296296296296, "gbm_nll_fold3": 0.5343702435493469, "gbm_accuracy_fold4": 0.8925925925925926, "gbm_nll_fold4": 0.6086688041687012, "LightGBM_nll": 0.5762449502944946, "LightGBM_accuracy": 0.9092592592592592, "LightGBM_combo": -0.3330143089647646, "_step": 0, "_wandb": {"runtime": 9}}