{"lsam_accuracy_fold1": 0.576, "_timestamp": 1657542140, "_runtime": 128, "lsam_nll_fold1": 1.3809033632278442, "lsam_accuracy_fold2": 0.48, "lsam_nll_fold2": 1.3870781660079956, "lsam_accuracy_fold3": 0.4, "lsam_nll_fold3": 1.4004496335983276, "lsam_accuracy_fold4": 0.624, "lsam_nll_fold4": 1.3512122631072998, "LSAM_nll": 1.379910945892334, "LSAM_accuracy": 0.52, "LSAM_combo": 0.859910945892334, "_step": 0, "_wandb": {"runtime": 129}}