{"gbm_accuracy_fold1": 0.9851851851851852, "_timestamp": 1657577503, "_runtime": 5, "gbm_nll_fold1": 0.040410470217466354, "gbm_accuracy_fold2": 0.9666666666666667, "gbm_nll_fold2": 0.11620088666677475, "gbm_accuracy_fold3": 0.9851851851851852, "gbm_nll_fold3": 0.05378464609384537, "gbm_accuracy_fold4": 0.9740740740740741, "gbm_nll_fold4": 0.05479183420538902, "LightGBM_nll": 0.06629695743322372, "LightGBM_accuracy": 0.9777777777777776, "LightGBM_combo": -0.9114808203445539, "_step": 0, "_wandb": {"runtime": 7}}