{"gbm_accuracy_fold1": 0.6358695652173914, "_timestamp": 1657630981, "_runtime": 8, "gbm_nll_fold1": 0.9520071744918823, "gbm_accuracy_fold2": 0.717391304347826, "gbm_nll_fold2": 0.8391558527946472, "gbm_accuracy_fold3": 0.6467391304347826, "gbm_nll_fold3": 0.8819021582603455, "gbm_accuracy_fold4": 0.6467391304347826, "gbm_nll_fold4": 0.8766676783561707, "LightGBM_nll": 0.8874332308769226, "LightGBM_accuracy": 0.6616847826086957, "LightGBM_combo": 0.22574844826822693, "_step": 0, "_wandb": {"runtime": 9}}