{"lsam_accuracy_fold1": 0.9703075291622482, "_timestamp": 1657649457, "_runtime": 839, "lsam_nll_fold1": 0.15501904487609863, "lsam_accuracy_fold2": 0.9777306468716861, "lsam_nll_fold2": 0.11197429150342941, "lsam_accuracy_fold3": 0.9787910922587487, "lsam_nll_fold3": 0.1351383924484253, "lsam_accuracy_fold4": 0.9724284199363733, "lsam_nll_fold4": 0.16313457489013672, "LSAM_nll": 0.14131657779216766, "LSAM_accuracy": 0.9748144220572641, "LSAM_combo": -0.8334978442650964, "_step": 0, "_wandb": {"runtime": 840}}