{"gbm_accuracy_fold1": 0.9862142099681867, "_timestamp": 1657587957, "_runtime": 6, "gbm_nll_fold1": 0.08834120631217957, "gbm_accuracy_fold2": 0.9915164369034994, "gbm_nll_fold2": 0.05083600804209709, "gbm_accuracy_fold3": 0.9872746553552492, "gbm_nll_fold3": 0.10737606883049011, "gbm_accuracy_fold4": 0.9925768822905621, "gbm_nll_fold4": 0.04673031345009804, "LightGBM_nll": 0.0733209028840065, "LightGBM_accuracy": 0.9893955461293744, "LightGBM_combo": -0.9160746432453679, "_step": 0, "_wandb": {"runtime": 8}}