{"gbm_accuracy_fold1": 0.725925925925926, "_timestamp": 1657535983, "_runtime": 7, "gbm_nll_fold1": 0.9277619123458862, "gbm_accuracy_fold2": 0.7703703703703704, "gbm_nll_fold2": 0.8825871348381042, "gbm_accuracy_fold3": 0.7777777777777778, "gbm_nll_fold3": 0.8544817566871643, "gbm_accuracy_fold4": 0.8148148148148148, "gbm_nll_fold4": 0.8811672329902649, "LightGBM_nll": 0.8864994645118713, "LightGBM_accuracy": 0.7722222222222223, "LightGBM_combo": 0.11427724228964908, "_step": 0, "_wandb": {"runtime": 8}}