{"gbm_accuracy_fold1": 0.528, "_timestamp": 1657519092, "_runtime": 6, "gbm_nll_fold1": 1.3905483484268188, "gbm_accuracy_fold2": 0.552, "gbm_nll_fold2": 1.6633484363555908, "gbm_accuracy_fold3": 0.568, "gbm_nll_fold3": 1.418897032737732, "gbm_accuracy_fold4": 0.544, "gbm_nll_fold4": 1.839648723602295, "LightGBM_nll": 1.578110694885254, "LightGBM_accuracy": 0.548, "_step": 0, "_wandb": {"runtime": 7}}