{"lsam_accuracy_fold1": 0.9962962962962963, "_timestamp": 1657643248, "_runtime": 397, "lsam_nll_fold1": 0.04385538399219513, "lsam_accuracy_fold2": 0.9962962962962963, "lsam_nll_fold2": 0.0223552118986845, "lsam_accuracy_fold3": 0.9962962962962963, "lsam_nll_fold3": 0.023467719554901123, "lsam_accuracy_fold4": 0.9740740740740741, "lsam_nll_fold4": 0.35146182775497437, "LSAM_nll": 0.11028503626585007, "LSAM_accuracy": 0.9907407407407407, "LSAM_combo": -0.8804557044748906, "_step": 0, "_wandb": {"runtime": 397}}