{"gbm_accuracy_fold1": 0.6521739130434783, "_timestamp": 1657631149, "_runtime": 6, "gbm_nll_fold1": 1.0143334865570068, "gbm_accuracy_fold2": 0.6521739130434783, "gbm_nll_fold2": 0.8714473843574524, "gbm_accuracy_fold3": 0.6467391304347826, "gbm_nll_fold3": 0.9214164018630981, "gbm_accuracy_fold4": 0.6413043478260869, "gbm_nll_fold4": 1.0830119848251343, "LightGBM_nll": 0.9725522994995117, "LightGBM_accuracy": 0.6480978260869565, "LightGBM_combo": 0.3244544734125552, "_step": 0, "_wandb": {"runtime": 7}}