{"lsam_accuracy_fold1": 0.9925925925925926, "_timestamp": 1657637735, "_runtime": 288, "lsam_nll_fold1": 0.016981501132249832, "lsam_accuracy_fold2": 0.9962962962962963, "lsam_nll_fold2": 0.018409056589007378, "lsam_accuracy_fold3": 0.9814814814814815, "lsam_nll_fold3": 0.05028355121612549, "lsam_accuracy_fold4": 0.9777777777777777, "lsam_nll_fold4": 0.287950336933136, "LSAM_nll": 0.09340611100196838, "LSAM_accuracy": 0.987037037037037, "LSAM_combo": -0.8936309260350687, "_step": 0, "_wandb": {"runtime": 289}}