{"gbm_accuracy_fold1": 0.9962962962962963, "_timestamp": 1657643961, "_runtime": 11, "gbm_nll_fold1": 0.02639566734433174, "gbm_accuracy_fold2": 0.9740740740740741, "gbm_nll_fold2": 0.08909980952739716, "gbm_accuracy_fold3": 0.9851851851851852, "gbm_nll_fold3": 0.03425385430455208, "gbm_accuracy_fold4": 0.9777777777777777, "gbm_nll_fold4": 0.10134966671466827, "LightGBM_nll": 0.06277474761009216, "LightGBM_accuracy": 0.9833333333333334, "LightGBM_combo": -0.9205585857232412, "_step": 0, "_wandb": {"runtime": 12}}