{"gbm_accuracy_fold1": 0.568, "_timestamp": 1657607843, "_runtime": 6, "gbm_nll_fold1": 1.3541455268859863, "gbm_accuracy_fold2": 0.528, "gbm_nll_fold2": 1.6470791101455688, "gbm_accuracy_fold3": 0.584, "gbm_nll_fold3": 1.455858588218689, "gbm_accuracy_fold4": 0.616, "gbm_nll_fold4": 1.3579555749893188, "LightGBM_nll": 1.4537596702575684, "LightGBM_accuracy": 0.5740000000000001, "LightGBM_combo": 0.8797596702575683, "_step": 0, "_wandb": {"runtime": 7}}