{"lsam_accuracy_fold1": 0.424, "_timestamp": 1657520062, "_runtime": 162, "lsam_nll_fold1": 1.3927017450332642, "lsam_accuracy_fold2": 0.48, "lsam_nll_fold2": 1.3881441354751587, "lsam_accuracy_fold3": 0.4, "lsam_nll_fold3": 1.4105335474014282, "lsam_accuracy_fold4": 0.624, "lsam_nll_fold4": 1.37360417842865, "LSAM_nll": 1.39124596118927, "LSAM_accuracy": 0.482, "_step": 0, "_wandb": {"runtime": 164}}