{"gbm_accuracy_fold1": 0.56, "_timestamp": 1657608262, "_runtime": 12, "gbm_nll_fold1": 1.377433180809021, "gbm_accuracy_fold2": 0.608, "gbm_nll_fold2": 1.3781089782714844, "gbm_accuracy_fold3": 0.584, "gbm_nll_fold3": 1.379058837890625, "gbm_accuracy_fold4": 0.528, "gbm_nll_fold4": 1.388228416442871, "LightGBM_nll": 1.3807073831558228, "LightGBM_accuracy": 0.5700000000000001, "LightGBM_combo": 0.8107073831558227, "_step": 0, "_wandb": {"runtime": 13}}