{"gbm_accuracy_fold1": 0.9925925925925926, "_timestamp": 1657644082, "_runtime": 10, "gbm_nll_fold1": 0.030560337007045746, "gbm_accuracy_fold2": 0.9777777777777777, "gbm_nll_fold2": 0.06824439764022827, "gbm_accuracy_fold3": 0.9962962962962963, "gbm_nll_fold3": 0.01789223775267601, "gbm_accuracy_fold4": 0.9740740740740741, "gbm_nll_fold4": 0.12216965854167938, "LightGBM_nll": 0.05971665680408478, "LightGBM_accuracy": 0.9851851851851852, "LightGBM_combo": -0.9254685283811004, "_step": 0, "_wandb": {"runtime": 10}}