{"gbm_accuracy_fold1": 0.6521739130434783, "_timestamp": 1657562759, "_runtime": 6, "gbm_nll_fold1": 1.1439076662063599, "gbm_accuracy_fold2": 0.6793478260869565, "gbm_nll_fold2": 0.8827899694442749, "gbm_accuracy_fold3": 0.6467391304347826, "gbm_nll_fold3": 0.9899088144302368, "gbm_accuracy_fold4": 0.6684782608695652, "gbm_nll_fold4": 1.055467128753662, "LightGBM_nll": 1.018018364906311, "LightGBM_accuracy": 0.6616847826086956, "LightGBM_combo": 0.35633358229761547, "_step": 0, "_wandb": {"runtime": 7}}