{"gbm_accuracy_fold1": 0.762962962962963, "_timestamp": 1657552619, "_runtime": 5, "gbm_nll_fold1": 0.9784847497940063, "gbm_accuracy_fold2": 0.8, "gbm_nll_fold2": 0.8293200731277466, "gbm_accuracy_fold3": 0.8074074074074075, "gbm_nll_fold3": 0.8917669057846069, "gbm_accuracy_fold4": 0.8, "gbm_nll_fold4": 0.8785188794136047, "LightGBM_nll": 0.8945226073265076, "LightGBM_accuracy": 0.7925925925925925, "LightGBM_combo": 0.10193001473391505, "_step": 0, "_wandb": {"runtime": 6}}