{"lsam_accuracy_fold1": 0.9395546129374337, "_timestamp": 1657584752, "_runtime": 269, "lsam_nll_fold1": 1.3655219078063965, "lsam_accuracy_fold2": 0.936373276776246, "lsam_nll_fold2": 1.366316795349121, "lsam_accuracy_fold3": 0.0689289501590668, "lsam_nll_fold3": 1.3874292373657227, "lsam_accuracy_fold4": 0.051961823966065745, "lsam_nll_fold4": 1.3973313570022583, "LSAM_nll": 1.3791497945785522, "LSAM_accuracy": 0.4992046659597031, "LSAM_combo": 0.8799451286188491, "_step": 0, "_wandb": {"runtime": 269}}