{"gbm_accuracy_fold1": 0.9703703703703703, "_timestamp": 1657643848, "_runtime": 8, "gbm_nll_fold1": 0.08432997018098831, "gbm_accuracy_fold2": 0.9703703703703703, "gbm_nll_fold2": 0.0818466767668724, "gbm_accuracy_fold3": 0.9851851851851852, "gbm_nll_fold3": 0.057498130947351456, "gbm_accuracy_fold4": 0.9814814814814815, "gbm_nll_fold4": 0.041390709578990936, "LightGBM_nll": 0.06626637279987335, "LightGBM_accuracy": 0.9768518518518517, "LightGBM_combo": -0.9105854790519784, "_step": 0, "_wandb": {"runtime": 9}}