{"lsam_accuracy_fold1": 0.95864262990456, "_timestamp": 1657587186, "_runtime": 155, "lsam_nll_fold1": 0.22133338451385498, "lsam_accuracy_fold2": 0.95864262990456, "lsam_nll_fold2": 0.22366085648536682, "lsam_accuracy_fold3": 0.9183457051961824, "lsam_nll_fold3": 0.34588611125946045, "lsam_accuracy_fold4": 0.9490986214209968, "lsam_nll_fold4": 0.2549525797367096, "LSAM_nll": 0.26145821809768677, "LSAM_accuracy": 0.9461823966065748, "LSAM_combo": -0.684724178508888, "_step": 0, "_wandb": {"runtime": 157}}