{"lsam_accuracy_fold1": 0.5600000023841858, "_timestamp": 1657507518, "_runtime": 424, "lsam_nll_fold1": 1.5934677124023438, "lsam_accuracy_fold2": 0.5520000457763672, "lsam_nll_fold2": 1.8537837266921997, "lsam_accuracy_fold3": 0.5360000133514404, "lsam_nll_fold3": 1.5156012773513794, "lsam_accuracy_fold4": 0.6000000238418579, "lsam_nll_fold4": 1.5847043991088867, "LSAM_nll": 1.6368892192840576, "LSAM_accuracy": 0.562000036239624, "_step": 0, "_wandb": {"runtime": 425}}