{"gbm_accuracy_fold1": 0.9851851851851852, "_timestamp": 1657643869, "_runtime": 6, "gbm_nll_fold1": 0.08207187056541443, "gbm_accuracy_fold2": 0.9703703703703703, "gbm_nll_fold2": 0.09120149910449982, "gbm_accuracy_fold3": 0.9703703703703703, "gbm_nll_fold3": 0.09906771779060364, "gbm_accuracy_fold4": 0.9740740740740741, "gbm_nll_fold4": 0.12089459598064423, "LightGBM_nll": 0.09830892086029053, "LightGBM_accuracy": 0.9749999999999999, "LightGBM_combo": -0.8766910791397093, "_step": 0, "_wandb": {"runtime": 8}}