{"lsam_accuracy_fold1": 0.14673913043478262, "_timestamp": 1657556688, "_runtime": 177, "lsam_nll_fold1": 1.7185627222061157, "lsam_accuracy_fold2": 0.23369565217391305, "lsam_nll_fold2": 1.6819448471069336, "lsam_accuracy_fold3": 0.21739130434782608, "lsam_nll_fold3": 1.6422077417373657, "lsam_accuracy_fold4": 0.2717391304347826, "lsam_nll_fold4": 1.6853784322738647, "LSAM_nll": 1.6820234060287476, "LSAM_accuracy": 0.21739130434782608, "LSAM_combo": 1.4646321016809214, "_step": 0, "_wandb": {"runtime": 178}}