{"lsam_accuracy_fold1": 0.8481481481481481, "_timestamp": 1657636430, "_runtime": 964, "lsam_nll_fold1": 0.5362577438354492, "lsam_accuracy_fold2": 0.9740740740740741, "lsam_nll_fold2": 0.15184812247753143, "lsam_accuracy_fold3": 0.9629629629629629, "lsam_nll_fold3": 0.14910787343978882, "lsam_accuracy_fold4": 0.9703703703703703, "lsam_nll_fold4": 0.18862545490264893, "LSAM_nll": 0.2564598023891449, "LSAM_accuracy": 0.9388888888888889, "LSAM_combo": -0.682429086499744, "_step": 0, "_wandb": {"runtime": 964}}