{"gbm_accuracy_fold1": 0.584, "_timestamp": 1657542928, "_runtime": 5, "gbm_nll_fold1": 1.3302124738693237, "gbm_accuracy_fold2": 0.496, "gbm_nll_fold2": 1.711613416671753, "gbm_accuracy_fold3": 0.536, "gbm_nll_fold3": 1.407430648803711, "gbm_accuracy_fold4": 0.568, "gbm_nll_fold4": 1.524592399597168, "LightGBM_nll": 1.4934622049331665, "LightGBM_accuracy": 0.546, "LightGBM_combo": 0.9474622049331665, "_step": 0, "_wandb": {"runtime": 6}}