{"gbm_accuracy_fold1": 0.52, "_timestamp": 1657519156, "_runtime": 5, "gbm_nll_fold1": 1.5791311264038086, "gbm_accuracy_fold2": 0.544, "gbm_nll_fold2": 1.4352229833602905, "gbm_accuracy_fold3": 0.544, "gbm_nll_fold3": 1.5663789510726929, "gbm_accuracy_fold4": 0.52, "gbm_nll_fold4": 1.4315191507339478, "LightGBM_nll": 1.5030630826950073, "LightGBM_accuracy": 0.532, "_step": 0, "_wandb": {"runtime": 6}}