{"gbm_accuracy_fold1": 0.544, "_timestamp": 1657608055, "_runtime": 7, "gbm_nll_fold1": 1.380603313446045, "gbm_accuracy_fold2": 0.496, "gbm_nll_fold2": 1.3867624998092651, "gbm_accuracy_fold3": 0.584, "gbm_nll_fold3": 1.3672198057174683, "gbm_accuracy_fold4": 0.528, "gbm_nll_fold4": 1.3838796615600586, "LightGBM_nll": 1.379616379737854, "LightGBM_accuracy": 0.538, "LightGBM_combo": 0.841616379737854, "_step": 0, "_wandb": {"runtime": 8}}