{"lsam_accuracy_fold1": 0.9851851851851852, "_timestamp": 1657638770, "_runtime": 294, "lsam_nll_fold1": 0.062277670949697495, "lsam_accuracy_fold2": 0.9962962962962963, "lsam_nll_fold2": 0.03089143894612789, "lsam_accuracy_fold3": 0.9814814814814815, "lsam_nll_fold3": 0.05593132972717285, "lsam_accuracy_fold4": 0.9666666666666667, "lsam_nll_fold4": 0.1699000746011734, "LSAM_nll": 0.07975012809038162, "LSAM_accuracy": 0.9824074074074074, "LSAM_combo": -0.9026572793170258, "_step": 0, "_wandb": {"runtime": 296}}