{"lsam_accuracy_fold1": 0.562962962962963, "_timestamp": 1657547536, "_runtime": 217, "lsam_nll_fold1": 1.385946273803711, "lsam_accuracy_fold2": 0.674074074074074, "lsam_nll_fold2": 1.2416545152664185, "lsam_accuracy_fold3": 0.7111111111111111, "lsam_nll_fold3": 1.1055004596710205, "lsam_accuracy_fold4": 0.3851851851851852, "lsam_nll_fold4": 1.3937137126922607, "LSAM_nll": 1.2817037105560303, "LSAM_accuracy": 0.5833333333333334, "LSAM_combo": 0.6983703772226969, "_step": 0, "_wandb": {"runtime": 218}}