{"lsam_accuracy_fold1": 0.9872746553552492, "_timestamp": 1657663929, "_runtime": 453, "lsam_nll_fold1": 0.07747189700603485, "lsam_accuracy_fold2": 0.9798515376458112, "lsam_nll_fold2": 0.14969773590564728, "lsam_accuracy_fold3": 0.9809119830328739, "lsam_nll_fold3": 0.15109767019748688, "lsam_accuracy_fold4": 0.9798515376458112, "lsam_nll_fold4": 0.1327638179063797, "LSAM_nll": 0.12775777280330658, "LSAM_accuracy": 0.9819724284199365, "LSAM_combo": -0.8542146556166299, "_step": 0, "_wandb": {"runtime": 454}}