{"lsam_accuracy_fold1": 0.56, "_timestamp": 1657527777, "_runtime": 264, "lsam_nll_fold1": 1.366172194480896, "lsam_accuracy_fold2": 0.536, "lsam_nll_fold2": 1.4115363359451294, "lsam_accuracy_fold3": 0.4, "lsam_nll_fold3": 1.3935751914978027, "lsam_accuracy_fold4": 0.664, "lsam_nll_fold4": 1.3515843152999878, "LSAM_nll": 1.3807170391082764, "LSAM_accuracy": 0.54, "_step": 0, "_wandb": {"runtime": 265}}