{"gbm_accuracy_fold1": 0.7777777777777778, "_timestamp": 1657619291, "_runtime": 6, "gbm_nll_fold1": 1.0397493839263916, "gbm_accuracy_fold2": 0.8074074074074075, "gbm_nll_fold2": 0.7761507034301758, "gbm_accuracy_fold3": 0.7777777777777778, "gbm_nll_fold3": 0.9121429324150085, "gbm_accuracy_fold4": 0.8444444444444444, "gbm_nll_fold4": 0.8301821947097778, "LightGBM_nll": 0.8895562887191772, "LightGBM_accuracy": 0.8018518518518519, "LightGBM_combo": 0.08770443686732532, "_step": 0, "_wandb": {"runtime": 7}}