{"gbm_rmse_fold1": 0.9481041447502694, "_timestamp": 1657671153, "_runtime": 6, "gbm_rmse_fold2": 1.0182651296481013, "gbm_rmse_fold3": 1.0359349018133437, "gbm_rmse_fold4": 1.0054432226417334, "LightGBM_rmse": 1.0019368497133618, "_step": 0, "_wandb": {"runtime": 7}}