{"lsam_accuracy_fold1": 0.424, "_timestamp": 1657538623, "_runtime": 120, "lsam_nll_fold1": 1.4014948606491089, "lsam_accuracy_fold2": 0.48, "lsam_nll_fold2": 1.4107798337936401, "lsam_accuracy_fold3": 0.6, "lsam_nll_fold3": 1.3667954206466675, "lsam_accuracy_fold4": 0.376, "lsam_nll_fold4": 1.405680775642395, "LSAM_nll": 1.396187663078308, "LSAM_accuracy": 0.47, "LSAM_combo": 0.9261876630783081, "_step": 0, "_wandb": {"runtime": 121}}