{"gbm_accuracy_fold1": 0.536, "_timestamp": 1657518547, "_runtime": 5, "gbm_nll_fold1": 1.4172898530960083, "gbm_accuracy_fold2": 0.56, "gbm_nll_fold2": 1.5676615238189697, "gbm_accuracy_fold3": 0.536, "gbm_nll_fold3": 1.5218359231948853, "gbm_accuracy_fold4": 0.64, "gbm_nll_fold4": 1.3530232906341553, "LightGBM_nll": 1.4649527072906494, "LightGBM_accuracy": 0.5680000000000001, "_step": 0, "_wandb": {"runtime": 6}}