{"lsam_accuracy_fold1": 0.56, "_timestamp": 1657519881, "_runtime": 273, "lsam_nll_fold1": 1.4021351337432861, "lsam_accuracy_fold2": 0.568, "lsam_nll_fold2": 1.3863664865493774, "lsam_accuracy_fold3": 0.592, "lsam_nll_fold3": 1.3435109853744507, "lsam_accuracy_fold4": 0.544, "lsam_nll_fold4": 1.3258391618728638, "LSAM_nll": 1.364462971687317, "LSAM_accuracy": 0.5660000000000001, "_step": 0, "_wandb": {"runtime": 274}}