{"lsam_accuracy_fold1": 0.6962962962962963, "_timestamp": 1657543895, "_runtime": 257, "lsam_nll_fold1": 1.0731931924819946, "lsam_accuracy_fold2": 0.8074074074074075, "lsam_nll_fold2": 0.9224433898925781, "lsam_accuracy_fold3": 0.6444444444444445, "lsam_nll_fold3": 1.1388027667999268, "lsam_accuracy_fold4": 0.725925925925926, "lsam_nll_fold4": 1.1524680852890015, "LSAM_nll": 1.07172691822052, "LSAM_accuracy": 0.7185185185185186, "LSAM_combo": 0.35320839970200146, "_step": 0, "_wandb": {"runtime": 258}}