{"gbm_accuracy_fold1": 0.9925925925925926, "_timestamp": 1657577120, "_runtime": 6, "gbm_nll_fold1": 0.02488120086491108, "gbm_accuracy_fold2": 0.9925925925925926, "gbm_nll_fold2": 0.0319354310631752, "gbm_accuracy_fold3": 0.9888888888888889, "gbm_nll_fold3": 0.03424391895532608, "gbm_accuracy_fold4": 0.9851851851851852, "gbm_nll_fold4": 0.05297121778130531, "LightGBM_nll": 0.03600794076919556, "LightGBM_accuracy": 0.9898148148148147, "LightGBM_combo": -0.9538068740456191, "_step": 0, "_wandb": {"runtime": 7}}