{"gbm_accuracy_fold1": 0.536, "_timestamp": 1657521166, "_runtime": 5, "gbm_nll_fold1": 1.3933464288711548, "gbm_accuracy_fold2": 0.496, "gbm_nll_fold2": 1.6359031200408936, "gbm_accuracy_fold3": 0.56, "gbm_nll_fold3": 1.3795840740203857, "gbm_accuracy_fold4": 0.56, "gbm_nll_fold4": 1.4935601949691772, "LightGBM_nll": 1.4755984544754028, "LightGBM_accuracy": 0.538, "_step": 0, "_wandb": {"runtime": 6}}