{"gbm_accuracy_fold1": 0.624, "_timestamp": 1657542757, "_runtime": 7, "gbm_nll_fold1": 1.3919227123260498, "gbm_accuracy_fold2": 0.504, "gbm_nll_fold2": 1.5553314685821533, "gbm_accuracy_fold3": 0.576, "gbm_nll_fold3": 1.6583186388015747, "gbm_accuracy_fold4": 0.52, "gbm_nll_fold4": 1.524254322052002, "LightGBM_nll": 1.5324567556381226, "LightGBM_accuracy": 0.556, "LightGBM_combo": 0.9764567556381225, "_step": 0, "_wandb": {"runtime": 6}}