{"gbm_accuracy_fold1": 0.6413043478260869, "_timestamp": 1657562737, "_runtime": 6, "gbm_nll_fold1": 1.0044125318527222, "gbm_accuracy_fold2": 0.6956521739130435, "gbm_nll_fold2": 0.8696697354316711, "gbm_accuracy_fold3": 0.6304347826086957, "gbm_nll_fold3": 0.9657042026519775, "gbm_accuracy_fold4": 0.6902173913043478, "gbm_nll_fold4": 0.8500878810882568, "LightGBM_nll": 0.9224686026573181, "LightGBM_accuracy": 0.6644021739130435, "LightGBM_combo": 0.25806642874427466, "_step": 0, "_wandb": {"runtime": 6}}