{"gbm_accuracy_fold1": 0.9798515376458112, "_timestamp": 1657588307, "_runtime": 5, "gbm_nll_fold1": 0.10857413709163666, "gbm_accuracy_fold2": 0.985153764581124, "gbm_nll_fold2": 0.07604070752859116, "gbm_accuracy_fold3": 0.9840933191940615, "gbm_nll_fold3": 0.09830288589000702, "gbm_accuracy_fold4": 0.9809119830328739, "gbm_nll_fold4": 0.08890078961849213, "LightGBM_nll": 0.09295463562011719, "LightGBM_accuracy": 0.9825026511134676, "LightGBM_combo": -0.8895480154933504, "_step": 0, "_wandb": {"runtime": 6}}