{"lsam_accuracy_fold1": 0.7111111111111111, "_timestamp": 1657618446, "_runtime": 326, "lsam_nll_fold1": 1.1507989168167114, "lsam_accuracy_fold2": 0.725925925925926, "lsam_nll_fold2": 1.2819790840148926, "lsam_accuracy_fold3": 0.7037037037037037, "lsam_nll_fold3": 2.3861215114593506, "lsam_accuracy_fold4": 0.725925925925926, "lsam_nll_fold4": 1.1692619323730469, "LSAM_nll": 1.4970402717590332, "LSAM_accuracy": 0.7166666666666667, "LSAM_combo": 0.7803736050923665, "_step": 0, "_wandb": {"runtime": 327}}