{"lsam_accuracy_fold1": 0.56, "_timestamp": 1657597032, "_runtime": 182, "lsam_nll_fold1": 1.3910884857177734, "lsam_accuracy_fold2": 0.48, "lsam_nll_fold2": 1.4416519403457642, "lsam_accuracy_fold3": 0.4, "lsam_nll_fold3": 1.4058860540390015, "lsam_accuracy_fold4": 0.376, "lsam_nll_fold4": 1.4407334327697754, "LSAM_nll": 1.4198399782180786, "LSAM_accuracy": 0.45399999999999996, "LSAM_combo": 0.9658399782180787, "_step": 0, "_wandb": {"runtime": 183}}