{"lsam_accuracy_fold1": 0.576, "_timestamp": 1657604654, "_runtime": 191, "lsam_nll_fold1": 1.3649022579193115, "lsam_accuracy_fold2": 0.504, "lsam_nll_fold2": 1.3902875185012817, "lsam_accuracy_fold3": 0.616, "lsam_nll_fold3": 1.3625510931015015, "lsam_accuracy_fold4": 0.552, "lsam_nll_fold4": 1.3579832315444946, "LSAM_nll": 1.3689310550689697, "LSAM_accuracy": 0.562, "LSAM_combo": 0.8069310550689697, "_step": 0, "_wandb": {"runtime": 192}}