{"gbm_accuracy_fold1": 0.9862142099681867, "_timestamp": 1657588242, "_runtime": 6, "gbm_nll_fold1": 0.10251534730195999, "gbm_accuracy_fold2": 0.9893955461293743, "gbm_nll_fold2": 0.09456192702054977, "gbm_accuracy_fold3": 0.9883351007423118, "gbm_nll_fold3": 0.11964870989322662, "gbm_accuracy_fold4": 0.9883351007423118, "gbm_nll_fold4": 0.06631864607334137, "LightGBM_nll": 0.09576115012168884, "LightGBM_accuracy": 0.988069989395546, "LightGBM_combo": -0.8923088392738572, "_step": 0, "_wandb": {"runtime": 7}}