{"lsam_accuracy_fold1": 0.6847826086956522, "_timestamp": 1657558567, "_runtime": 341, "lsam_nll_fold1": 1.3351742029190063, "lsam_accuracy_fold2": 0.6195652173913043, "lsam_nll_fold2": 1.4597582817077637, "lsam_accuracy_fold3": 0.657608695652174, "lsam_nll_fold3": 1.5429621934890747, "lsam_accuracy_fold4": 0.6195652173913043, "lsam_nll_fold4": 1.3403677940368652, "LSAM_nll": 1.4195655584335327, "LSAM_accuracy": 0.6453804347826086, "LSAM_combo": 0.7741851236509241, "_step": 0, "_wandb": {"runtime": 341}}