{"gbm_accuracy_fold1": 0.6358695652173914, "_timestamp": 1657630859, "_runtime": 8, "gbm_nll_fold1": 0.9386171698570251, "gbm_accuracy_fold2": 0.6467391304347826, "gbm_nll_fold2": 0.9327843189239502, "gbm_accuracy_fold3": 0.6739130434782609, "gbm_nll_fold3": 0.8980799913406372, "gbm_accuracy_fold4": 0.6521739130434783, "gbm_nll_fold4": 0.9170355200767517, "LightGBM_nll": 0.9216293096542358, "LightGBM_accuracy": 0.6521739130434783, "LightGBM_combo": 0.26945539661075757, "_step": 0, "_wandb": {"runtime": 8}}