{"lsam_accuracy_fold1": 0.6521739130434783, "_timestamp": 1657625967, "_runtime": 357, "lsam_nll_fold1": 1.070181965827942, "lsam_accuracy_fold2": 0.5652173913043478, "lsam_nll_fold2": 1.4643561840057373, "lsam_accuracy_fold3": 0.6467391304347826, "lsam_nll_fold3": 1.1512428522109985, "lsam_accuracy_fold4": 0.6032608695652174, "lsam_nll_fold4": 1.060543417930603, "LSAM_nll": 1.1865811347961426, "LSAM_accuracy": 0.6168478260869565, "LSAM_combo": 0.569733308709186, "_step": 0, "_wandb": {"runtime": 358}}