{"lsam_accuracy_fold1": 0.424, "_timestamp": 1657598769, "_runtime": 209, "lsam_nll_fold1": 1.4262806177139282, "lsam_accuracy_fold2": 0.48, "lsam_nll_fold2": 1.4105671644210815, "lsam_accuracy_fold3": 0.4, "lsam_nll_fold3": 1.393811821937561, "lsam_accuracy_fold4": 0.376, "lsam_nll_fold4": 1.4165518283843994, "LSAM_nll": 1.4118027687072754, "LSAM_accuracy": 0.41999999999999993, "LSAM_combo": 0.9918027687072755, "_step": 0, "_wandb": {"runtime": 209}}