{"lsam_accuracy_fold1": 0.1111111111111111, "_timestamp": 1657563812, "_runtime": 363, "lsam_nll_fold1": 2.118370294570923, "lsam_accuracy_fold2": 0.14814814814814814, "lsam_nll_fold2": 2.115835189819336, "lsam_accuracy_fold3": 0.11851851851851852, "lsam_nll_fold3": 2.116300344467163, "lsam_accuracy_fold4": 0.11851851851851852, "lsam_nll_fold4": 2.114128828048706, "LSAM_nll": 2.1161587238311768, "LSAM_accuracy": 0.12407407407407407, "LSAM_combo": 1.9920846497571028, "_step": 0, "_wandb": {"runtime": 364}}