{"gbm_accuracy_fold1": 0.9862142099681867, "_timestamp": 1657668063, "_runtime": 12, "gbm_nll_fold1": 0.07631255686283112, "gbm_accuracy_fold2": 0.985153764581124, "gbm_nll_fold2": 0.07840893417596817, "gbm_accuracy_fold3": 0.9893955461293743, "gbm_nll_fold3": 0.07979211211204529, "gbm_accuracy_fold4": 0.9904559915164369, "gbm_nll_fold4": 0.06278827786445618, "LightGBM_nll": 0.07432547211647034, "LightGBM_accuracy": 0.9878048780487805, "LightGBM_combo": -0.9134794059323101, "_step": 0, "_wandb": {"runtime": 13}}