{"lsam_accuracy_fold1": 0.12962962962962962, "_timestamp": 1657565878, "_runtime": 618, "lsam_nll_fold1": 2.1157569885253906, "lsam_accuracy_fold2": 0.9740740740740741, "lsam_nll_fold2": 0.11465075612068176, "lsam_accuracy_fold3": 0.10740740740740741, "lsam_nll_fold3": 2.1170129776000977, "lsam_accuracy_fold4": 0.09259259259259259, "lsam_nll_fold4": 2.111386775970459, "LSAM_nll": 1.6147018671035767, "LSAM_accuracy": 0.3259259259259259, "LSAM_combo": 1.2887759411776507, "_step": 0, "_wandb": {"runtime": 619}}