{"gbm_accuracy_fold1": 0.7481481481481481, "_timestamp": 1657619423, "_runtime": 6, "gbm_nll_fold1": 0.9571393728256226, "gbm_accuracy_fold2": 0.8074074074074075, "gbm_nll_fold2": 0.8316332697868347, "gbm_accuracy_fold3": 0.7851851851851852, "gbm_nll_fold3": 1.0000174045562744, "gbm_accuracy_fold4": 0.8296296296296296, "gbm_nll_fold4": 0.8147220015525818, "LightGBM_nll": 0.9008780121803284, "LightGBM_accuracy": 0.7925925925925926, "LightGBM_combo": 0.10828541958773574, "_step": 0, "_wandb": {"runtime": 7}}