{"gbm_accuracy_fold1": 0.6358695652173914, "_timestamp": 1657563208, "_runtime": 6, "gbm_nll_fold1": 1.0694048404693604, "gbm_accuracy_fold2": 0.6739130434782609, "gbm_nll_fold2": 0.91916424036026, "gbm_accuracy_fold3": 0.6684782608695652, "gbm_nll_fold3": 0.8272872567176819, "gbm_accuracy_fold4": 0.6630434782608695, "gbm_nll_fold4": 0.7769724130630493, "LightGBM_nll": 0.8982071876525879, "LightGBM_accuracy": 0.6603260869565217, "LightGBM_combo": 0.23788110069606616, "_step": 0, "_wandb": {"runtime": 7}}