{"gbm_accuracy_fold1": 0.6195652173913043, "_timestamp": 1657563142, "_runtime": 6, "gbm_nll_fold1": 1.0264886617660522, "gbm_accuracy_fold2": 0.6467391304347826, "gbm_nll_fold2": 0.9227356314659119, "gbm_accuracy_fold3": 0.6304347826086957, "gbm_nll_fold3": 0.9506269097328186, "gbm_accuracy_fold4": 0.6467391304347826, "gbm_nll_fold4": 0.9857083559036255, "LightGBM_nll": 0.971389889717102, "LightGBM_accuracy": 0.6358695652173914, "LightGBM_combo": 0.3355203244997107, "_step": 0, "_wandb": {"runtime": 6}}