{"lsam_accuracy_fold1": 0.6370370370370371, "_timestamp": 1657609063, "_runtime": 422, "lsam_nll_fold1": 1.2051317691802979, "lsam_accuracy_fold2": 0.5925925925925926, "lsam_nll_fold2": 1.2617934942245483, "lsam_accuracy_fold3": 0.6814814814814815, "lsam_nll_fold3": 1.1727217435836792, "lsam_accuracy_fold4": 0.725925925925926, "lsam_nll_fold4": 1.1574987173080444, "LSAM_nll": 1.1992864608764648, "LSAM_accuracy": 0.6592592592592592, "LSAM_combo": 0.5400272016172056, "_step": 0, "_wandb": {"runtime": 423}}