{"lsam_accuracy_fold1": 0.424, "_timestamp": 1657528315, "_runtime": 95, "lsam_nll_fold1": 1.3926533460617065, "lsam_accuracy_fold2": 0.48, "lsam_nll_fold2": 1.3865188360214233, "lsam_accuracy_fold3": 0.4, "lsam_nll_fold3": 1.3982182741165161, "lsam_accuracy_fold4": 0.624, "lsam_nll_fold4": 1.381540060043335, "LSAM_nll": 1.3897325992584229, "LSAM_accuracy": 0.482, "_step": 0, "_wandb": {"runtime": 96}}