{"lsam_accuracy_fold1": 0.95864262990456, "_timestamp": 1657587739, "_runtime": 119, "lsam_nll_fold1": 0.4602588415145874, "lsam_accuracy_fold2": 0.9342523860021209, "lsam_nll_fold2": 0.42631545662879944, "lsam_accuracy_fold3": 0.9427359490986215, "lsam_nll_fold3": 0.32438743114471436, "lsam_accuracy_fold4": 0.9342523860021209, "lsam_nll_fold4": 0.3431963324546814, "LSAM_nll": 0.38853949308395386, "LSAM_accuracy": 0.9424708377518558, "LSAM_combo": -0.553931344667902, "_step": 0, "_wandb": {"runtime": 119}}