{"gbm_accuracy_fold1": 0.5978260869565217, "_timestamp": 1657631222, "_runtime": 6, "gbm_nll_fold1": 1.1313652992248535, "gbm_accuracy_fold2": 0.6467391304347826, "gbm_nll_fold2": 0.9210992455482483, "gbm_accuracy_fold3": 0.5706521739130435, "gbm_nll_fold3": 1.3450576066970825, "gbm_accuracy_fold4": 0.6032608695652174, "gbm_nll_fold4": 1.1301836967468262, "LightGBM_nll": 1.131926417350769, "LightGBM_accuracy": 0.6046195652173912, "LightGBM_combo": 0.5273068521333778, "_step": 0, "_wandb": {"runtime": 7}}