{"lsam_accuracy_fold1": 0.5185185185185185, "_timestamp": 1657548208, "_runtime": 123, "lsam_nll_fold1": 1.3856537342071533, "lsam_accuracy_fold2": 0.6074074074074074, "lsam_nll_fold2": 1.380477786064148, "lsam_accuracy_fold3": 0.5703703703703704, "lsam_nll_fold3": 1.3658833503723145, "lsam_accuracy_fold4": 0.6148148148148148, "lsam_nll_fold4": 1.3390419483184814, "LSAM_nll": 1.3677642345428467, "LSAM_accuracy": 0.5777777777777777, "LSAM_combo": 0.789986456765069, "_step": 0, "_wandb": {"runtime": 124}}