{"lsam_accuracy_fold1": 0.6333333333333333, "_timestamp": 1657566104, "_runtime": 211, "lsam_nll_fold1": 0.9169017672538757, "lsam_accuracy_fold2": 0.6592592592592592, "lsam_nll_fold2": 0.7821654081344604, "lsam_accuracy_fold3": 0.6555555555555556, "lsam_nll_fold3": 0.8308047652244568, "lsam_accuracy_fold4": 0.6259259259259259, "lsam_nll_fold4": 0.9354255199432373, "LSAM_nll": 0.8663243651390076, "LSAM_accuracy": 0.6435185185185185, "LSAM_combo": 0.22280584662048908, "_step": 0, "_wandb": {"runtime": 212}}