{"gbm_accuracy_fold1": 0.9703703703703703, "_timestamp": 1657643564, "_runtime": 8, "gbm_nll_fold1": 0.0792040079832077, "gbm_accuracy_fold2": 0.9555555555555556, "gbm_nll_fold2": 0.0990152582526207, "gbm_accuracy_fold3": 0.9925925925925926, "gbm_nll_fold3": 0.036097221076488495, "gbm_accuracy_fold4": 0.9666666666666667, "gbm_nll_fold4": 0.15694834291934967, "LightGBM_nll": 0.09281620383262634, "LightGBM_accuracy": 0.9712962962962963, "LightGBM_combo": -0.87848009246367, "_step": 0, "_wandb": {"runtime": 9}}