{"lsam_accuracy_fold1": 0.48148148148148145, "_timestamp": 1657543163, "_runtime": 145, "lsam_nll_fold1": 1.3868892192840576, "lsam_accuracy_fold2": 0.3925925925925926, "lsam_nll_fold2": 1.3905349969863892, "lsam_accuracy_fold3": 0.5703703703703704, "lsam_nll_fold3": 1.380408525466919, "lsam_accuracy_fold4": 0.6148148148148148, "lsam_nll_fold4": 1.3818668127059937, "LSAM_nll": 1.3849250078201294, "LSAM_accuracy": 0.5148148148148148, "LSAM_combo": 0.8701101930053146, "_step": 0, "_wandb": {"runtime": 146}}