{"lsam_accuracy_fold1": 0.7407407407407407, "_timestamp": 1657613866, "_runtime": 281, "lsam_nll_fold1": 0.9703291058540344, "lsam_accuracy_fold2": 0.7111111111111111, "lsam_nll_fold2": 1.0186394453048706, "lsam_accuracy_fold3": 0.7037037037037037, "lsam_nll_fold3": 1.1668988466262817, "lsam_accuracy_fold4": 0.6888888888888889, "lsam_nll_fold4": 1.2266944646835327, "LSAM_nll": 1.0956405401229858, "LSAM_accuracy": 0.711111111111111, "LSAM_combo": 0.3845294290118748, "_step": 0, "_wandb": {"runtime": 281}}