{"gbm_accuracy_fold1": 0.616, "_timestamp": 1657607734, "_runtime": 7, "gbm_nll_fold1": 1.3639429807662964, "gbm_accuracy_fold2": 0.536, "gbm_nll_fold2": 1.399926781654358, "gbm_accuracy_fold3": 0.512, "gbm_nll_fold3": 1.37701416015625, "gbm_accuracy_fold4": 0.536, "gbm_nll_fold4": 1.3512178659439087, "LightGBM_nll": 1.3730254173278809, "LightGBM_accuracy": 0.55, "LightGBM_combo": 0.8230254173278808, "_step": 0, "_wandb": {"runtime": 8}}