{"lsam_accuracy_fold1": 0.9925925925925926, "_timestamp": 1657633289, "_runtime": 463, "lsam_nll_fold1": 0.04154008999466896, "lsam_accuracy_fold2": 0.9777777777777777, "lsam_nll_fold2": 0.10194623470306396, "lsam_accuracy_fold3": 0.9703703703703703, "lsam_nll_fold3": 0.25713586807250977, "lsam_accuracy_fold4": 0.9777777777777777, "lsam_nll_fold4": 0.1273498386144638, "LSAM_nll": 0.13199301064014435, "LSAM_accuracy": 0.9796296296296296, "LSAM_combo": -0.8476366189894853, "_step": 0, "_wandb": {"runtime": 463}}