{"lsam_accuracy_fold1": 0.432, "_timestamp": 1657529408, "_runtime": 117, "lsam_nll_fold1": 1.3896502256393433, "lsam_accuracy_fold2": 0.52, "lsam_nll_fold2": 1.3858509063720703, "lsam_accuracy_fold3": 0.392, "lsam_nll_fold3": 1.387772798538208, "lsam_accuracy_fold4": 0.376, "lsam_nll_fold4": 1.3968479633331299, "LSAM_nll": 1.3900303840637207, "LSAM_accuracy": 0.42999999999999994, "_step": 0, "_wandb": {"runtime": 118}}