{"lsam_accuracy_fold1": 0.424, "_timestamp": 1657520429, "_runtime": 83, "lsam_nll_fold1": 1.948630452156067, "lsam_accuracy_fold2": 0.48, "lsam_nll_fold2": 1.4281957149505615, "lsam_accuracy_fold3": 0.6, "lsam_nll_fold3": 1.3570884466171265, "lsam_accuracy_fold4": 0.624, "lsam_nll_fold4": 1.5808907747268677, "LSAM_nll": 1.578701376914978, "LSAM_accuracy": 0.532, "_step": 0, "_wandb": {"runtime": 84}}