{"lsam_accuracy_fold1": 0.060445387062566275, "_timestamp": 1657580554, "_runtime": 261, "lsam_nll_fold1": 1.4039738178253174, "lsam_accuracy_fold2": 0.06362672322375397, "lsam_nll_fold2": 1.392825961112976, "lsam_accuracy_fold3": 0.9310710498409331, "lsam_nll_fold3": 1.382327914237976, "lsam_accuracy_fold4": 0.9480381760339343, "lsam_nll_fold4": 1.3826186656951904, "LSAM_nll": 1.3904366493225098, "LSAM_accuracy": 0.5007953340402969, "LSAM_combo": 0.8896413152822129, "_step": 0, "_wandb": {"runtime": 262}}