{"lsam_accuracy_fold1": 0.9798515376458112, "_timestamp": 1657666426, "_runtime": 635, "lsam_nll_fold1": 0.12381851673126221, "lsam_accuracy_fold2": 0.9819724284199364, "lsam_nll_fold2": 0.10829391330480576, "lsam_accuracy_fold3": 0.9766702014846236, "lsam_nll_fold3": 0.21723325550556183, "lsam_accuracy_fold4": 0.9703075291622482, "lsam_nll_fold4": 0.1595018357038498, "LSAM_nll": 0.15221188962459564, "LSAM_accuracy": 0.9772004241781549, "LSAM_combo": -0.8249885345535592, "_step": 0, "_wandb": {"runtime": 637}}