{"lsam_accuracy_fold1": 0.4814814627170563, "_timestamp": 1657514730, "_runtime": 345, "lsam_nll_fold1": 1.3870320320129395, "lsam_accuracy_fold2": 0.39259257912635803, "lsam_nll_fold2": 1.399684190750122, "lsam_accuracy_fold3": 0.5703703761100769, "lsam_nll_fold3": 1.382920265197754, "lsam_accuracy_fold4": 0.614814817905426, "lsam_nll_fold4": 1.3725825548171997, "LSAM_nll": 1.3855547904968262, "LSAM_accuracy": 0.5148147940635681, "_step": 0, "_wandb": {"runtime": 346}}