{"gbm_accuracy_fold1": 0.7777777777777778, "_timestamp": 1657552641, "_runtime": 6, "gbm_nll_fold1": 0.8863682746887207, "gbm_accuracy_fold2": 0.8074074074074075, "gbm_nll_fold2": 0.8603322505950928, "gbm_accuracy_fold3": 0.7703703703703704, "gbm_nll_fold3": 0.8602802753448486, "gbm_accuracy_fold4": 0.8148148148148148, "gbm_nll_fold4": 0.842439591884613, "LightGBM_nll": 0.86235511302948, "LightGBM_accuracy": 0.7925925925925926, "LightGBM_combo": 0.06976252043688735, "_step": 0, "_wandb": {"runtime": 6}}