{"lsam_accuracy_fold1": 0.5440000295639038, "_timestamp": 1657512363, "_runtime": 229, "lsam_nll_fold1": 1.385818600654602, "lsam_accuracy_fold2": 0.5200000405311584, "lsam_nll_fold2": 1.3849787712097168, "lsam_accuracy_fold3": 0.5920000076293945, "lsam_nll_fold3": 1.327447772026062, "lsam_accuracy_fold4": 0.6240000128746033, "lsam_nll_fold4": 1.367764949798584, "LSAM_nll": 1.3665025234222412, "LSAM_accuracy": 0.5700000524520874, "_step": 0, "_wandb": {"runtime": 229}}