{"gbm_accuracy_fold1": 0.625, "_timestamp": 1657631004, "_runtime": 9, "gbm_nll_fold1": 0.8823456168174744, "gbm_accuracy_fold2": 0.6684782608695652, "gbm_nll_fold2": 0.8414633274078369, "gbm_accuracy_fold3": 0.6684782608695652, "gbm_nll_fold3": 0.9470864534378052, "gbm_accuracy_fold4": 0.6739130434782609, "gbm_nll_fold4": 0.9500461220741272, "LightGBM_nll": 0.9052354097366333, "LightGBM_accuracy": 0.6589673913043478, "LightGBM_combo": 0.24626801843228552, "_step": 0, "_wandb": {"runtime": 10}}