{"gbm_accuracy_fold1": 0.592, "_timestamp": 1657607711, "_runtime": 6, "gbm_nll_fold1": 1.3862718343734741, "gbm_accuracy_fold2": 0.544, "gbm_nll_fold2": 1.3828331232070923, "gbm_accuracy_fold3": 0.552, "gbm_nll_fold3": 1.3813371658325195, "gbm_accuracy_fold4": 0.6, "gbm_nll_fold4": 1.3832879066467285, "LightGBM_nll": 1.3834325075149536, "LightGBM_accuracy": 0.5720000000000001, "LightGBM_combo": 0.8114325075149535, "_step": 0, "_wandb": {"runtime": 6}}