{"gbm_accuracy_fold1": 0.568, "_timestamp": 1657518722, "_runtime": 5, "gbm_nll_fold1": 1.3820762634277344, "gbm_accuracy_fold2": 0.52, "gbm_nll_fold2": 1.6507877111434937, "gbm_accuracy_fold3": 0.56, "gbm_nll_fold3": 1.370477318763733, "gbm_accuracy_fold4": 0.584, "gbm_nll_fold4": 1.4491047859191895, "LightGBM_nll": 1.4631115198135376, "LightGBM_accuracy": 0.558, "_step": 0, "_wandb": {"runtime": 7}}