{"lsam_accuracy_fold1": 0.424, "_timestamp": 1657520949, "_runtime": 241, "lsam_nll_fold1": 1.3879097700119019, "lsam_accuracy_fold2": 0.52, "lsam_nll_fold2": 1.3860387802124023, "lsam_accuracy_fold3": 0.4, "lsam_nll_fold3": 22.10481834411621, "lsam_accuracy_fold4": 0.624, "lsam_nll_fold4": 13.8523530960083, "LSAM_nll": 9.682780265808105, "LSAM_accuracy": 0.492, "_step": 0, "_wandb": {"runtime": 242}}