{"lsam_accuracy_fold1": 0.9840933191940615, "_timestamp": 1657651944, "_runtime": 588, "lsam_nll_fold1": 0.10349123179912567, "lsam_accuracy_fold2": 0.9840933191940615, "lsam_nll_fold2": 0.10614487528800964, "lsam_accuracy_fold3": 0.9819724284199364, "lsam_nll_fold3": 0.17974863946437836, "lsam_accuracy_fold4": 0.9787910922587487, "lsam_nll_fold4": 0.13649393618106842, "LSAM_nll": 0.13146966695785522, "LSAM_accuracy": 0.982237539766702, "LSAM_combo": -0.8507678728088468, "_step": 0, "_wandb": {"runtime": 589}}