{"gbm_accuracy_fold1": 0.9883351007423118, "_timestamp": 1657668297, "_runtime": 6, "gbm_nll_fold1": 0.07546470314264297, "gbm_accuracy_fold2": 0.9872746553552492, "gbm_nll_fold2": 0.1082204133272171, "gbm_accuracy_fold3": 0.9872746553552492, "gbm_nll_fold3": 0.14889785647392273, "gbm_accuracy_fold4": 0.9893955461293743, "gbm_nll_fold4": 0.05095255747437477, "LightGBM_nll": 0.09588388353586197, "LightGBM_accuracy": 0.9880699893955461, "LightGBM_combo": -0.8921861058596842, "_step": 0, "_wandb": {"runtime": 7}}