{"lsam_accuracy_fold1": 0.6, "_timestamp": 1657603096, "_runtime": 290, "lsam_nll_fold1": 1.3399076461791992, "lsam_accuracy_fold2": 0.544, "lsam_nll_fold2": 1.4415225982666016, "lsam_accuracy_fold3": 0.608, "lsam_nll_fold3": 1.3343528509140015, "lsam_accuracy_fold4": 0.6, "lsam_nll_fold4": 1.3387305736541748, "LSAM_nll": 1.3636283874511719, "LSAM_accuracy": 0.5880000000000001, "LSAM_combo": 0.7756283874511718, "_step": 0, "_wandb": {"runtime": 291}}