{"lsam_accuracy_fold1": 0.837037037037037, "_timestamp": 1657570037, "_runtime": 392, "lsam_nll_fold1": 0.6379771828651428, "lsam_accuracy_fold2": 0.825925925925926, "lsam_nll_fold2": 0.5484586358070374, "lsam_accuracy_fold3": 0.8037037037037037, "lsam_nll_fold3": 0.6713173389434814, "lsam_accuracy_fold4": 0.7814814814814814, "lsam_nll_fold4": 0.6358395218849182, "LSAM_nll": 0.6233981847763062, "LSAM_accuracy": 0.8120370370370371, "LSAM_combo": -0.18863885226073096, "_step": 0, "_wandb": {"runtime": 393}}