{"gbm_accuracy_fold1": 0.7777777777777778, "_timestamp": 1657619081, "_runtime": 5, "gbm_nll_fold1": 0.8794350028038025, "gbm_accuracy_fold2": 0.7777777777777778, "gbm_nll_fold2": 0.7955647110939026, "gbm_accuracy_fold3": 0.7777777777777778, "gbm_nll_fold3": 0.9789151549339294, "gbm_accuracy_fold4": 0.7851851851851852, "gbm_nll_fold4": 0.8898600339889526, "LightGBM_nll": 0.8859437704086304, "LightGBM_accuracy": 0.7796296296296297, "LightGBM_combo": 0.1063141407790007, "_step": 0, "_wandb": {"runtime": 6}}