{"lsam_accuracy_fold1": 0.7777777777777778, "_timestamp": 1657550707, "_runtime": 255, "lsam_nll_fold1": 0.9686680436134338, "lsam_accuracy_fold2": 0.7111111111111111, "lsam_nll_fold2": 1.051073431968689, "lsam_accuracy_fold3": 0.6888888888888889, "lsam_nll_fold3": 0.9970700740814209, "lsam_accuracy_fold4": 0.7777777777777778, "lsam_nll_fold4": 1.0021429061889648, "LSAM_nll": 1.0047385692596436, "LSAM_accuracy": 0.7388888888888889, "LSAM_combo": 0.2658496803707546, "_step": 0, "_wandb": {"runtime": 255}}