{"gbm_accuracy_fold1": 0.5869565217391305, "_timestamp": 1657563034, "_runtime": 7, "gbm_nll_fold1": 0.978862464427948, "gbm_accuracy_fold2": 0.625, "gbm_nll_fold2": 1.1393115520477295, "gbm_accuracy_fold3": 0.5652173913043478, "gbm_nll_fold3": 1.3129667043685913, "gbm_accuracy_fold4": 0.5978260869565217, "gbm_nll_fold4": 1.2171313762664795, "LightGBM_nll": 1.1620681285858154, "LightGBM_accuracy": 0.59375, "LightGBM_combo": 0.5683181285858154, "_step": 0, "_wandb": {"runtime": 8}}