,+noise,+signal,p-value
"{0, 1, 2, 3}",,,
"{0, 1, 2}",,4.743534,
"{0, 1, 3}",4.3721495,,
"{0, 1}",3.678336,4.359513,0.08363176283704889
"{0, 2, 3}",,,
"{0, 2}",,2.715538,
"{0, 3}",3.308525,,
{0},0.2555699,3.786048,0.014463253065223232
"{1, 2, 3}",,,
"{1, 2}",,4.463342,
"{1, 3}",3.949124,,
{1},0.31673625,4.4138956,0.00014362421953940021
"{2, 3}",,,
{2},,2.9041429,
{3},2.9086933,,
{},0.07215547,4.9549804,0.00046311768197243857
