,+noise,+signal,p-value
"{0, 1, 2, 3}",,,
"{0, 1, 2}",,4.8421497,
"{0, 1, 3}",5.1231546,,
"{0, 1}",3.1153455,5.0033913,2.2570020386436534e-07
"{0, 2, 3}",,,
"{0, 2}",,3.4701073,
"{0, 3}",2.4307585,,
{0},0.23976995,3.6080058,3.9883583910562983e-13
"{1, 2, 3}",,,
"{1, 2}",,4.963257,
"{1, 3}",3.8034627,,
{1},0.2615421,4.961289,3.836326234110282e-15
"{2, 3}",,,
{2},,3.552389,
{3},3.7668636,,
{},0.105832726,5.5484,4.845307050109782e-14
