,+noise,+signal,p-value
"{0, 1, 2, 3}",,,
"{0, 1, 2}",,3.9754996,
"{0, 1, 3}",3.8858485,,
"{0, 1}",2.6296318,3.7860382,0.014270986691523824
"{0, 2, 3}",,,
"{0, 2}",,2.174206,
"{0, 3}",1.2432997,,
{0},0.16464303,2.4088016,8.244545366729771e-05
"{1, 2, 3}",,,
"{1, 2}",,3.8039937,
"{1, 3}",3.1867146,,
{1},0.13734029,3.92395,0.00018043484059433021
"{2, 3}",,,
{2},,2.2969902,
{3},2.5421495,,
{},0.036740486,4.373883,6.28343472901638e-05
