,+noise,+signal,p-value
"{0, 1, 2, 3}",,,
"{0, 1, 2}",,4.0965824,
"{0, 1, 3}",4.1949987,,
"{0, 1}",3.3496704,4.2890134,0.0010909616594837795
"{0, 2, 3}",,,
"{0, 2}",,2.6266468,
"{0, 3}",3.240034,,
{0},0.4188726,2.9110215,6.85012684795016e-11
"{1, 2, 3}",,,
"{1, 2}",,2.9952235,
"{1, 3}",3.62159,,
{1},0.4575244,3.4640455,4.963681948844624e-12
"{2, 3}",,,
{2},,2.9223437,
{3},4.3678527,,
{},0.048708677,5.264619,4.697628092234343e-12
