,+noise,+signal,p-value
"{0, 1, 2, 3}",,,
"{0, 1, 2}",,3.933672,
"{0, 1, 3}",3.5421493,,
"{0, 1}",3.1684747,4.292975,2.7834706614325098e-05
"{0, 2, 3}",,,
"{0, 2}",,4.049447,
"{0, 3}",4.060882,,
{0},1.4406961,4.4727626,2.6397253938831598e-14
"{1, 2, 3}",,,
"{1, 2}",,4.1777854,
"{1, 3}",4.1285133,,
{1},1.9075788,4.7668943,1.7979560184933332e-11
"{2, 3}",,,
{2},,4.628781,
{3},4.4994125,,
{},0.28367126,5.7188964,2.907203600539574e-14
