,+noise,+signal,p-value
"{0, 1, 2, 3}",,,
"{0, 1, 2}",,531.62506,
"{0, 1, 3}",28.095303,,
"{0, 1}",10.75713,549.71625,3.977952529065286e-06
"{0, 2, 3}",,,
"{0, 2}",,670.53284,
"{0, 3}",40.348774,,
{0},11.443839,699.2979,1.4018751899378238e-06
"{1, 2, 3}",,,
"{1, 2}",,576.31866,
"{1, 3}",54.27327,,
{1},17.99039,599.3586,3.7291352793648745e-06
"{2, 3}",,,
{2},,728.1181,
{3},125.334274,,
{},2.1884592,734.72296,1.4038776607586365e-05
