,+noise,+signal,p-value
"{0, 1, 2, 3}",,,
"{0, 1, 2}",,92.24209,
"{0, 1, 3}",1.6392092e-07,,
"{0, 1}",0.1160295,92.2915,2.0994431524365155e-24
"{0, 2, 3}",,,
"{0, 2}",,81.44332,
"{0, 3}",1.2378261e-07,,
{0},0.13964994,81.49969,2.511307503469633e-34
"{1, 2, 3}",,,
"{1, 2}",,92.71578,
"{1, 3}",1.4818262e-07,,
{1},0.11835317,92.76713,1.544544372392663e-24
"{2, 3}",,,
{2},,81.9763,
{3},1.0204432e-07,,
{},0.14265391,82.03516,3.071332616904023e-34
