,+noise,+signal,p-value
"{0, 1, 2, 3}",,,
"{0, 1, 2}",,408.08066,
"{0, 1, 3}",18.680326,,
"{0, 1}",8.161899,419.37723,9.260363475334279e-10
"{0, 2, 3}",,,
"{0, 2}",,488.7074,
"{0, 3}",29.877048,,
{0},5.4458385,509.97928,1.4974506527687843e-09
"{1, 2, 3}",,,
"{1, 2}",,453.37506,
"{1, 3}",33.47082,,
{1},12.447428,467.95813,3.3030857758518388e-09
"{2, 3}",,,
{2},,545.07886,
{3},61.45048,,
{},1.761626,587.67065,3.8844478027145686e-08
