,+noise,+signal,p-value
"{0, 1, 2, 3}",,,
"{0, 1, 2}",,289.44583,
"{0, 1, 3}",24.056229,,
"{0, 1}",3.0100546,310.61182,0.0001071217498792024
"{0, 2, 3}",,,
"{0, 2}",,325.40195,
"{0, 3}",37.591442,,
{0},1.9987975,361.7595,0.00012689867186329426
"{1, 2, 3}",,,
"{1, 2}",,309.80765,
"{1, 3}",35.364193,,
{1},4.8109837,341.04425,0.0001341595769853002
"{2, 3}",,,
{2},,359.85303,
{3},72.287346,,
{},3.6813686,432.3236,0.00017383158628038245
