,+noise,+signal,p-value
"{0, 1, 2, 3}",,,
"{0, 1, 2}",,9.565945,
"{0, 1, 3}",1.9774837,,
"{0, 1}",1.7565501,9.594556,1.01895380638624e-08
"{0, 2, 3}",,,
"{0, 2}",,10.909173,
"{0, 3}",2.1299722,,
{0},1.5617325,11.067195,7.32796874284754e-08
"{1, 2, 3}",,,
"{1, 2}",,10.999636,
"{1, 3}",1.872305,,
{1},1.4376742,11.039766,2.199991644524148e-07
"{2, 3}",,,
{2},,12.158091,
{3},2.1740472,,
{},1.3366917,12.29298,1.4795728144430576e-06
