,+noise,+signal,p-value
"{0, 1, 2, 3}",,,
"{0, 1, 2}",,113.92531,
"{0, 1, 3}",3.9815261,,
"{0, 1}",1.0613587,114.799774,1.9342857926046845e-06
"{0, 2, 3}",,,
"{0, 2}",,124.77083,
"{0, 3}",4.4881907,,
{0},0.78281707,125.67508,1.0717964306020607e-06
"{1, 2, 3}",,,
"{1, 2}",,118.71004,
"{1, 3}",7.045378,,
{1},2.151813,120.84694,7.687594869220785e-06
"{2, 3}",,,
{2},,129.80034,
{3},8.34285,,
{},1.107862,131.764,8.768387687898465e-06
