{"gbm_accuracy_fold1": 0.7851851851851852, "_timestamp": 1657552416, "_runtime": 5, "gbm_nll_fold1": 1.0377994775772095, "gbm_accuracy_fold2": 0.7925925925925926, "gbm_nll_fold2": 0.9528437852859497, "gbm_accuracy_fold3": 0.7851851851851852, "gbm_nll_fold3": 0.9379412531852722, "gbm_accuracy_fold4": 0.7925925925925926, "gbm_nll_fold4": 0.9900615215301514, "LightGBM_nll": 0.9796615242958069, "LightGBM_accuracy": 0.788888888888889, "LightGBM_combo": 0.1907726354069179, "_step": 0, "_wandb": {"runtime": 6}}