{"gbm_accuracy_fold1": 0.9862142099681867, "_timestamp": 1657668565, "_runtime": 7, "gbm_nll_fold1": 0.1420312374830246, "gbm_accuracy_fold2": 0.985153764581124, "gbm_nll_fold2": 0.08693649619817734, "gbm_accuracy_fold3": 0.9883351007423118, "gbm_nll_fold3": 0.11184314638376236, "gbm_accuracy_fold4": 0.9862142099681867, "gbm_nll_fold4": 0.07462837547063828, "LightGBM_nll": 0.1038598120212555, "LightGBM_accuracy": 0.9864793213149523, "LightGBM_combo": -0.8826195092936968, "_step": 0, "_wandb": {"runtime": 8}}