{"lsam_accuracy_fold1": 0.7037037037037037, "_timestamp": 1657614092, "_runtime": 206, "lsam_nll_fold1": 1.0791980028152466, "lsam_accuracy_fold2": 0.5555555555555556, "lsam_nll_fold2": 1.253873348236084, "lsam_accuracy_fold3": 0.5851851851851851, "lsam_nll_fold3": 1.3819448947906494, "lsam_accuracy_fold4": 0.5851851851851851, "lsam_nll_fold4": 1.230751633644104, "LSAM_nll": 1.236441969871521, "LSAM_accuracy": 0.6074074074074074, "LSAM_combo": 0.6290345624641136, "_step": 0, "_wandb": {"runtime": 207}}