{"lsam_accuracy_fold1": 0.424, "_timestamp": 1657530151, "_runtime": 356, "lsam_nll_fold1": 1.3870271444320679, "lsam_accuracy_fold2": 0.48, "lsam_nll_fold2": 1.388211727142334, "lsam_accuracy_fold3": 0.6, "lsam_nll_fold3": 1.3831374645233154, "lsam_accuracy_fold4": 0.624, "lsam_nll_fold4": 1.3816372156143188, "LSAM_nll": 1.3850034475326538, "LSAM_accuracy": 0.532, "_step": 0, "_wandb": {"runtime": 357}}