{"gbm_accuracy_fold1": 0.56, "_timestamp": 1657607688, "_runtime": 5, "gbm_nll_fold1": 1.6473015546798706, "gbm_accuracy_fold2": 0.48, "gbm_nll_fold2": 1.4544847011566162, "gbm_accuracy_fold3": 0.592, "gbm_nll_fold3": 1.3174469470977783, "gbm_accuracy_fold4": 0.592, "gbm_nll_fold4": 1.3447706699371338, "LightGBM_nll": 1.4410009384155273, "LightGBM_accuracy": 0.556, "LightGBM_combo": 0.8850009384155273, "_step": 0, "_wandb": {"runtime": 7}}