{"gbm_accuracy_fold1": 0.9703703703703703, "_timestamp": 1657643679, "_runtime": 8, "gbm_nll_fold1": 0.09504276514053345, "gbm_accuracy_fold2": 0.9592592592592593, "gbm_nll_fold2": 0.14638301730155945, "gbm_accuracy_fold3": 0.9925925925925926, "gbm_nll_fold3": 0.02296222746372223, "gbm_accuracy_fold4": 0.9703703703703703, "gbm_nll_fold4": 0.10417292267084122, "LightGBM_nll": 0.09214023500680923, "LightGBM_accuracy": 0.9731481481481481, "LightGBM_combo": -0.8810079131413389, "_step": 0, "_wandb": {"runtime": 10}}