{"gbm_accuracy_fold1": 0.657608695652174, "_timestamp": 1657630654, "_runtime": 11, "gbm_nll_fold1": 1.0069552659988403, "gbm_accuracy_fold2": 0.6739130434782609, "gbm_nll_fold2": 0.9750915169715881, "gbm_accuracy_fold3": 0.6413043478260869, "gbm_nll_fold3": 0.9846107959747314, "gbm_accuracy_fold4": 0.657608695652174, "gbm_nll_fold4": 0.8302636742591858, "LightGBM_nll": 0.9492303133010864, "LightGBM_accuracy": 0.657608695652174, "LightGBM_combo": 0.2916216176489125, "_step": 0, "_wandb": {"runtime": 12}}