{"gbm_accuracy_fold1": 0.584, "_timestamp": 1657607777, "_runtime": 6, "gbm_nll_fold1": 1.3625491857528687, "gbm_accuracy_fold2": 0.6, "gbm_nll_fold2": 1.4244844913482666, "gbm_accuracy_fold3": 0.616, "gbm_nll_fold3": 1.4312489032745361, "gbm_accuracy_fold4": 0.656, "gbm_nll_fold4": 1.3367520570755005, "LightGBM_nll": 1.388758659362793, "LightGBM_accuracy": 0.614, "LightGBM_combo": 0.774758659362793, "_step": 0, "_wandb": {"runtime": 7}}