{"gbm_accuracy_fold1": 0.6684782608695652, "_timestamp": 1657630881, "_runtime": 7, "gbm_nll_fold1": 0.8652663826942444, "gbm_accuracy_fold2": 0.6684782608695652, "gbm_nll_fold2": 0.8156294226646423, "gbm_accuracy_fold3": 0.6358695652173914, "gbm_nll_fold3": 0.9607526063919067, "gbm_accuracy_fold4": 0.6630434782608695, "gbm_nll_fold4": 0.8424018621444702, "LightGBM_nll": 0.8710125684738159, "LightGBM_accuracy": 0.6589673913043478, "LightGBM_combo": 0.21204517716946814, "_step": 0, "_wandb": {"runtime": 8}}