{"lsam_accuracy_fold1": 0.6148148148148148, "_timestamp": 1657612511, "_runtime": 292, "lsam_nll_fold1": 1.2486857175827026, "lsam_accuracy_fold2": 0.5333333333333333, "lsam_nll_fold2": 1.404556155204773, "lsam_accuracy_fold3": 0.6074074074074074, "lsam_nll_fold3": 1.2345389127731323, "lsam_accuracy_fold4": 0.3851851851851852, "lsam_nll_fold4": 1.3962082862854004, "LSAM_nll": 1.3209972381591797, "LSAM_accuracy": 0.5351851851851852, "LSAM_combo": 0.7858120529739945, "_step": 0, "_wandb": {"runtime": 293}}