{"gbm_accuracy_fold1": 0.6304347826086957, "_timestamp": 1657630706, "_runtime": 8, "gbm_nll_fold1": 0.9702417850494385, "gbm_accuracy_fold2": 0.6413043478260869, "gbm_nll_fold2": 0.9551361203193665, "gbm_accuracy_fold3": 0.592391304347826, "gbm_nll_fold3": 0.9410825371742249, "gbm_accuracy_fold4": 0.6739130434782609, "gbm_nll_fold4": 0.82454514503479, "LightGBM_nll": 0.9227513670921326, "LightGBM_accuracy": 0.6345108695652174, "LightGBM_combo": 0.28824049752691516, "_step": 0, "_wandb": {"runtime": 9}}