{"gbm_accuracy_fold1": 0.544, "_timestamp": 1657607646, "_runtime": 6, "gbm_nll_fold1": 1.3831204175949097, "gbm_accuracy_fold2": 0.576, "gbm_nll_fold2": 1.3817434310913086, "gbm_accuracy_fold3": 0.592, "gbm_nll_fold3": 1.381247639656067, "gbm_accuracy_fold4": 0.584, "gbm_nll_fold4": 1.3810752630233765, "LightGBM_nll": 1.3817967176437378, "LightGBM_accuracy": 0.5740000000000001, "LightGBM_combo": 0.8077967176437377, "_step": 0, "_wandb": {"runtime": 7}}