{"lsam_accuracy_fold1": 0.52, "_timestamp": 1657596677, "_runtime": 192, "lsam_nll_fold1": 1.3871018886566162, "lsam_accuracy_fold2": 0.528, "lsam_nll_fold2": 1.3825215101242065, "lsam_accuracy_fold3": 0.616, "lsam_nll_fold3": 1.3751914501190186, "lsam_accuracy_fold4": 0.624, "lsam_nll_fold4": 1.3822005987167358, "LSAM_nll": 1.3817538022994995, "LSAM_accuracy": 0.5720000000000001, "LSAM_combo": 0.8097538022994994, "_step": 0, "_wandb": {"runtime": 193}}