{"gbm_accuracy_fold1": 0.9809119830328739, "_timestamp": 1657588045, "_runtime": 5, "gbm_nll_fold1": 0.09004709124565125, "gbm_accuracy_fold2": 0.985153764581124, "gbm_nll_fold2": 0.06323728710412979, "gbm_accuracy_fold3": 0.985153764581124, "gbm_nll_fold3": 0.08274298906326294, "gbm_accuracy_fold4": 0.9872746553552492, "gbm_nll_fold4": 0.08374586701393127, "LightGBM_nll": 0.07994330674409866, "LightGBM_accuracy": 0.9846235418875928, "LightGBM_combo": -0.9046802351434942, "_step": 0, "_wandb": {"runtime": 6}}