{"gbm_accuracy_fold1": 0.9666666666666667, "_timestamp": 1657577460, "_runtime": 18, "gbm_nll_fold1": 0.11042015254497528, "gbm_accuracy_fold2": 0.9592592592592593, "gbm_nll_fold2": 0.1303451508283615, "gbm_accuracy_fold3": 0.9925925925925926, "gbm_nll_fold3": 0.06617183983325958, "gbm_accuracy_fold4": 0.9703703703703703, "gbm_nll_fold4": 0.12438911199569702, "LightGBM_nll": 0.10783156752586365, "LightGBM_accuracy": 0.9722222222222222, "LightGBM_combo": -0.8643906546963586, "_step": 0, "_wandb": {"runtime": 19}}