{"lsam_accuracy_fold1": 0.9395546129374337, "_timestamp": 1657580275, "_runtime": 81, "lsam_nll_fold1": 1.342373251914978, "lsam_accuracy_fold2": 0.936373276776246, "lsam_nll_fold2": 1.3285305500030518, "lsam_accuracy_fold3": 0.9310710498409331, "lsam_nll_fold3": 1.3241486549377441, "lsam_accuracy_fold4": 0.051961823966065745, "lsam_nll_fold4": 1.4522790908813477, "LSAM_nll": 1.361832857131958, "LSAM_accuracy": 0.7147401908801696, "LSAM_combo": 0.6470926662517884, "_step": 0, "_wandb": {"runtime": 81}}