{"lsam_accuracy_fold1": 0.6370370370370371, "_timestamp": 1657548545, "_runtime": 318, "lsam_nll_fold1": 1.1949360370635986, "lsam_accuracy_fold2": 0.725925925925926, "lsam_nll_fold2": 1.1071560382843018, "lsam_accuracy_fold3": 0.6814814814814815, "lsam_nll_fold3": 1.1738154888153076, "lsam_accuracy_fold4": 0.725925925925926, "lsam_nll_fold4": 1.1588549613952637, "LSAM_nll": 1.1586906909942627, "LSAM_accuracy": 0.6925925925925926, "LSAM_combo": 0.46609809840167005, "_step": 0, "_wandb": {"runtime": 319}}