{"lsam_accuracy_fold1": 0.9703075291622482, "_timestamp": 1657587427, "_runtime": 222, "lsam_nll_fold1": 0.19371311366558075, "lsam_accuracy_fold2": 0.968186638388123, "lsam_nll_fold2": 0.16679541766643524, "lsam_accuracy_fold3": 0.9660657476139979, "lsam_nll_fold3": 0.23677010834217072, "lsam_accuracy_fold4": 0.9353128313891834, "lsam_nll_fold4": 0.28082412481307983, "LSAM_nll": 0.21952569484710693, "LSAM_accuracy": 0.9599681866383881, "LSAM_combo": -0.7404424917912812, "_step": 0, "_wandb": {"runtime": 222}}