{"lsam_accuracy_fold1": 0.9629629629629629, "_timestamp": 1657642834, "_runtime": 586, "lsam_nll_fold1": 0.18018227815628052, "lsam_accuracy_fold2": 0.9703703703703703, "lsam_nll_fold2": 0.14565803110599518, "lsam_accuracy_fold3": 0.9851851851851852, "lsam_nll_fold3": 0.09427981078624725, "lsam_accuracy_fold4": 0.9629629629629629, "lsam_nll_fold4": 0.1769043207168579, "LSAM_nll": 0.14925611019134521, "LSAM_accuracy": 0.9703703703703703, "LSAM_combo": -0.8211142601790251, "_step": 0, "_wandb": {"runtime": 586}}