{"gbm_accuracy_fold1": 0.9883351007423118, "_timestamp": 1657668586, "_runtime": 6, "gbm_nll_fold1": 0.057167716324329376, "gbm_accuracy_fold2": 0.9904559915164369, "gbm_nll_fold2": 0.07691112905740738, "gbm_accuracy_fold3": 0.9893955461293743, "gbm_nll_fold3": 0.10832776874303818, "gbm_accuracy_fold4": 0.9893955461293743, "gbm_nll_fold4": 0.07747925072908401, "LightGBM_nll": 0.07997146248817444, "LightGBM_accuracy": 0.9893955461293743, "LightGBM_combo": -0.9094240836411999, "_step": 0, "_wandb": {"runtime": 7}}