{"lsam_accuracy_fold1": 0.608, "_timestamp": 1657529135, "_runtime": 106, "lsam_nll_fold1": 1.3829339742660522, "lsam_accuracy_fold2": 0.52, "lsam_nll_fold2": 1.3848484754562378, "lsam_accuracy_fold3": 0.4, "lsam_nll_fold3": 1.4452402591705322, "lsam_accuracy_fold4": 0.656, "lsam_nll_fold4": 1.3746553659439087, "LSAM_nll": 1.3969194889068604, "LSAM_accuracy": 0.546, "_step": 0, "_wandb": {"runtime": 107}}