{"lsam_accuracy_fold1": 0.9809119830328739, "_timestamp": 1657659043, "_runtime": 334, "lsam_nll_fold1": 0.10556451231241226, "lsam_accuracy_fold2": 0.9830328738069989, "lsam_nll_fold2": 0.11273980885744095, "lsam_accuracy_fold3": 0.9798515376458112, "lsam_nll_fold3": 0.18489111959934235, "lsam_accuracy_fold4": 0.9724284199363733, "lsam_nll_fold4": 0.16274766623973846, "LSAM_nll": 0.1414857804775238, "LSAM_accuracy": 0.9790562036055144, "LSAM_combo": -0.8375704231279906, "_step": 0, "_wandb": {"runtime": 335}}