{"lsam_accuracy_fold1": 0.6793478260869565, "_timestamp": 1657627687, "_runtime": 262, "lsam_nll_fold1": 0.8114299774169922, "lsam_accuracy_fold2": 0.6032608695652174, "lsam_nll_fold2": 0.879414439201355, "lsam_accuracy_fold3": 0.5434782608695652, "lsam_nll_fold3": 0.9947191476821899, "lsam_accuracy_fold4": 0.6086956521739131, "lsam_nll_fold4": 0.8553654551506042, "LSAM_nll": 0.8852322697639465, "LSAM_accuracy": 0.6086956521739131, "LSAM_combo": 0.27653661759003345, "_step": 0, "_wandb": {"runtime": 263}}