{"lsam_accuracy_fold1": 0.6370370370370371, "_timestamp": 1657547305, "_runtime": 584, "lsam_nll_fold1": 1.1956902742385864, "lsam_accuracy_fold2": 0.674074074074074, "lsam_nll_fold2": 1.2348670959472656, "lsam_accuracy_fold3": 0.6814814814814815, "lsam_nll_fold3": 1.1857306957244873, "lsam_accuracy_fold4": 0.725925925925926, "lsam_nll_fold4": 1.1615511178970337, "LSAM_nll": 1.1944597959518433, "LSAM_accuracy": 0.6796296296296296, "LSAM_combo": 0.5148301663222137, "_step": 0, "_wandb": {"runtime": 585}}