{"gbm_accuracy_fold1": 0.544, "_timestamp": 1657535585, "_runtime": 5, "gbm_nll_fold1": 1.5196505784988403, "gbm_accuracy_fold2": 0.512, "gbm_nll_fold2": 1.6626148223876953, "gbm_accuracy_fold3": 0.584, "gbm_nll_fold3": 1.3894543647766113, "gbm_accuracy_fold4": 0.568, "gbm_nll_fold4": 1.3912557363510132, "LightGBM_nll": 1.49074387550354, "LightGBM_accuracy": 0.552, "_step": 0, "_wandb": {"runtime": 6}}