{"gbm_accuracy_fold1": 0.6413043478260869, "_timestamp": 1657631052, "_runtime": 8, "gbm_nll_fold1": 0.9371761083602905, "gbm_accuracy_fold2": 0.6956521739130435, "gbm_nll_fold2": 0.8759280443191528, "gbm_accuracy_fold3": 0.6086956521739131, "gbm_nll_fold3": 0.9567031860351562, "gbm_accuracy_fold4": 0.7119565217391305, "gbm_nll_fold4": 0.836761474609375, "LightGBM_nll": 0.9016422033309937, "LightGBM_accuracy": 0.6644021739130435, "LightGBM_combo": 0.2372400294179502, "_step": 0, "_wandb": {"runtime": 9}}