{"lsam_accuracy_fold1": 0.2704135737009544, "_timestamp": 1657583626, "_runtime": 273, "lsam_nll_fold1": 1.508219838142395, "lsam_accuracy_fold2": 0.2608695652173913, "lsam_nll_fold2": 1.521465539932251, "lsam_accuracy_fold3": 0.26617179215270415, "lsam_nll_fold3": 1.4942532777786255, "lsam_accuracy_fold4": 0.256627783669141, "lsam_nll_fold4": 1.4399019479751587, "LSAM_nll": 1.4909601211547852, "LSAM_accuracy": 0.2635206786850477, "LSAM_combo": 1.2274394424697375, "_step": 0, "_wandb": {"runtime": 275}}