{"lsam_accuracy_fold1": 0.9962962962962963, "_timestamp": 1657640653, "_runtime": 375, "lsam_nll_fold1": 0.015684595331549644, "lsam_accuracy_fold2": 0.9962962962962963, "lsam_nll_fold2": 0.029312435537576675, "lsam_accuracy_fold3": 0.9814814814814815, "lsam_nll_fold3": 0.13554887473583221, "lsam_accuracy_fold4": 0.9777777777777777, "lsam_nll_fold4": 0.14496415853500366, "LSAM_nll": 0.08137751370668411, "LSAM_accuracy": 0.987962962962963, "LSAM_combo": -0.9065854492562789, "_step": 0, "_wandb": {"runtime": 376}}