{"lsam_accuracy_fold1": 0.576, "_timestamp": 1657528527, "_runtime": 193, "lsam_nll_fold1": 1.3861253261566162, "lsam_accuracy_fold2": 0.48, "lsam_nll_fold2": 1.3869761228561401, "lsam_accuracy_fold3": 0.6, "lsam_nll_fold3": 1.385605812072754, "lsam_accuracy_fold4": 0.376, "lsam_nll_fold4": 1.3976936340332031, "LSAM_nll": 1.389100193977356, "LSAM_accuracy": 0.508, "_step": 0, "_wandb": {"runtime": 194}}