{"lsam_accuracy_fold1": 0.95864262990456, "_timestamp": 1657584334, "_runtime": 440, "lsam_nll_fold1": 0.6313615441322327, "lsam_accuracy_fold2": 0.9512195121951219, "lsam_nll_fold2": 0.5731146931648254, "lsam_accuracy_fold3": 0.9607635206786851, "lsam_nll_fold3": 0.40590453147888184, "lsam_accuracy_fold4": 0.9480381760339343, "lsam_nll_fold4": 1.3846588134765625, "LSAM_nll": 0.7487598657608032, "LSAM_accuracy": 0.9546659597030753, "LSAM_combo": -0.2059060939422721, "_step": 0, "_wandb": {"runtime": 441}}