{"lsam_accuracy_fold1": 0.9481481481481482, "_timestamp": 1657637429, "_runtime": 603, "lsam_nll_fold1": 0.22785164415836334, "lsam_accuracy_fold2": 0.9481481481481482, "lsam_nll_fold2": 0.20434404909610748, "lsam_accuracy_fold3": 0.937037037037037, "lsam_nll_fold3": 0.29201292991638184, "lsam_accuracy_fold4": 0.9, "lsam_nll_fold4": 0.5615847110748291, "LSAM_nll": 0.32144832611083984, "LSAM_accuracy": 0.9333333333333333, "LSAM_combo": -0.6118850072224935, "_step": 0, "_wandb": {"runtime": 603}}