{"gbm_accuracy_fold1": 0.6684782608695652, "_timestamp": 1657562943, "_runtime": 5, "gbm_nll_fold1": 0.9689576029777527, "gbm_accuracy_fold2": 0.6847826086956522, "gbm_nll_fold2": 0.7887293100357056, "gbm_accuracy_fold3": 0.6195652173913043, "gbm_nll_fold3": 0.9511037468910217, "gbm_accuracy_fold4": 0.6956521739130435, "gbm_nll_fold4": 0.7980842590332031, "LightGBM_nll": 0.8767186999320984, "LightGBM_accuracy": 0.6671195652173912, "LightGBM_combo": 0.20959913471470715, "_step": 0, "_wandb": {"runtime": 6}}