{"gbm_accuracy_fold1": 0.592, "_timestamp": 1657519178, "_runtime": 5, "gbm_nll_fold1": 1.3724777698516846, "gbm_accuracy_fold2": 0.52, "gbm_nll_fold2": 1.4394936561584473, "gbm_accuracy_fold3": 0.576, "gbm_nll_fold3": 1.6344698667526245, "gbm_accuracy_fold4": 0.592, "gbm_nll_fold4": 1.3625138998031616, "LightGBM_nll": 1.4522387981414795, "LightGBM_accuracy": 0.5700000000000001, "_step": 0, "_wandb": {"runtime": 6}}