{"lsam_accuracy_fold1": 0.6304347826086957, "_timestamp": 1657630506, "_runtime": 171, "lsam_nll_fold1": 0.8360146284103394, "lsam_accuracy_fold2": 0.6086956521739131, "lsam_nll_fold2": 0.8815082311630249, "lsam_accuracy_fold3": 0.6086956521739131, "lsam_nll_fold3": 0.8803402781486511, "lsam_accuracy_fold4": 0.6467391304347826, "lsam_nll_fold4": 0.7593088746070862, "LSAM_nll": 0.8392930030822754, "LSAM_accuracy": 0.6236413043478262, "LSAM_combo": 0.21565169873444923, "_step": 0, "_wandb": {"runtime": 173}}