{"lsam_accuracy_fold1": 0.504, "_timestamp": 1657523897, "_runtime": 353, "lsam_nll_fold1": 1.3858596086502075, "lsam_accuracy_fold2": 0.52, "lsam_nll_fold2": 1.3849338293075562, "lsam_accuracy_fold3": 0.4, "lsam_nll_fold3": 1.3950010538101196, "lsam_accuracy_fold4": 0.624, "lsam_nll_fold4": 1.3685171604156494, "LSAM_nll": 1.383577823638916, "LSAM_accuracy": 0.512, "_step": 0, "_wandb": {"runtime": 354}}