{"lsam_accuracy_fold1": 0.9416755037115588, "_timestamp": 1657665774, "_runtime": 1471, "lsam_nll_fold1": 0.5351386666297913, "lsam_accuracy_fold2": 0.9416755037115588, "lsam_nll_fold2": 0.6559456586837769, "lsam_accuracy_fold3": 0.9512195121951219, "lsam_nll_fold3": 0.4792424738407135, "lsam_accuracy_fold4": 0.9247083775185578, "lsam_nll_fold4": 0.4940703511238098, "LSAM_nll": 0.5410993099212646, "LSAM_accuracy": 0.9398197242841992, "LSAM_combo": -0.3987204143629346, "_step": 0, "_wandb": {"runtime": 1472}}