{"lsam_accuracy_fold1": 0.424, "_timestamp": 1657527490, "_runtime": 167, "lsam_nll_fold1": 1.4022871255874634, "lsam_accuracy_fold2": 0.52, "lsam_nll_fold2": 1.4098695516586304, "lsam_accuracy_fold3": 0.4, "lsam_nll_fold3": 1.4142367839813232, "lsam_accuracy_fold4": 0.376, "lsam_nll_fold4": 1.410595417022705, "LSAM_nll": 1.4092472791671753, "LSAM_accuracy": 0.42999999999999994, "_step": 0, "_wandb": {"runtime": 168}}