{"lsam_accuracy_fold1": 0.6358695652173914, "_timestamp": 1657558206, "_runtime": 489, "lsam_nll_fold1": 0.9722845554351807, "lsam_accuracy_fold2": 0.6195652173913043, "lsam_nll_fold2": 0.8913556933403015, "lsam_accuracy_fold3": 0.625, "lsam_nll_fold3": 0.9660500288009644, "lsam_accuracy_fold4": 0.6086956521739131, "lsam_nll_fold4": 0.89296555519104, "LSAM_nll": 0.9306640028953552, "LSAM_accuracy": 0.6222826086956522, "LSAM_combo": 0.308381394199703, "_step": 0, "_wandb": {"runtime": 490}}