{"lsam_accuracy_fold1": 0.6370370370370371, "_timestamp": 1657613569, "_runtime": 241, "lsam_nll_fold1": 1.1997497081756592, "lsam_accuracy_fold2": 0.674074074074074, "lsam_nll_fold2": 1.235088586807251, "lsam_accuracy_fold3": 0.6814814814814815, "lsam_nll_fold3": 1.1870465278625488, "lsam_accuracy_fold4": 0.5333333333333333, "lsam_nll_fold4": 1.3063998222351074, "LSAM_nll": 1.2320711612701416, "LSAM_accuracy": 0.6314814814814814, "LSAM_combo": 0.6005896797886602, "_step": 0, "_wandb": {"runtime": 242}}