{"lsam_accuracy_fold1": 0.576, "_timestamp": 1657528077, "_runtime": 133, "lsam_nll_fold1": 1.367321252822876, "lsam_accuracy_fold2": 0.52, "lsam_nll_fold2": 1.3943524360656738, "lsam_accuracy_fold3": 0.6, "lsam_nll_fold3": 1.3699971437454224, "lsam_accuracy_fold4": 0.624, "lsam_nll_fold4": 1.357248067855835, "LSAM_nll": 1.372229814529419, "LSAM_accuracy": 0.5800000000000001, "_step": 0, "_wandb": {"runtime": 134}}