{"gbm_accuracy_fold1": 0.9766702014846236, "_timestamp": 1657667987, "_runtime": 12, "gbm_nll_fold1": 0.24105104804039001, "gbm_accuracy_fold2": 0.9872746553552492, "gbm_nll_fold2": 0.21483200788497925, "gbm_accuracy_fold3": 0.975609756097561, "gbm_nll_fold3": 0.22541217505931854, "gbm_accuracy_fold4": 0.9724284199363733, "gbm_nll_fold4": 0.24762125313282013, "LightGBM_nll": 0.2322291135787964, "LightGBM_accuracy": 0.9779957582184517, "LightGBM_combo": -0.7457666446396554, "_step": 0, "_wandb": {"runtime": 13}}