{"gbm_accuracy_fold1": 0.592, "_timestamp": 1657542884, "_runtime": 5, "gbm_nll_fold1": 1.3461573123931885, "gbm_accuracy_fold2": 0.552, "gbm_nll_fold2": 1.3930130004882812, "gbm_accuracy_fold3": 0.624, "gbm_nll_fold3": 1.3487306833267212, "gbm_accuracy_fold4": 0.608, "gbm_nll_fold4": 1.3606834411621094, "LightGBM_nll": 1.3621461391448975, "LightGBM_accuracy": 0.5940000000000001, "LightGBM_combo": 0.7681461391448974, "_step": 0, "_wandb": {"runtime": 7}}