{"lsam_accuracy_fold1": 0.6521739130434783, "_timestamp": 1657626488, "_runtime": 505, "lsam_nll_fold1": 0.7916178107261658, "lsam_accuracy_fold2": 0.5978260869565217, "lsam_nll_fold2": 0.8447756171226501, "lsam_accuracy_fold3": 0.6413043478260869, "lsam_nll_fold3": 0.8772135972976685, "lsam_accuracy_fold4": 0.6739130434782609, "lsam_nll_fold4": 0.7987754940986633, "LSAM_nll": 0.8280956149101257, "LSAM_accuracy": 0.6413043478260869, "LSAM_combo": 0.18679126708403881, "_step": 0, "_wandb": {"runtime": 506}}