{"gbm_accuracy_fold1": 0.7407407407407407, "_timestamp": 1657619235, "_runtime": 5, "gbm_nll_fold1": 1.0529009103775024, "gbm_accuracy_fold2": 0.7777777777777778, "gbm_nll_fold2": 0.9048492312431335, "gbm_accuracy_fold3": 0.7777777777777778, "gbm_nll_fold3": 0.8523886799812317, "gbm_accuracy_fold4": 0.8, "gbm_nll_fold4": 0.9075264930725098, "LightGBM_nll": 0.929416298866272, "LightGBM_accuracy": 0.7740740740740741, "LightGBM_combo": 0.15534222479219784, "_step": 0, "_wandb": {"runtime": 6}}