{"lsam_accuracy_fold1": 0.4891304347826087, "_timestamp": 1657561432, "_runtime": 225, "lsam_nll_fold1": 1.0516692399978638, "lsam_accuracy_fold2": 0.43478260869565216, "lsam_nll_fold2": 1.1900800466537476, "lsam_accuracy_fold3": 0.43478260869565216, "lsam_nll_fold3": 1.2217274904251099, "lsam_accuracy_fold4": 0.5380434782608695, "lsam_nll_fold4": 1.0415204763412476, "LSAM_nll": 1.1262493133544922, "LSAM_accuracy": 0.4741847826086957, "LSAM_combo": 0.6520645307457965, "_step": 0, "_wandb": {"runtime": 225}}