{"gbm_accuracy_fold1": 0.8444444444444444, "_timestamp": 1657643477, "_runtime": 41, "gbm_nll_fold1": 1.834972620010376, "gbm_accuracy_fold2": 0.8518518518518519, "gbm_nll_fold2": 1.8279502391815186, "gbm_accuracy_fold3": 0.8555555555555555, "gbm_nll_fold3": 1.8294039964675903, "gbm_accuracy_fold4": 0.8222222222222222, "gbm_nll_fold4": 1.8483211994171143, "LightGBM_nll": 1.8351619243621826, "LightGBM_accuracy": 0.8435185185185186, "LightGBM_combo": 0.9916434058436641, "_step": 0, "_wandb": {"runtime": 43}}