{"lsam_accuracy_fold1": 0.9278897136797455, "_timestamp": 1657586895, "_runtime": 273, "lsam_nll_fold1": 0.54503333568573, "lsam_accuracy_fold2": 0.9321314952279958, "lsam_nll_fold2": 0.41451746225357056, "lsam_accuracy_fold3": 0.9512195121951219, "lsam_nll_fold3": 0.33494624495506287, "lsam_accuracy_fold4": 0.9034994697773064, "lsam_nll_fold4": 0.5649995803833008, "LSAM_nll": 0.46487414836883545, "LSAM_accuracy": 0.9286850477200425, "LSAM_combo": -0.463810899351207, "_step": 0, "_wandb": {"runtime": 274}}