{"gbm_accuracy_fold1": 0.56, "_timestamp": 1657542427, "_runtime": 5, "gbm_nll_fold1": 1.4208526611328125, "gbm_accuracy_fold2": 0.536, "gbm_nll_fold2": 1.431220531463623, "gbm_accuracy_fold3": 0.544, "gbm_nll_fold3": 1.3841220140457153, "gbm_accuracy_fold4": 0.56, "gbm_nll_fold4": 1.5323213338851929, "LightGBM_nll": 1.442129135131836, "LightGBM_accuracy": 0.55, "LightGBM_combo": 0.8921291351318359, "_step": 0, "_wandb": {"runtime": 6}}