{"gbm_accuracy_fold1": 0.8897136797454931, "_timestamp": 1657668477, "_runtime": 6, "gbm_nll_fold1": 0.45666465163230896, "gbm_accuracy_fold2": 0.9300106044538706, "gbm_nll_fold2": 0.34817010164260864, "gbm_accuracy_fold3": 0.9130434782608695, "gbm_nll_fold3": 0.3769983947277069, "gbm_accuracy_fold4": 0.9109225874867445, "gbm_nll_fold4": 0.39998406171798706, "LightGBM_nll": 0.3954542875289917, "LightGBM_accuracy": 0.9109225874867444, "LightGBM_combo": -0.5154682999577527, "_step": 0, "_wandb": {"runtime": 7}}