{"lsam_accuracy_fold1": 0.8185185185185185, "_timestamp": 1657576251, "_runtime": 735, "lsam_nll_fold1": 0.5613604187965393, "lsam_accuracy_fold2": 0.8518518518518519, "lsam_nll_fold2": 0.47230324149131775, "lsam_accuracy_fold3": 0.8444444444444444, "lsam_nll_fold3": 0.5799184441566467, "lsam_accuracy_fold4": 0.8592592592592593, "lsam_nll_fold4": 0.4173857867717743, "LSAM_nll": 0.5077419877052307, "LSAM_accuracy": 0.8435185185185186, "LSAM_combo": -0.33577653081328784, "_step": 0, "_wandb": {"runtime": 736}}