{"gbm_accuracy_fold1": 0.9830328738069989, "_timestamp": 1657588285, "_runtime": 5, "gbm_nll_fold1": 0.15570826828479767, "gbm_accuracy_fold2": 0.9904559915164369, "gbm_nll_fold2": 0.14230112731456757, "gbm_accuracy_fold3": 0.9862142099681867, "gbm_nll_fold3": 0.15208053588867188, "gbm_accuracy_fold4": 0.9893955461293743, "gbm_nll_fold4": 0.09545444697141647, "LightGBM_nll": 0.13638609647750854, "LightGBM_accuracy": 0.9872746553552492, "LightGBM_combo": -0.8508885588777406, "_step": 0, "_wandb": {"runtime": 6}}