{"gbm_accuracy_fold1": 0.725925925925926, "_timestamp": 1657618928, "_runtime": 4, "gbm_nll_fold1": 0.9367015957832336, "gbm_accuracy_fold2": 0.8, "gbm_nll_fold2": 0.7895464897155762, "gbm_accuracy_fold3": 0.8296296296296296, "gbm_nll_fold3": 0.8150590658187866, "gbm_accuracy_fold4": 0.7851851851851852, "gbm_nll_fold4": 0.9102140069007874, "LightGBM_nll": 0.8628802299499512, "LightGBM_accuracy": 0.7851851851851852, "LightGBM_combo": 0.07769504476476596, "_step": 0, "_wandb": {"runtime": 5}}