{"gbm_accuracy_fold1": 0.7111111111111111, "_timestamp": 1657552482, "_runtime": 5, "gbm_nll_fold1": 1.0479305982589722, "gbm_accuracy_fold2": 0.8, "gbm_nll_fold2": 0.8953425288200378, "gbm_accuracy_fold3": 0.725925925925926, "gbm_nll_fold3": 0.995681643486023, "gbm_accuracy_fold4": 0.8074074074074075, "gbm_nll_fold4": 0.8538238406181335, "LightGBM_nll": 0.948194682598114, "LightGBM_accuracy": 0.7611111111111111, "LightGBM_combo": 0.18708357148700294, "_step": 0, "_wandb": {"runtime": 6}}