{"lsam_accuracy_fold1": 0.576, "_timestamp": 1657599851, "_runtime": 349, "lsam_nll_fold1": 1.3563848733901978, "lsam_accuracy_fold2": 0.576, "lsam_nll_fold2": 1.384094476699829, "lsam_accuracy_fold3": 0.616, "lsam_nll_fold3": 1.3134371042251587, "lsam_accuracy_fold4": 0.512, "lsam_nll_fold4": 1.3688993453979492, "LSAM_nll": 1.3557039499282837, "LSAM_accuracy": 0.57, "LSAM_combo": 0.7857039499282837, "_step": 0, "_wandb": {"runtime": 350}}