{"lsam_accuracy_fold1": 0.9925925925925926, "_timestamp": 1657567590, "_runtime": 495, "lsam_nll_fold1": 0.07242374867200851, "lsam_accuracy_fold2": 0.9814814814814815, "lsam_nll_fold2": 0.08760923892259598, "lsam_accuracy_fold3": 0.9925925925925926, "lsam_nll_fold3": 0.07384459674358368, "lsam_accuracy_fold4": 0.9814814814814815, "lsam_nll_fold4": 0.06079702079296112, "LSAM_nll": 0.07366865128278732, "LSAM_accuracy": 0.987037037037037, "LSAM_combo": -0.9133683857542497, "_step": 0, "_wandb": {"runtime": 496}}