{"lsam_accuracy_fold1": 0.953340402969247, "_timestamp": 1657579897, "_runtime": 144, "lsam_nll_fold1": 0.4004378914833069, "lsam_accuracy_fold2": 0.9300106044538706, "lsam_nll_fold2": 0.36365124583244324, "lsam_accuracy_fold3": 0.9310710498409331, "lsam_nll_fold3": 0.2745938301086426, "lsam_accuracy_fold4": 0.9289501590668081, "lsam_nll_fold4": 0.3712999224662781, "LSAM_nll": 0.3524957299232483, "LSAM_accuracy": 0.9358430540827147, "LSAM_combo": -0.5833473241594664, "_step": 0, "_wandb": {"runtime": 144}}