{"lsam_accuracy_fold1": 0.6684782608695652, "_timestamp": 1657562107, "_runtime": 174, "lsam_nll_fold1": 0.8263521790504456, "lsam_accuracy_fold2": 0.6413043478260869, "lsam_nll_fold2": 0.8422371745109558, "lsam_accuracy_fold3": 0.5760869565217391, "lsam_nll_fold3": 0.9421130418777466, "lsam_accuracy_fold4": 0.6358695652173914, "lsam_nll_fold4": 0.7790020704269409, "LSAM_nll": 0.847426176071167, "LSAM_accuracy": 0.6304347826086956, "LSAM_combo": 0.21699139346247143, "_step": 0, "_wandb": {"runtime": 174}}