{"lsam_accuracy_fold1": 0.9962962962962963, "_timestamp": 1657634971, "_runtime": 304, "lsam_nll_fold1": 0.011892454698681831, "lsam_accuracy_fold2": 0.9888888888888889, "lsam_nll_fold2": 0.03567647933959961, "lsam_accuracy_fold3": 0.9925925925925926, "lsam_nll_fold3": 0.1310274600982666, "lsam_accuracy_fold4": 0.9629629629629629, "lsam_nll_fold4": 0.18853776156902313, "LSAM_nll": 0.0917835384607315, "LSAM_accuracy": 0.9851851851851852, "LSAM_combo": -0.8934016467244537, "_step": 0, "_wandb": {"runtime": 305}}