{"lsam_accuracy_fold1": 0.424, "_timestamp": 1657522911, "_runtime": 323, "lsam_nll_fold1": 1.3878363370895386, "lsam_accuracy_fold2": 0.52, "lsam_nll_fold2": 1.3855232000350952, "lsam_accuracy_fold3": 0.4, "lsam_nll_fold3": 1.3888663053512573, "lsam_accuracy_fold4": 0.624, "lsam_nll_fold4": 1.3847808837890625, "LSAM_nll": 1.386751651763916, "LSAM_accuracy": 0.492, "_step": 0, "_wandb": {"runtime": 324}}