{"gbm_accuracy_fold1": 0.837037037037037, "_timestamp": 1657618907, "_runtime": 5, "gbm_nll_fold1": 0.8783457279205322, "gbm_accuracy_fold2": 0.8, "gbm_nll_fold2": 0.8880902528762817, "gbm_accuracy_fold3": 0.7777777777777778, "gbm_nll_fold3": 1.0707037448883057, "gbm_accuracy_fold4": 0.7703703703703704, "gbm_nll_fold4": 0.9377087950706482, "LightGBM_nll": 0.9437121152877808, "LightGBM_accuracy": 0.7962962962962963, "LightGBM_combo": 0.14741581899148448, "_step": 0, "_wandb": {"runtime": 6}}