{"lsam_accuracy_fold1": 0.5760000348091125, "_timestamp": 1657509540, "_runtime": 222, "lsam_nll_fold1": 1.3776319026947021, "lsam_accuracy_fold2": 0.5360000133514404, "lsam_nll_fold2": 1.3819241523742676, "lsam_accuracy_fold3": 0.5600000023841858, "lsam_nll_fold3": 1.3837056159973145, "lsam_accuracy_fold4": 0.6240000128746033, "lsam_nll_fold4": 1.3719185590744019, "LSAM_nll": 1.3787951469421387, "LSAM_accuracy": 0.5740000009536743, "_step": 0, "_wandb": {"runtime": 222}}