{"gbm_accuracy_fold1": 0.7925925925925926, "_timestamp": 1657619268, "_runtime": 5, "gbm_nll_fold1": 0.994441032409668, "gbm_accuracy_fold2": 0.7851851851851852, "gbm_nll_fold2": 0.821793258190155, "gbm_accuracy_fold3": 0.7777777777777778, "gbm_nll_fold3": 0.914009153842926, "gbm_accuracy_fold4": 0.8148148148148148, "gbm_nll_fold4": 0.8549190759658813, "LightGBM_nll": 0.89629065990448, "LightGBM_accuracy": 0.7925925925925926, "LightGBM_combo": 0.10369806731188735, "_step": 0, "_wandb": {"runtime": 6}}