{"lsam_accuracy_fold1": 0.536, "_timestamp": 1657598543, "_runtime": 234, "lsam_nll_fold1": 1.4391732215881348, "lsam_accuracy_fold2": 0.544, "lsam_nll_fold2": 1.3844456672668457, "lsam_accuracy_fold3": 0.608, "lsam_nll_fold3": 1.35890531539917, "lsam_accuracy_fold4": 0.648, "lsam_nll_fold4": 1.3262956142425537, "LSAM_nll": 1.3772048950195312, "LSAM_accuracy": 0.5840000000000001, "LSAM_combo": 0.7932048950195312, "_step": 0, "_wandb": {"runtime": 235}}