{"gbm_accuracy_fold1": 0.9629629629629629, "_timestamp": 1657576987, "_runtime": 17, "gbm_nll_fold1": 0.1612251251935959, "gbm_accuracy_fold2": 0.9703703703703703, "gbm_nll_fold2": 0.12814316153526306, "gbm_accuracy_fold3": 0.9740740740740741, "gbm_nll_fold3": 0.12309034913778305, "gbm_accuracy_fold4": 0.9481481481481482, "gbm_nll_fold4": 0.21877235174179077, "LightGBM_nll": 0.15780773758888245, "LightGBM_accuracy": 0.9638888888888889, "LightGBM_combo": -0.8060811513000065, "_step": 0, "_wandb": {"runtime": 18}}