{"lsam_accuracy_fold1": 0.576, "_timestamp": 1657602786, "_runtime": 160, "lsam_nll_fold1": 1.384854793548584, "lsam_accuracy_fold2": 0.52, "lsam_nll_fold2": 1.385738730430603, "lsam_accuracy_fold3": 0.6, "lsam_nll_fold3": 1.3768103122711182, "lsam_accuracy_fold4": 0.528, "lsam_nll_fold4": 1.3805923461914062, "LSAM_nll": 1.3819990158081055, "LSAM_accuracy": 0.556, "LSAM_combo": 0.8259990158081054, "_step": 0, "_wandb": {"runtime": 161}}