{"gbm_accuracy_fold1": 0.625, "_timestamp": 1657563186, "_runtime": 5, "gbm_nll_fold1": 0.9369335174560547, "gbm_accuracy_fold2": 0.7010869565217391, "gbm_nll_fold2": 0.8355119824409485, "gbm_accuracy_fold3": 0.625, "gbm_nll_fold3": 0.967815637588501, "gbm_accuracy_fold4": 0.6467391304347826, "gbm_nll_fold4": 0.8450690507888794, "LightGBM_nll": 0.8963325023651123, "LightGBM_accuracy": 0.6494565217391305, "LightGBM_combo": 0.24687598062598182, "_step": 0, "_wandb": {"runtime": 6}}