{"lsam_accuracy_fold1": 0.6160000562667847, "_timestamp": 1657513203, "_runtime": 133, "lsam_nll_fold1": 1.362113118171692, "lsam_accuracy_fold2": 0.5120000243186951, "lsam_nll_fold2": 1.392362117767334, "lsam_accuracy_fold3": 0.5840000510215759, "lsam_nll_fold3": 1.3896865844726562, "lsam_accuracy_fold4": 0.6240000128746033, "lsam_nll_fold4": 1.3254238367080688, "LSAM_nll": 1.367396354675293, "LSAM_accuracy": 0.5840000510215759, "_step": 0, "_wandb": {"runtime": 134}}