{"gbm_accuracy_fold1": 0.552, "_timestamp": 1657542950, "_runtime": 5, "gbm_nll_fold1": 1.3730299472808838, "gbm_accuracy_fold2": 0.504, "gbm_nll_fold2": 1.5662184953689575, "gbm_accuracy_fold3": 0.656, "gbm_nll_fold3": 1.3757644891738892, "gbm_accuracy_fold4": 0.56, "gbm_nll_fold4": 1.436911702156067, "LightGBM_nll": 1.437981128692627, "LightGBM_accuracy": 0.5680000000000001, "LightGBM_combo": 0.8699811286926269, "_step": 0, "_wandb": {"runtime": 7}}