{"gbm_accuracy_fold1": 0.576, "_timestamp": 1657519069, "_runtime": 5, "gbm_nll_fold1": 1.4560691118240356, "gbm_accuracy_fold2": 0.6, "gbm_nll_fold2": 1.7524737119674683, "gbm_accuracy_fold3": 0.576, "gbm_nll_fold3": 1.5328375101089478, "gbm_accuracy_fold4": 0.528, "gbm_nll_fold4": 1.4578806161880493, "LightGBM_nll": 1.5498151779174805, "LightGBM_accuracy": 0.57, "_step": 0, "_wandb": {"runtime": 6}}