{"gbm_accuracy_fold1": 0.9962962962962963, "_timestamp": 1657577580, "_runtime": 6, "gbm_nll_fold1": 0.049212317913770676, "gbm_accuracy_fold2": 0.9814814814814815, "gbm_nll_fold2": 0.05605052039027214, "gbm_accuracy_fold3": 0.9925925925925926, "gbm_nll_fold3": 0.02688716910779476, "gbm_accuracy_fold4": 0.9518518518518518, "gbm_nll_fold4": 0.19864116609096527, "LightGBM_nll": 0.082697793841362, "LightGBM_accuracy": 0.9805555555555555, "LightGBM_combo": -0.8978577617141935, "_step": 0, "_wandb": {"runtime": 7}}