{"gbm_accuracy_fold1": 0.64, "_timestamp": 1657542973, "_runtime": 6, "gbm_nll_fold1": 1.2823801040649414, "gbm_accuracy_fold2": 0.52, "gbm_nll_fold2": 1.562171220779419, "gbm_accuracy_fold3": 0.536, "gbm_nll_fold3": 1.4782383441925049, "gbm_accuracy_fold4": 0.536, "gbm_nll_fold4": 1.525234580039978, "LightGBM_nll": 1.4620060920715332, "LightGBM_accuracy": 0.558, "LightGBM_combo": 0.9040060920715332, "_step": 0, "_wandb": {"runtime": 7}}