{"gbm_accuracy_fold1": 0.9840933191940615, "_timestamp": 1657588396, "_runtime": 6, "gbm_nll_fold1": 0.09104318171739578, "gbm_accuracy_fold2": 0.9862142099681867, "gbm_nll_fold2": 0.0658133402466774, "gbm_accuracy_fold3": 0.9872746553552492, "gbm_nll_fold3": 0.08109613507986069, "gbm_accuracy_fold4": 0.9893955461293743, "gbm_nll_fold4": 0.05421489477157593, "LightGBM_nll": 0.0730418860912323, "LightGBM_accuracy": 0.986744432661718, "LightGBM_combo": -0.9137025465704857, "_step": 0, "_wandb": {"runtime": 7}}