{"lsam_accuracy_fold1": 0.9395546129374337, "_timestamp": 1657584894, "_runtime": 127, "lsam_nll_fold1": 1.2369003295898438, "lsam_accuracy_fold2": 0.936373276776246, "lsam_nll_fold2": 0.9987802505493164, "lsam_accuracy_fold3": 0.0689289501590668, "lsam_nll_fold3": 1.4043173789978027, "lsam_accuracy_fold4": 0.051961823966065745, "lsam_nll_fold4": 1.6082054376602173, "LSAM_nll": 1.3120508193969727, "LSAM_accuracy": 0.4992046659597031, "LSAM_combo": 0.8128461534372695, "_step": 0, "_wandb": {"runtime": 117}}