{"lsam_accuracy_fold1": 0.416, "_timestamp": 1657540746, "_runtime": 232, "lsam_nll_fold1": 1.4206088781356812, "lsam_accuracy_fold2": 0.52, "lsam_nll_fold2": 1.3849952220916748, "lsam_accuracy_fold3": 0.6, "lsam_nll_fold3": 1.366877794265747, "lsam_accuracy_fold4": 0.624, "lsam_nll_fold4": 1.37912917137146, "LSAM_nll": 1.3879027366638184, "LSAM_accuracy": 0.54, "LSAM_combo": 0.8479027366638183, "_step": 0, "_wandb": {"runtime": 232}}