{"gbm_accuracy_fold1": 0.6521739130434783, "_timestamp": 1657562715, "_runtime": 6, "gbm_nll_fold1": 1.0036969184875488, "gbm_accuracy_fold2": 0.6684782608695652, "gbm_nll_fold2": 0.8748874664306641, "gbm_accuracy_fold3": 0.6304347826086957, "gbm_nll_fold3": 0.9128290414810181, "gbm_accuracy_fold4": 0.6521739130434783, "gbm_nll_fold4": 0.8853979706764221, "LightGBM_nll": 0.9192028045654297, "LightGBM_accuracy": 0.6508152173913044, "LightGBM_combo": 0.26838758717412525, "_step": 0, "_wandb": {"runtime": 7}}