{"lsam_accuracy_fold1": 0.9925925925925926, "_timestamp": 1657641530, "_runtime": 263, "lsam_nll_fold1": 0.017579633742570877, "lsam_accuracy_fold2": 0.9925925925925926, "lsam_nll_fold2": 0.02292213775217533, "lsam_accuracy_fold3": 0.9888888888888889, "lsam_nll_fold3": 0.14789535105228424, "lsam_accuracy_fold4": 0.9629629629629629, "lsam_nll_fold4": 0.17258508503437042, "LSAM_nll": 0.0902455523610115, "LSAM_accuracy": 0.9842592592592592, "LSAM_combo": -0.8940137068982477, "_step": 0, "_wandb": {"runtime": 264}}