{"lsam_accuracy_fold1": 0.9740740740740741, "_timestamp": 1657639494, "_runtime": 305, "lsam_nll_fold1": 0.09042330831289291, "lsam_accuracy_fold2": 0.9777777777777777, "lsam_nll_fold2": 0.10552097856998444, "lsam_accuracy_fold3": 0.9444444444444444, "lsam_nll_fold3": 0.26051759719848633, "lsam_accuracy_fold4": 0.9222222222222223, "lsam_nll_fold4": 0.26445308327674866, "LSAM_nll": 0.18022873997688293, "LSAM_accuracy": 0.9546296296296297, "LSAM_combo": -0.7744008896527468, "_step": 0, "_wandb": {"runtime": 306}}