{"gbm_accuracy_fold1": 0.6, "_timestamp": 1657542602, "_runtime": 5, "gbm_nll_fold1": 1.38145112991333, "gbm_accuracy_fold2": 0.568, "gbm_nll_fold2": 1.4025198221206665, "gbm_accuracy_fold3": 0.552, "gbm_nll_fold3": 1.361541748046875, "gbm_accuracy_fold4": 0.472, "gbm_nll_fold4": 1.4288474321365356, "LightGBM_nll": 1.393589973449707, "LightGBM_accuracy": 0.548, "LightGBM_combo": 0.845589973449707, "_step": 0, "_wandb": {"runtime": 6}}