{"gbm_accuracy_fold1": 0.625, "_timestamp": 1657631178, "_runtime": 8, "gbm_nll_fold1": 0.9838932156562805, "gbm_accuracy_fold2": 0.6630434782608695, "gbm_nll_fold2": 0.8820817470550537, "gbm_accuracy_fold3": 0.6467391304347826, "gbm_nll_fold3": 0.9199932813644409, "gbm_accuracy_fold4": 0.6739130434782609, "gbm_nll_fold4": 0.9204473495483398, "LightGBM_nll": 0.9266039133071899, "LightGBM_accuracy": 0.6521739130434783, "LightGBM_combo": 0.27443000026371167, "_step": 0, "_wandb": {"runtime": 9}}