{"lsam_accuracy_fold1": 0.27717391304347827, "_timestamp": 1657556980, "_runtime": 273, "lsam_nll_fold1": 1.6614670753479004, "lsam_accuracy_fold2": 0.5543478260869565, "lsam_nll_fold2": 0.993765652179718, "lsam_accuracy_fold3": 0.14130434782608695, "lsam_nll_fold3": 1.68582022190094, "lsam_accuracy_fold4": 0.14130434782608695, "lsam_nll_fold4": 1.6823729276657104, "LSAM_nll": 1.5058565139770508, "LSAM_accuracy": 0.27853260869565216, "LSAM_combo": 1.2273239052813987, "_step": 0, "_wandb": {"runtime": 274}}