{"lsam_accuracy_fold1": 0.9851851851851852, "_timestamp": 1657572718, "_runtime": 596, "lsam_nll_fold1": 0.061850886791944504, "lsam_accuracy_fold2": 0.9962962962962963, "lsam_nll_fold2": 0.018670590594410896, "lsam_accuracy_fold3": 0.9777777777777777, "lsam_nll_fold3": 0.16418299078941345, "lsam_accuracy_fold4": 0.9888888888888889, "lsam_nll_fold4": 0.040421295911073685, "LSAM_nll": 0.07128144055604935, "LSAM_accuracy": 0.987037037037037, "LSAM_combo": -0.9157555964809877, "_step": 0, "_wandb": {"runtime": 597}}