{"lsam_accuracy_fold1": 0.424, "_timestamp": 1657527916, "_runtime": 122, "lsam_nll_fold1": 1.3952049016952515, "lsam_accuracy_fold2": 0.48, "lsam_nll_fold2": 1.4034944772720337, "lsam_accuracy_fold3": 0.4, "lsam_nll_fold3": 1.3866560459136963, "lsam_accuracy_fold4": 0.624, "lsam_nll_fold4": 1.374003291130066, "LSAM_nll": 1.3898396492004395, "LSAM_accuracy": 0.482, "_step": 0, "_wandb": {"runtime": 118}}