{"lsam_accuracy_fold1": 0.13043478260869565, "_timestamp": 1657621120, "_runtime": 278, "lsam_nll_fold1": 1.6883621215820312, "lsam_accuracy_fold2": 0.1358695652173913, "lsam_nll_fold2": 1.6969408988952637, "lsam_accuracy_fold3": 0.16847826086956522, "lsam_nll_fold3": 1.6890242099761963, "lsam_accuracy_fold4": 0.1358695652173913, "lsam_nll_fold4": 1.6886955499649048, "LSAM_nll": 1.6907557249069214, "LSAM_accuracy": 0.14266304347826086, "LSAM_combo": 1.5480926814286606, "_step": 0, "_wandb": {"runtime": 279}}