{"gbm_accuracy_fold1": 0.512, "_timestamp": 1657542862, "_runtime": 5, "gbm_nll_fold1": 1.4707601070404053, "gbm_accuracy_fold2": 0.544, "gbm_nll_fold2": 1.876171588897705, "gbm_accuracy_fold3": 0.552, "gbm_nll_fold3": 1.377633810043335, "gbm_accuracy_fold4": 0.44, "gbm_nll_fold4": 1.5396491289138794, "LightGBM_nll": 1.5660536289215088, "LightGBM_accuracy": 0.512, "LightGBM_combo": 1.0540536289215088, "_step": 0, "_wandb": {"runtime": 7}}