{"gbm_accuracy_fold1": 0.8592592592592593, "_timestamp": 1657577140, "_runtime": 4, "gbm_nll_fold1": 0.4321545660495758, "gbm_accuracy_fold2": 0.7851851851851852, "gbm_nll_fold2": 0.9311228394508362, "gbm_accuracy_fold3": 0.9666666666666667, "gbm_nll_fold3": 0.17357617616653442, "gbm_accuracy_fold4": 0.8333333333333334, "gbm_nll_fold4": 0.8059459328651428, "LightGBM_nll": 0.5856998562812805, "LightGBM_accuracy": 0.8611111111111112, "LightGBM_combo": -0.27541125482983064, "_step": 0, "_wandb": {"runtime": 6}}