{"lsam_accuracy_fold1": 0.6358695652173914, "_timestamp": 1657560310, "_runtime": 312, "lsam_nll_fold1": 0.8096900582313538, "lsam_accuracy_fold2": 0.6521739130434783, "lsam_nll_fold2": 0.7897219657897949, "lsam_accuracy_fold3": 0.5815217391304348, "lsam_nll_fold3": 0.935943603515625, "lsam_accuracy_fold4": 0.6521739130434783, "lsam_nll_fold4": 0.7929051518440247, "LSAM_nll": 0.8320651650428772, "LSAM_accuracy": 0.6304347826086957, "LSAM_combo": 0.20163038243418152, "_step": 0, "_wandb": {"runtime": 312}}