{"gbm_accuracy_fold1": 0.608, "_timestamp": 1657518766, "_runtime": 6, "gbm_nll_fold1": 1.503390908241272, "gbm_accuracy_fold2": 0.536, "gbm_nll_fold2": 1.7309051752090454, "gbm_accuracy_fold3": 0.592, "gbm_nll_fold3": 1.331052303314209, "gbm_accuracy_fold4": 0.544, "gbm_nll_fold4": 1.4235992431640625, "LightGBM_nll": 1.497236967086792, "LightGBM_accuracy": 0.5700000000000001, "_step": 0, "_wandb": {"runtime": 7}}