{"lsam_accuracy_fold1": 0.536, "_timestamp": 1657603806, "_runtime": 309, "lsam_nll_fold1": 1.4197355508804321, "lsam_accuracy_fold2": 0.536, "lsam_nll_fold2": 1.3962867259979248, "lsam_accuracy_fold3": 0.504, "lsam_nll_fold3": 1.4096741676330566, "lsam_accuracy_fold4": 0.584, "lsam_nll_fold4": 1.3638267517089844, "LSAM_nll": 1.3973808288574219, "LSAM_accuracy": 0.54, "LSAM_combo": 0.8573808288574218, "_step": 0, "_wandb": {"runtime": 310}}