{"gbm_accuracy_fold1": 0.9830328738069989, "_timestamp": 1657588504, "_runtime": 5, "gbm_nll_fold1": 0.11306434124708176, "gbm_accuracy_fold2": 0.9904559915164369, "gbm_nll_fold2": 0.11483742296695709, "gbm_accuracy_fold3": 0.9840933191940615, "gbm_nll_fold3": 0.08281433582305908, "gbm_accuracy_fold4": 0.9830328738069989, "gbm_nll_fold4": 0.09655536711215973, "LightGBM_nll": 0.10181786119937897, "LightGBM_accuracy": 0.985153764581124, "LightGBM_combo": -0.8833359033817451, "_step": 0, "_wandb": {"runtime": 6}}