{"lsam_accuracy_fold1": 0.9962962962962963, "_timestamp": 1657634651, "_runtime": 311, "lsam_nll_fold1": 0.010024075396358967, "lsam_accuracy_fold2": 0.9962962962962963, "lsam_nll_fold2": 0.01396812405437231, "lsam_accuracy_fold3": 1.0, "lsam_nll_fold3": 0.008385160937905312, "lsam_accuracy_fold4": 0.9703703703703703, "lsam_nll_fold4": 0.13233479857444763, "LSAM_nll": 0.04117804020643234, "LSAM_accuracy": 0.9907407407407408, "LSAM_combo": -0.9495627005343085, "_step": 0, "_wandb": {"runtime": 313}}