{"gbm_accuracy_fold1": 0.9925925925925926, "_timestamp": 1657643652, "_runtime": 9, "gbm_nll_fold1": 0.042098164558410645, "gbm_accuracy_fold2": 0.9814814814814815, "gbm_nll_fold2": 0.0775013193488121, "gbm_accuracy_fold3": 0.9814814814814815, "gbm_nll_fold3": 0.026265976950526237, "gbm_accuracy_fold4": 0.9777777777777777, "gbm_nll_fold4": 0.05827793478965759, "LightGBM_nll": 0.05103584751486778, "LightGBM_accuracy": 0.9833333333333334, "LightGBM_combo": -0.9322974858184656, "_step": 0, "_wandb": {"runtime": 9}}