{"lsam_accuracy_fold1": 0.674074074074074, "_timestamp": 1657618101, "_runtime": 161, "lsam_nll_fold1": 1.1378319263458252, "lsam_accuracy_fold2": 0.725925925925926, "lsam_nll_fold2": 1.0105043649673462, "lsam_accuracy_fold3": 0.7555555555555555, "lsam_nll_fold3": 0.9879546761512756, "lsam_accuracy_fold4": 0.7333333333333333, "lsam_nll_fold4": 1.1952329874038696, "LSAM_nll": 1.082880973815918, "LSAM_accuracy": 0.7222222222222222, "LSAM_combo": 0.36065875159369576, "_step": 0, "_wandb": {"runtime": 162}}