{"gbm_accuracy_fold1": 0.8148148148148148, "_timestamp": 1657536068, "_runtime": 5, "gbm_nll_fold1": 1.356106162071228, "gbm_accuracy_fold2": 0.6888888888888889, "gbm_nll_fold2": 1.2146520614624023, "gbm_accuracy_fold3": 0.6814814814814815, "gbm_nll_fold3": 1.2400195598602295, "gbm_accuracy_fold4": 0.7777777777777778, "gbm_nll_fold4": 1.0351412296295166, "LightGBM_nll": 1.2114797830581665, "LightGBM_accuracy": 0.7407407407407407, "LightGBM_combo": 0.4707390423174258, "_step": 0, "_wandb": {"runtime": 6}}