{"gbm_accuracy_fold1": 0.9840933191940615, "_timestamp": 1657668369, "_runtime": 7, "gbm_nll_fold1": 0.07714732736349106, "gbm_accuracy_fold2": 0.9936373276776246, "gbm_nll_fold2": 0.060063328593969345, "gbm_accuracy_fold3": 0.985153764581124, "gbm_nll_fold3": 0.10900326073169708, "gbm_accuracy_fold4": 0.9936373276776246, "gbm_nll_fold4": 0.043899547308683395, "LightGBM_nll": 0.07252836227416992, "LightGBM_accuracy": 0.9891304347826088, "LightGBM_combo": -0.9166020725084388, "_step": 0, "_wandb": {"runtime": 8}}