{"lsam_accuracy_fold1": 0.29891304347826086, "_timestamp": 1657560929, "_runtime": 191, "lsam_nll_fold1": 1.6656506061553955, "lsam_accuracy_fold2": 0.45108695652173914, "lsam_nll_fold2": 1.1723887920379639, "lsam_accuracy_fold3": 0.4673913043478261, "lsam_nll_fold3": 1.1390925645828247, "lsam_accuracy_fold4": 0.5108695652173914, "lsam_nll_fold4": 1.3023103475570679, "LSAM_nll": 1.319860577583313, "LSAM_accuracy": 0.4320652173913044, "LSAM_combo": 0.8877953601920086, "_step": 0, "_wandb": {"runtime": 191}}