{"lsam_accuracy_fold1": 0.576, "_timestamp": 1657530707, "_runtime": 245, "lsam_nll_fold1": 1.3816280364990234, "lsam_accuracy_fold2": 0.52, "lsam_nll_fold2": 1.385007619857788, "lsam_accuracy_fold3": 0.6, "lsam_nll_fold3": 1.3837205171585083, "lsam_accuracy_fold4": 0.376, "lsam_nll_fold4": 1.3890008926391602, "LSAM_nll": 1.3848392963409424, "LSAM_accuracy": 0.518, "_step": 0, "_wandb": {"runtime": 247}}