{"gbm_accuracy_fold1": 0.528, "_timestamp": 1657518961, "_runtime": 5, "gbm_nll_fold1": 1.3591643571853638, "gbm_accuracy_fold2": 0.552, "gbm_nll_fold2": 1.3734731674194336, "gbm_accuracy_fold3": 0.608, "gbm_nll_fold3": 1.4245718717575073, "gbm_accuracy_fold4": 0.6, "gbm_nll_fold4": 1.345258355140686, "LightGBM_nll": 1.3756169080734253, "LightGBM_accuracy": 0.5720000000000001, "_step": 0, "_wandb": {"runtime": 6}}