{"gbm_accuracy_fold1": 0.528, "_timestamp": 1657542558, "_runtime": 5, "gbm_nll_fold1": 1.4449336528778076, "gbm_accuracy_fold2": 0.504, "gbm_nll_fold2": 1.5474092960357666, "gbm_accuracy_fold3": 0.536, "gbm_nll_fold3": 1.4643853902816772, "gbm_accuracy_fold4": 0.576, "gbm_nll_fold4": 1.35397469997406, "LightGBM_nll": 1.4526758193969727, "LightGBM_accuracy": 0.536, "LightGBM_combo": 0.9166758193969726, "_step": 0, "_wandb": {"runtime": 7}}