{"gbm_accuracy_fold1": 0.7407407407407407, "_timestamp": 1657519208, "_runtime": 5, "gbm_nll_fold1": 1.0542471408843994, "gbm_accuracy_fold2": 0.7555555555555555, "gbm_nll_fold2": 0.9095091223716736, "gbm_accuracy_fold3": 0.7925925925925926, "gbm_nll_fold3": 1.1102145910263062, "gbm_accuracy_fold4": 0.8148148148148148, "gbm_nll_fold4": 0.9852914214134216, "LightGBM_nll": 1.0148155689239502, "LightGBM_accuracy": 0.7759259259259259, "_step": 0, "_wandb": {"runtime": 6}}