{"lsam_accuracy_fold1": 0.7888888888888889, "_timestamp": 1657564034, "_runtime": 201, "lsam_nll_fold1": 0.6466044783592224, "lsam_accuracy_fold2": 0.8074074074074075, "lsam_nll_fold2": 0.5401056408882141, "lsam_accuracy_fold3": 0.7592592592592593, "lsam_nll_fold3": 0.7325875759124756, "lsam_accuracy_fold4": 0.774074074074074, "lsam_nll_fold4": 0.6425042152404785, "LSAM_nll": 0.6404504776000977, "LSAM_accuracy": 0.7824074074074074, "LSAM_combo": -0.14195692980730978, "_step": 0, "_wandb": {"runtime": 203}}