{"lsam_accuracy_fold1": 0.9395546129374337, "_timestamp": 1657587012, "_runtime": 101, "lsam_nll_fold1": 1.1716196537017822, "lsam_accuracy_fold2": 0.1283138918345705, "lsam_nll_fold2": 1.4406558275222778, "lsam_accuracy_fold3": 0.0689289501590668, "lsam_nll_fold3": 1.6542716026306152, "lsam_accuracy_fold4": 0.9480381760339343, "lsam_nll_fold4": 1.0430548191070557, "LSAM_nll": 1.3274004459381104, "LSAM_accuracy": 0.5212089077412514, "LSAM_combo": 0.806191538196859, "_step": 0, "_wandb": {"runtime": 101}}