{"lsam_accuracy_fold1": 0.424, "_timestamp": 1657541324, "_runtime": 391, "lsam_nll_fold1": 1.3942981958389282, "lsam_accuracy_fold2": 0.48, "lsam_nll_fold2": 1.3873542547225952, "lsam_accuracy_fold3": 0.4, "lsam_nll_fold3": 1.3937342166900635, "lsam_accuracy_fold4": 0.624, "lsam_nll_fold4": 1.371626377105713, "LSAM_nll": 1.3867532014846802, "LSAM_accuracy": 0.482, "LSAM_combo": 0.9047532014846802, "_step": 0, "_wandb": {"runtime": 391}}