{"gbm_accuracy_fold1": 0.576, "_timestamp": 1657542580, "_runtime": 5, "gbm_nll_fold1": 1.4841992855072021, "gbm_accuracy_fold2": 0.56, "gbm_nll_fold2": 1.522241234779358, "gbm_accuracy_fold3": 0.544, "gbm_nll_fold3": 1.4471818208694458, "gbm_accuracy_fold4": 0.536, "gbm_nll_fold4": 1.4715754985809326, "LightGBM_nll": 1.4812994003295898, "LightGBM_accuracy": 0.554, "LightGBM_combo": 0.9272994003295898, "_step": 0, "_wandb": {"runtime": 7}}