{"lsam_accuracy_fold1": 1.0, "_timestamp": 1657636806, "_runtime": 357, "lsam_nll_fold1": 0.0025583363603800535, "lsam_accuracy_fold2": 0.9925925925925926, "lsam_nll_fold2": 0.03195401281118393, "lsam_accuracy_fold3": 0.9962962962962963, "lsam_nll_fold3": 0.007305982988327742, "lsam_accuracy_fold4": 1.0, "lsam_nll_fold4": 0.012972181662917137, "LSAM_nll": 0.013697627931833267, "LSAM_accuracy": 0.9972222222222222, "LSAM_combo": -0.983524594290389, "_step": 0, "_wandb": {"runtime": 359}}