{"gbm_accuracy_fold1": 0.9830328738069989, "_timestamp": 1657588550, "_runtime": 5, "gbm_nll_fold1": 0.0757962241768837, "gbm_accuracy_fold2": 0.9883351007423118, "gbm_nll_fold2": 0.05821353569626808, "gbm_accuracy_fold3": 0.9872746553552492, "gbm_nll_fold3": 0.08709173649549484, "gbm_accuracy_fold4": 0.9915164369034994, "gbm_nll_fold4": 0.054802946746349335, "LightGBM_nll": 0.06897611171007156, "LightGBM_accuracy": 0.9875397667020148, "LightGBM_combo": -0.9185636549919433, "_step": 0, "_wandb": {"runtime": 6}}