{"gbm_accuracy_fold1": 0.7851851851851852, "_timestamp": 1657552911, "_runtime": 5, "gbm_nll_fold1": 0.9195903539657593, "gbm_accuracy_fold2": 0.7777777777777778, "gbm_nll_fold2": 0.8230410218238831, "gbm_accuracy_fold3": 0.7407407407407407, "gbm_nll_fold3": 0.9780840873718262, "gbm_accuracy_fold4": 0.8, "gbm_nll_fold4": 0.7750391960144043, "LightGBM_nll": 0.8739386796951294, "LightGBM_accuracy": 0.7759259259259259, "LightGBM_combo": 0.09801275376920349, "_step": 0, "_wandb": {"runtime": 6}}