{"lsam_accuracy_fold1": 0.9777777777777777, "_timestamp": 1657634006, "_runtime": 699, "lsam_nll_fold1": 0.10660529881715775, "lsam_accuracy_fold2": 0.9777777777777777, "lsam_nll_fold2": 0.2337229996919632, "lsam_accuracy_fold3": 0.9740740740740741, "lsam_nll_fold3": 0.13909912109375, "lsam_accuracy_fold4": 0.9851851851851852, "lsam_nll_fold4": 0.08229905366897583, "LSAM_nll": 0.14043161273002625, "LSAM_accuracy": 0.9787037037037036, "LSAM_combo": -0.8382720909736774, "_step": 0, "_wandb": {"runtime": 699}}