{"lsam_accuracy_fold1": 0.424, "_timestamp": 1657598137, "_runtime": 205, "lsam_nll_fold1": 1.3864943981170654, "lsam_accuracy_fold2": 0.48, "lsam_nll_fold2": 1.3865621089935303, "lsam_accuracy_fold3": 0.4, "lsam_nll_fold3": 1.3883994817733765, "lsam_accuracy_fold4": 0.376, "lsam_nll_fold4": 1.3863396644592285, "LSAM_nll": 1.3869489431381226, "LSAM_accuracy": 0.41999999999999993, "LSAM_combo": 0.9669489431381226, "_step": 0, "_wandb": {"runtime": 206}}