{"lsam_accuracy_fold1": 0.9289501590668081, "_timestamp": 1657586158, "_runtime": 203, "lsam_nll_fold1": 0.652996838092804, "lsam_accuracy_fold2": 0.943796394485684, "lsam_nll_fold2": 0.5020439028739929, "lsam_accuracy_fold3": 0.9003181336161188, "lsam_nll_fold3": 0.6607362627983093, "lsam_accuracy_fold4": 0.926829268292683, "lsam_nll_fold4": 0.4751652777194977, "LSAM_nll": 0.572735607624054, "LSAM_accuracy": 0.9249734888653234, "LSAM_combo": -0.3522378812412694, "_step": 0, "_wandb": {"runtime": 204}}