{"gbm_accuracy_fold1": 0.8074074074074075, "_timestamp": 1657643316, "_runtime": 43, "gbm_nll_fold1": 2.014854907989502, "gbm_accuracy_fold2": 0.737037037037037, "gbm_nll_fold2": 2.0114238262176514, "gbm_accuracy_fold3": 0.8, "gbm_nll_fold3": 2.0127549171447754, "gbm_accuracy_fold4": 0.774074074074074, "gbm_nll_fold4": 2.0107052326202393, "LightGBM_nll": 2.012434720993042, "LightGBM_accuracy": 0.7796296296296297, "LightGBM_combo": 1.2328050913634123, "_step": 0, "_wandb": {"runtime": 44}}