{"gbm_accuracy_fold1": 0.762962962962963, "_timestamp": 1657618972, "_runtime": 5, "gbm_nll_fold1": 1.0462676286697388, "gbm_accuracy_fold2": 0.8074074074074075, "gbm_nll_fold2": 0.819928765296936, "gbm_accuracy_fold3": 0.8074074074074075, "gbm_nll_fold3": 0.9224457740783691, "gbm_accuracy_fold4": 0.8148148148148148, "gbm_nll_fold4": 0.9318020343780518, "LightGBM_nll": 0.9301110506057739, "LightGBM_accuracy": 0.7981481481481482, "LightGBM_combo": 0.13196290245762576, "_step": 0, "_wandb": {"runtime": 6}}