{"lsam_accuracy_fold1": 0.13333333333333333, "_timestamp": 1657566283, "_runtime": 163, "lsam_nll_fold1": 2.1174397468566895, "lsam_accuracy_fold2": 0.08148148148148149, "lsam_nll_fold2": 2.1123290061950684, "lsam_accuracy_fold3": 0.1, "lsam_nll_fold3": 2.1196391582489014, "lsam_accuracy_fold4": 0.12962962962962962, "lsam_nll_fold4": 2.1082684993743896, "LSAM_nll": 2.1144192218780518, "LSAM_accuracy": 0.1111111111111111, "LSAM_combo": 2.0033081107669406, "_step": 0, "_wandb": {"runtime": 164}}