{"gbm_accuracy_fold1": 0.6413043478260869, "_timestamp": 1657563097, "_runtime": 5, "gbm_nll_fold1": 1.1845221519470215, "gbm_accuracy_fold2": 0.6956521739130435, "gbm_nll_fold2": 0.9414197206497192, "gbm_accuracy_fold3": 0.6630434782608695, "gbm_nll_fold3": 0.8938159942626953, "gbm_accuracy_fold4": 0.6467391304347826, "gbm_nll_fold4": 0.7594903111457825, "LightGBM_nll": 0.944811999797821, "LightGBM_accuracy": 0.6616847826086957, "LightGBM_combo": 0.28312721718912537, "_step": 0, "_wandb": {"runtime": 6}}