{"lsam_accuracy_fold1": 0.424, "_timestamp": 1657606512, "_runtime": 273, "lsam_nll_fold1": 1.3913391828536987, "lsam_accuracy_fold2": 0.48, "lsam_nll_fold2": 1.3851819038391113, "lsam_accuracy_fold3": 0.608, "lsam_nll_fold3": 1.3839998245239258, "lsam_accuracy_fold4": 0.376, "lsam_nll_fold4": 1.4001179933547974, "LSAM_nll": 1.3901597261428833, "LSAM_accuracy": 0.472, "LSAM_combo": 0.9181597261428833, "_step": 0, "_wandb": {"runtime": 273}}