{"gbm_accuracy_fold1": 0.9840933191940615, "_timestamp": 1657668229, "_runtime": 10, "gbm_nll_fold1": 0.07971081882715225, "gbm_accuracy_fold2": 0.9904559915164369, "gbm_nll_fold2": 0.12019749730825424, "gbm_accuracy_fold3": 0.985153764581124, "gbm_nll_fold3": 0.1476793736219406, "gbm_accuracy_fold4": 0.9936373276776246, "gbm_nll_fold4": 0.060736026614904404, "LightGBM_nll": 0.10208093374967575, "LightGBM_accuracy": 0.9883351007423118, "LightGBM_combo": -0.886254166992636, "_step": 0, "_wandb": {"runtime": 10}}