{"lsam_accuracy_fold1": 0.6630434782608695, "_timestamp": 1657557361, "_runtime": 365, "lsam_nll_fold1": 0.8325429558753967, "lsam_accuracy_fold2": 0.6086956521739131, "lsam_nll_fold2": 0.8404631018638611, "lsam_accuracy_fold3": 0.5815217391304348, "lsam_nll_fold3": 1.0073269605636597, "lsam_accuracy_fold4": 0.625, "lsam_nll_fold4": 0.8148443102836609, "LSAM_nll": 0.8737943768501282, "LSAM_accuracy": 0.6195652173913044, "LSAM_combo": 0.25422915945882374, "_step": 0, "_wandb": {"runtime": 365}}