{"lsam_accuracy_fold1": 0.424, "_timestamp": 1657537107, "_runtime": 260, "lsam_nll_fold1": 1.3984287977218628, "lsam_accuracy_fold2": 0.52, "lsam_nll_fold2": 1.3859184980392456, "lsam_accuracy_fold3": 0.4, "lsam_nll_fold3": 1.3901150226593018, "lsam_accuracy_fold4": 0.376, "lsam_nll_fold4": 1.3885911703109741, "LSAM_nll": 1.3907634019851685, "LSAM_accuracy": 0.42999999999999994, "LSAM_combo": 0.9607634019851685, "_step": 0, "_wandb": {"runtime": 261}}