{"lsam_accuracy_fold1": 0.9480381760339343, "_timestamp": 1657655513, "_runtime": 1187, "lsam_nll_fold1": 0.6414881944656372, "lsam_accuracy_fold2": 0.9692470837751855, "lsam_nll_fold2": 0.5062041282653809, "lsam_accuracy_fold3": 0.9395546129374337, "lsam_nll_fold3": 0.7875800728797913, "lsam_accuracy_fold4": 0.9480381760339343, "lsam_nll_fold4": 1.3805402517318726, "LSAM_nll": 0.8289531469345093, "LSAM_accuracy": 0.9512195121951219, "LSAM_combo": -0.12226636526061263, "_step": 0, "_wandb": {"runtime": 1186}}