{"lsam_accuracy_fold1": 0.48148148148148145, "_timestamp": 1657545155, "_runtime": 141, "lsam_nll_fold1": 1.3896167278289795, "lsam_accuracy_fold2": 0.6074074074074074, "lsam_nll_fold2": 1.3602032661437988, "lsam_accuracy_fold3": 0.42962962962962964, "lsam_nll_fold3": 1.3949917554855347, "lsam_accuracy_fold4": 0.6148148148148148, "lsam_nll_fold4": 1.3694568872451782, "LSAM_nll": 1.378567099571228, "LSAM_accuracy": 0.5333333333333333, "LSAM_combo": 0.8452337662378947, "_step": 0, "_wandb": {"runtime": 141}}