{"lsam_accuracy_fold1": 0.6080000400543213, "_timestamp": 1657513930, "_runtime": 430, "lsam_nll_fold1": 1.373293399810791, "lsam_accuracy_fold2": 0.5440000295639038, "lsam_nll_fold2": 1.4092966318130493, "lsam_accuracy_fold3": 0.5520000457763672, "lsam_nll_fold3": 1.3933452367782593, "lsam_accuracy_fold4": 0.6240000128746033, "lsam_nll_fold4": 1.3455538749694824, "LSAM_nll": 1.3803722858428955, "LSAM_accuracy": 0.5820000171661377, "_step": 0, "_wandb": {"runtime": 431}}