{"lsam_accuracy_fold1": 0.6518518518518519, "_timestamp": 1657551067, "_runtime": 342, "lsam_nll_fold1": 1.4800183773040771, "lsam_accuracy_fold2": 0.7037037037037037, "lsam_nll_fold2": 1.139847755432129, "lsam_accuracy_fold3": 0.7037037037037037, "lsam_nll_fold3": 1.3632347583770752, "lsam_accuracy_fold4": 0.6962962962962963, "lsam_nll_fold4": 1.584883451461792, "LSAM_nll": 1.391996145248413, "LSAM_accuracy": 0.6888888888888889, "LSAM_combo": 0.7031072563595242, "_step": 0, "_wandb": {"runtime": 343}}