{"gbm_accuracy_fold1": 0.568, "_timestamp": 1657535629, "_runtime": 5, "gbm_nll_fold1": 1.3653196096420288, "gbm_accuracy_fold2": 0.536, "gbm_nll_fold2": 1.433510422706604, "gbm_accuracy_fold3": 0.592, "gbm_nll_fold3": 1.3844733238220215, "gbm_accuracy_fold4": 0.592, "gbm_nll_fold4": 1.3782180547714233, "LightGBM_nll": 1.3903803825378418, "LightGBM_accuracy": 0.5720000000000001, "_step": 0, "_wandb": {"runtime": 7}}