{"gbm_accuracy_fold1": 0.6, "_timestamp": 1657518854, "_runtime": 6, "gbm_nll_fold1": 1.5310347080230713, "gbm_accuracy_fold2": 0.552, "gbm_nll_fold2": 1.3687169551849365, "gbm_accuracy_fold3": 0.608, "gbm_nll_fold3": 1.3762036561965942, "gbm_accuracy_fold4": 0.552, "gbm_nll_fold4": 1.373839020729065, "LightGBM_nll": 1.412448525428772, "LightGBM_accuracy": 0.5780000000000001, "_step": 0, "_wandb": {"runtime": 7}}