{"lsam_accuracy_fold1": 0.9703703703703703, "_timestamp": 1657573530, "_runtime": 796, "lsam_nll_fold1": 0.14957910776138306, "lsam_accuracy_fold2": 0.9592592592592593, "lsam_nll_fold2": 0.17426609992980957, "lsam_accuracy_fold3": 0.35185185185185186, "lsam_nll_fold3": 1.416555643081665, "lsam_accuracy_fold4": 0.9481481481481482, "lsam_nll_fold4": 0.33830031752586365, "LSAM_nll": 0.5196752548217773, "LSAM_accuracy": 0.8074074074074075, "LSAM_combo": -0.2877321525856301, "_step": 0, "_wandb": {"runtime": 797}}