{"gbm_accuracy_fold1": 0.568, "_timestamp": 1657608350, "_runtime": 7, "gbm_nll_fold1": 1.3754206895828247, "gbm_accuracy_fold2": 0.592, "gbm_nll_fold2": 1.3717676401138306, "gbm_accuracy_fold3": 0.6, "gbm_nll_fold3": 1.3732637166976929, "gbm_accuracy_fold4": 0.528, "gbm_nll_fold4": 1.3837701082229614, "LightGBM_nll": 1.3760554790496826, "LightGBM_accuracy": 0.572, "LightGBM_combo": 0.8040554790496827, "_step": 0, "_wandb": {"runtime": 8}}