{"lsam_accuracy_fold1": 0.13043478260869565, "_timestamp": 1657555444, "_runtime": 138, "lsam_nll_fold1": 1.6734068393707275, "lsam_accuracy_fold2": 0.1358695652173913, "lsam_nll_fold2": 1.6910165548324585, "lsam_accuracy_fold3": 0.23369565217391305, "lsam_nll_fold3": 1.682791829109192, "lsam_accuracy_fold4": 0.1793478260869565, "lsam_nll_fold4": 1.6906791925430298, "LSAM_nll": 1.6844735145568848, "LSAM_accuracy": 0.16983695652173914, "LSAM_combo": 1.5146365580351455, "_step": 0, "_wandb": {"runtime": 139}}