{"lsam_accuracy_fold1": 0.5185185185185185, "_timestamp": 1657609428, "_runtime": 346, "lsam_nll_fold1": 1.3853700160980225, "lsam_accuracy_fold2": 0.6074074074074074, "lsam_nll_fold2": 1.3833863735198975, "lsam_accuracy_fold3": 0.42962962962962964, "lsam_nll_fold3": 1.389832854270935, "lsam_accuracy_fold4": 0.6148148148148148, "lsam_nll_fold4": 1.3861883878707886, "LSAM_nll": 1.3861944675445557, "LSAM_accuracy": 0.5425925925925925, "LSAM_combo": 0.8436018749519631, "_step": 0, "_wandb": {"runtime": 348}}