{"gbm_accuracy_fold1": 0.568, "_timestamp": 1657608305, "_runtime": 6, "gbm_nll_fold1": 1.425406813621521, "gbm_accuracy_fold2": 0.608, "gbm_nll_fold2": 1.421173334121704, "gbm_accuracy_fold3": 0.552, "gbm_nll_fold3": 1.3663614988327026, "gbm_accuracy_fold4": 0.6, "gbm_nll_fold4": 1.3191485404968262, "LightGBM_nll": 1.3830225467681885, "LightGBM_accuracy": 0.582, "LightGBM_combo": 0.8010225467681885, "_step": 0, "_wandb": {"runtime": 6}}