{"gbm_accuracy_fold1": 0.9840933191940615, "_timestamp": 1657588156, "_runtime": 7, "gbm_nll_fold1": 0.08987435698509216, "gbm_accuracy_fold2": 0.9893955461293743, "gbm_nll_fold2": 0.10115574300289154, "gbm_accuracy_fold3": 0.9872746553552492, "gbm_nll_fold3": 0.139466792345047, "gbm_accuracy_fold4": 0.9936373276776246, "gbm_nll_fold4": 0.0350910909473896, "LightGBM_nll": 0.0913970023393631, "LightGBM_accuracy": 0.9886002120890774, "LightGBM_combo": -0.8972032097497143, "_step": 0, "_wandb": {"runtime": 9}}