{"lsam_accuracy_fold1": 0.9660657476139979, "_timestamp": 1657660286, "_runtime": 224, "lsam_nll_fold1": 0.2160949558019638, "lsam_accuracy_fold2": 0.968186638388123, "lsam_nll_fold2": 0.1913379430770874, "lsam_accuracy_fold3": 0.9607635206786851, "lsam_nll_fold3": 0.16700083017349243, "lsam_accuracy_fold4": 0.9713679745493107, "lsam_nll_fold4": 0.19851011037826538, "LSAM_nll": 0.19323596358299255, "LSAM_accuracy": 0.9665959703075291, "LSAM_combo": -0.7733600067245365, "_step": 0, "_wandb": {"runtime": 225}}