{"lsam_accuracy_fold1": 0.424, "_timestamp": 1657541762, "_runtime": 92, "lsam_nll_fold1": 1.4058128595352173, "lsam_accuracy_fold2": 0.48, "lsam_nll_fold2": 1.4189790487289429, "lsam_accuracy_fold3": 0.6, "lsam_nll_fold3": 1.3643375635147095, "lsam_accuracy_fold4": 0.648, "lsam_nll_fold4": 1.3484410047531128, "LSAM_nll": 1.3843926191329956, "LSAM_accuracy": 0.538, "LSAM_combo": 0.8463926191329956, "_step": 0, "_wandb": {"runtime": 93}}