{"gbm_accuracy_fold1": 0.9840933191940615, "_timestamp": 1657668610, "_runtime": 8, "gbm_nll_fold1": 0.09149742126464844, "gbm_accuracy_fold2": 0.9904559915164369, "gbm_nll_fold2": 0.07817103713750839, "gbm_accuracy_fold3": 0.9840933191940615, "gbm_nll_fold3": 0.1131860762834549, "gbm_accuracy_fold4": 0.9862142099681867, "gbm_nll_fold4": 0.05927690863609314, "LightGBM_nll": 0.08553286641836166, "LightGBM_accuracy": 0.9862142099681867, "LightGBM_combo": -0.900681343549825, "_step": 0, "_wandb": {"runtime": 8}}