{"gbm_accuracy_fold1": 0.624, "_timestamp": 1657542330, "_runtime": 5, "gbm_nll_fold1": 1.3615903854370117, "gbm_accuracy_fold2": 0.576, "gbm_nll_fold2": 1.5239254236221313, "gbm_accuracy_fold3": 0.64, "gbm_nll_fold3": 1.33826744556427, "gbm_accuracy_fold4": 0.568, "gbm_nll_fold4": 1.3696699142456055, "LightGBM_nll": 1.3983632326126099, "LightGBM_accuracy": 0.602, "LightGBM_combo": 0.7963632326126099, "_step": 0, "_wandb": {"runtime": 6}}