{"lsam_accuracy_fold1": 0.9777306468716861, "_timestamp": 1657654312, "_runtime": 2052, "lsam_nll_fold1": 0.12403275817632675, "lsam_accuracy_fold2": 0.9809119830328739, "lsam_nll_fold2": 0.13928285241127014, "lsam_accuracy_fold3": 0.9830328738069989, "lsam_nll_fold3": 0.12996551394462585, "lsam_accuracy_fold4": 0.9692470837751855, "lsam_nll_fold4": 0.1715671271085739, "LSAM_nll": 0.14121206104755402, "LSAM_accuracy": 0.9777306468716861, "LSAM_combo": -0.8365185858241321, "_step": 0, "_wandb": {"runtime": 2053}}