{"gbm_accuracy_fold1": 0.9814814814814815, "_timestamp": 1657577053, "_runtime": 6, "gbm_nll_fold1": 0.07582036405801773, "gbm_accuracy_fold2": 0.9814814814814815, "gbm_nll_fold2": 0.0646653026342392, "gbm_accuracy_fold3": 0.9925925925925926, "gbm_nll_fold3": 0.04403181001543999, "gbm_accuracy_fold4": 0.9851851851851852, "gbm_nll_fold4": 0.04696720093488693, "LightGBM_nll": 0.057871170341968536, "LightGBM_accuracy": 0.9851851851851852, "LightGBM_combo": -0.9273140148432166, "_step": 0, "_wandb": {"runtime": 7}}