{"lsam_accuracy_fold1": 0.9814814814814815, "_timestamp": 1657641774, "_runtime": 229, "lsam_nll_fold1": 0.09004255384206772, "lsam_accuracy_fold2": 0.9777777777777777, "lsam_nll_fold2": 0.09620863199234009, "lsam_accuracy_fold3": 0.9629629629629629, "lsam_nll_fold3": 0.19182288646697998, "lsam_accuracy_fold4": 0.9296296296296296, "lsam_nll_fold4": 0.2627927362918854, "LSAM_nll": 0.16021670401096344, "LSAM_accuracy": 0.9629629629629629, "LSAM_combo": -0.8027462589519995, "_step": 0, "_wandb": {"runtime": 230}}