{"lsam_accuracy_fold1": 0.6467391304347826, "_timestamp": 1657622201, "_runtime": 209, "lsam_nll_fold1": 0.8421645164489746, "lsam_accuracy_fold2": 0.6086956521739131, "lsam_nll_fold2": 0.9009782671928406, "lsam_accuracy_fold3": 0.5760869565217391, "lsam_nll_fold3": 0.9413436651229858, "lsam_accuracy_fold4": 0.6195652173913043, "lsam_nll_fold4": 0.8399543762207031, "LSAM_nll": 0.8811101913452148, "LSAM_accuracy": 0.6127717391304348, "LSAM_combo": 0.26833845221478003, "_step": 0, "_wandb": {"runtime": 210}}