{"gbm_accuracy_fold1": 0.6814814814814815, "_timestamp": 1657552438, "_runtime": 5, "gbm_nll_fold1": 1.1560603380203247, "gbm_accuracy_fold2": 0.837037037037037, "gbm_nll_fold2": 1.2586387395858765, "gbm_accuracy_fold3": 0.7925925925925926, "gbm_nll_fold3": 1.1008108854293823, "gbm_accuracy_fold4": 0.7851851851851852, "gbm_nll_fold4": 1.0966978073120117, "LightGBM_nll": 1.1530519723892212, "LightGBM_accuracy": 0.7740740740740741, "LightGBM_combo": 0.37897789831514705, "_step": 0, "_wandb": {"runtime": 6}}