{"lsam_accuracy_fold1": 0.3925925925925926, "_timestamp": 1657546210, "_runtime": 188, "lsam_nll_fold1": 1.399207353591919, "lsam_accuracy_fold2": 0.674074074074074, "lsam_nll_fold2": 1.2283459901809692, "lsam_accuracy_fold3": 0.42962962962962964, "lsam_nll_fold3": 1.4317196607589722, "lsam_accuracy_fold4": 0.725925925925926, "lsam_nll_fold4": 1.2045947313308716, "LSAM_nll": 1.3159669637680054, "LSAM_accuracy": 0.5555555555555556, "LSAM_combo": 0.7604114082124498, "_step": 0, "_wandb": {"runtime": 189}}