{"gbm_accuracy_fold1": 0.9740740740740741, "_timestamp": 1657643892, "_runtime": 7, "gbm_nll_fold1": 0.13691750168800354, "gbm_accuracy_fold2": 0.9925925925925926, "gbm_nll_fold2": 0.03292205184698105, "gbm_accuracy_fold3": 0.9925925925925926, "gbm_nll_fold3": 0.02302476391196251, "gbm_accuracy_fold4": 0.9629629629629629, "gbm_nll_fold4": 0.10923141986131668, "LightGBM_nll": 0.07552393525838852, "LightGBM_accuracy": 0.9805555555555555, "LightGBM_combo": -0.905031620297167, "_step": 0, "_wandb": {"runtime": 9}}