{"lsam_accuracy_fold1": 0.576, "_timestamp": 1657605763, "_runtime": 174, "lsam_nll_fold1": 1.3814982175827026, "lsam_accuracy_fold2": 0.56, "lsam_nll_fold2": 1.3675756454467773, "lsam_accuracy_fold3": 0.6, "lsam_nll_fold3": 1.3699663877487183, "lsam_accuracy_fold4": 0.64, "lsam_nll_fold4": 1.3350598812103271, "LSAM_nll": 1.363525152206421, "LSAM_accuracy": 0.5940000000000001, "LSAM_combo": 0.7695251522064208, "_step": 0, "_wandb": {"runtime": 174}}