{"gbm_accuracy_fold1": 0.7703703703703704, "_timestamp": 1657552394, "_runtime": 5, "gbm_nll_fold1": 1.1292864084243774, "gbm_accuracy_fold2": 0.7777777777777778, "gbm_nll_fold2": 1.229781150817871, "gbm_accuracy_fold3": 0.6888888888888889, "gbm_nll_fold3": 1.6723862886428833, "gbm_accuracy_fold4": 0.6888888888888889, "gbm_nll_fold4": 1.1444358825683594, "LightGBM_nll": 1.293972373008728, "LightGBM_accuracy": 0.7314814814814816, "LightGBM_combo": 0.5624908915272464, "_step": 0, "_wandb": {"runtime": 6}}