{"lsam_accuracy_fold1": 0.9713679745493107, "_timestamp": 1657662647, "_runtime": 835, "lsam_nll_fold1": 0.19841080904006958, "lsam_accuracy_fold2": 0.9713679745493107, "lsam_nll_fold2": 0.1657686084508896, "lsam_accuracy_fold3": 0.9745493107104984, "lsam_nll_fold3": 0.1521601676940918, "lsam_accuracy_fold4": 0.9692470837751855, "lsam_nll_fold4": 0.22569189965724945, "LSAM_nll": 0.1855078786611557, "LSAM_accuracy": 0.9716330858960763, "LSAM_combo": -0.7861252072349206, "_step": 0, "_wandb": {"runtime": 837}}