{"gbm_accuracy_fold1": 0.544, "_timestamp": 1657518635, "_runtime": 6, "gbm_nll_fold1": 1.5760254859924316, "gbm_accuracy_fold2": 0.504, "gbm_nll_fold2": 1.653983235359192, "gbm_accuracy_fold3": 0.536, "gbm_nll_fold3": 1.5894038677215576, "gbm_accuracy_fold4": 0.528, "gbm_nll_fold4": 1.6876835823059082, "LightGBM_nll": 1.6267739534378052, "LightGBM_accuracy": 0.528, "_step": 0, "_wandb": {"runtime": 7}}