{"gbm_accuracy_fold1": 0.536, "_timestamp": 1657521144, "_runtime": 5, "gbm_nll_fold1": 1.3719526529312134, "gbm_accuracy_fold2": 0.584, "gbm_nll_fold2": 1.369872808456421, "gbm_accuracy_fold3": 0.608, "gbm_nll_fold3": 1.4151250123977661, "gbm_accuracy_fold4": 0.528, "gbm_nll_fold4": 1.4460371732711792, "LightGBM_nll": 1.4007469415664673, "LightGBM_accuracy": 0.5640000000000001, "_step": 0, "_wandb": {"runtime": 7}}