{"gbm_accuracy_fold1": 0.6370370370370371, "_timestamp": 1657618843, "_runtime": 7, "gbm_nll_fold1": 1.286570429801941, "gbm_accuracy_fold2": 0.7185185185185186, "gbm_nll_fold2": 1.2753225564956665, "gbm_accuracy_fold3": 0.7037037037037037, "gbm_nll_fold3": 1.2574540376663208, "gbm_accuracy_fold4": 0.7851851851851852, "gbm_nll_fold4": 1.234208583831787, "LightGBM_nll": 1.2633888721466064, "LightGBM_accuracy": 0.7111111111111111, "LightGBM_combo": 0.5522777610354953, "_step": 0, "_wandb": {"runtime": 8}}