{"lsam_accuracy_fold1": 0.424, "_timestamp": 1657531269, "_runtime": 126, "lsam_nll_fold1": 1.389829397201538, "lsam_accuracy_fold2": 0.52, "lsam_nll_fold2": 1.3844681978225708, "lsam_accuracy_fold3": 0.6, "lsam_nll_fold3": 1.350995659828186, "lsam_accuracy_fold4": 0.376, "lsam_nll_fold4": 1.4481805562973022, "LSAM_nll": 1.3933684825897217, "LSAM_accuracy": 0.48, "_step": 0, "_wandb": {"runtime": 127}}