{"lsam_accuracy_fold1": 0.6467391304347826, "_timestamp": 1657559672, "_runtime": 502, "lsam_nll_fold1": 0.8564336895942688, "lsam_accuracy_fold2": 0.6195652173913043, "lsam_nll_fold2": 0.9719553589820862, "lsam_accuracy_fold3": 0.625, "lsam_nll_fold3": 1.123209834098816, "lsam_accuracy_fold4": 0.6467391304347826, "lsam_nll_fold4": 0.933318555355072, "LSAM_nll": 0.9712293744087219, "LSAM_accuracy": 0.6345108695652174, "LSAM_combo": 0.3367185048435045, "_step": 0, "_wandb": {"runtime": 503}}