{"lsam_accuracy_fold1": 0.9300106044538706, "_timestamp": 1657648602, "_runtime": 470, "lsam_nll_fold1": 0.542643666267395, "lsam_accuracy_fold2": 0.9639448568398727, "lsam_nll_fold2": 0.3067053556442261, "lsam_accuracy_fold3": 0.9565217391304348, "lsam_nll_fold3": 0.2442992776632309, "lsam_accuracy_fold4": 0.9448568398727466, "lsam_nll_fold4": 0.27440378069877625, "LSAM_nll": 0.34201303124427795, "LSAM_accuracy": 0.9488335100742312, "LSAM_combo": -0.6068204788299533, "_step": 0, "_wandb": {"runtime": 471}}