{"gbm_accuracy_fold1": 0.985153764581124, "_timestamp": 1657668140, "_runtime": 8, "gbm_nll_fold1": 0.09275161474943161, "gbm_accuracy_fold2": 0.9915164369034994, "gbm_nll_fold2": 0.06968933343887329, "gbm_accuracy_fold3": 0.9872746553552492, "gbm_nll_fold3": 0.0994587391614914, "gbm_accuracy_fold4": 0.9968186638388123, "gbm_nll_fold4": 0.027092838659882545, "LightGBM_nll": 0.07224813848733902, "LightGBM_accuracy": 0.9901908801696713, "LightGBM_combo": -0.9179427416823323, "_step": 0, "_wandb": {"runtime": 9}}