{"lsam_accuracy_fold1": 0.657608695652174, "_timestamp": 1657562551, "_runtime": 232, "lsam_nll_fold1": 0.7742084860801697, "lsam_accuracy_fold2": 0.6793478260869565, "lsam_nll_fold2": 0.7939863801002502, "lsam_accuracy_fold3": 0.6141304347826086, "lsam_nll_fold3": 0.9744100570678711, "lsam_accuracy_fold4": 0.592391304347826, "lsam_nll_fold4": 0.8926599025726318, "LSAM_nll": 0.8588162064552307, "LSAM_accuracy": 0.6358695652173912, "LSAM_combo": 0.22294664123783947, "_step": 0, "_wandb": {"runtime": 232}}