{"lsam_accuracy_fold1": 0.9427359490986215, "_timestamp": 1657658692, "_runtime": 407, "lsam_nll_fold1": 0.23647359013557434, "lsam_accuracy_fold2": 0.9247083775185578, "lsam_nll_fold2": 0.3057534396648407, "lsam_accuracy_fold3": 0.9374337221633086, "lsam_nll_fold3": 0.2142229527235031, "lsam_accuracy_fold4": 0.911983032873807, "lsam_nll_fold4": 0.3634355068206787, "LSAM_nll": 0.2799713611602783, "LSAM_accuracy": 0.9292152704135738, "LSAM_combo": -0.6492439092532954, "_step": 0, "_wandb": {"runtime": 409}}