{"lsam_accuracy_fold1": 0.4240000247955322, "_timestamp": 1657507076, "_runtime": 780, "lsam_nll_fold1": 21.220626831054688, "lsam_accuracy_fold2": 0.48000001907348633, "lsam_nll_fold2": 19.157508850097656, "lsam_accuracy_fold3": 0.4000000059604645, "lsam_nll_fold3": 22.10481834411621, "lsam_accuracy_fold4": 0.6240000128746033, "lsam_nll_fold4": 1.386037826538086, "LSAM_nll": 15.967248916625977, "LSAM_accuracy": 0.4819999933242798, "_step": 0, "_wandb": {"runtime": 782}}