{"gbm_accuracy_fold1": 0.576, "_timestamp": 1657607625, "_runtime": 7, "gbm_nll_fold1": 1.384944200515747, "gbm_accuracy_fold2": 0.576, "gbm_nll_fold2": 1.4054478406906128, "gbm_accuracy_fold3": 0.6, "gbm_nll_fold3": 1.3371269702911377, "gbm_accuracy_fold4": 0.52, "gbm_nll_fold4": 1.366374135017395, "LightGBM_nll": 1.3734731674194336, "LightGBM_accuracy": 0.568, "LightGBM_combo": 0.8054731674194336, "_step": 0, "_wandb": {"runtime": 8}}