{"gbm_accuracy_fold1": 0.7925925925925926, "_timestamp": 1657619378, "_runtime": 6, "gbm_nll_fold1": 1.1010048389434814, "gbm_accuracy_fold2": 0.8222222222222222, "gbm_nll_fold2": 0.7535054683685303, "gbm_accuracy_fold3": 0.7777777777777778, "gbm_nll_fold3": 0.822769284248352, "gbm_accuracy_fold4": 0.8, "gbm_nll_fold4": 0.8555150628089905, "LightGBM_nll": 0.883198618888855, "LightGBM_accuracy": 0.798148148148148, "LightGBM_combo": 0.08505047074070693, "_step": 0, "_wandb": {"runtime": 6}}