{"gbm_accuracy_fold1": 0.9888888888888889, "_timestamp": 1657577255, "_runtime": 5, "gbm_nll_fold1": 0.025495773181319237, "gbm_accuracy_fold2": 0.9814814814814815, "gbm_nll_fold2": 0.09401791542768478, "gbm_accuracy_fold3": 0.9851851851851852, "gbm_nll_fold3": 0.07364705950021744, "gbm_accuracy_fold4": 0.9555555555555556, "gbm_nll_fold4": 0.1951712667942047, "LightGBM_nll": 0.09708300232887268, "LightGBM_accuracy": 0.9777777777777779, "LightGBM_combo": -0.8806947754489052, "_step": 0, "_wandb": {"runtime": 7}}