{"gbm_accuracy_fold1": 0.9629629629629629, "_timestamp": 1657576889, "_runtime": 5, "gbm_nll_fold1": 0.13551980257034302, "gbm_accuracy_fold2": 0.8, "gbm_nll_fold2": 0.8155261874198914, "gbm_accuracy_fold3": 0.9777777777777777, "gbm_nll_fold3": 0.06288853287696838, "gbm_accuracy_fold4": 0.9703703703703703, "gbm_nll_fold4": 0.08109717816114426, "LightGBM_nll": 0.2737579047679901, "LightGBM_accuracy": 0.9277777777777778, "LightGBM_combo": -0.6540198730097877, "_step": 0, "_wandb": {"runtime": 6}}