{"gbm_accuracy_fold1": 0.9862142099681867, "_timestamp": 1657588220, "_runtime": 6, "gbm_nll_fold1": 0.11515872925519943, "gbm_accuracy_fold2": 0.9840933191940615, "gbm_nll_fold2": 0.10852407664060593, "gbm_accuracy_fold3": 0.9830328738069989, "gbm_nll_fold3": 0.12436491996049881, "gbm_accuracy_fold4": 0.9840933191940615, "gbm_nll_fold4": 0.11242873221635818, "LightGBM_nll": 0.11511911451816559, "LightGBM_accuracy": 0.9843584305408272, "LightGBM_combo": -0.8692393160226616, "_step": 0, "_wandb": {"runtime": 7}}