{"lsam_accuracy_fold1": 0.5200000405311584, "_timestamp": 1657510477, "_runtime": 390, "lsam_nll_fold1": 1.3916175365447998, "lsam_accuracy_fold2": 0.5680000185966492, "lsam_nll_fold2": 1.4017524719238281, "lsam_accuracy_fold3": 0.5920000076293945, "lsam_nll_fold3": 1.3413363695144653, "lsam_accuracy_fold4": 0.527999997138977, "lsam_nll_fold4": 1.3662325143814087, "LSAM_nll": 1.3752347230911255, "LSAM_accuracy": 0.5520000457763672, "_step": 0, "_wandb": {"runtime": 391}}