{"gbm_accuracy_fold1": 0.985153764581124, "_timestamp": 1657587979, "_runtime": 5, "gbm_nll_fold1": 0.08701162040233612, "gbm_accuracy_fold2": 0.9904559915164369, "gbm_nll_fold2": 0.0806918516755104, "gbm_accuracy_fold3": 0.985153764581124, "gbm_nll_fold3": 0.16054245829582214, "gbm_accuracy_fold4": 0.9862142099681867, "gbm_nll_fold4": 0.05730872228741646, "LightGBM_nll": 0.09638866782188416, "LightGBM_accuracy": 0.986744432661718, "LightGBM_combo": -0.8903557648398338, "_step": 0, "_wandb": {"runtime": 6}}