{"gbm_accuracy_fold1": 0.9740740740740741, "_timestamp": 1657643709, "_runtime": 11, "gbm_nll_fold1": 0.06410405039787292, "gbm_accuracy_fold2": 0.9777777777777777, "gbm_nll_fold2": 0.053086742758750916, "gbm_accuracy_fold3": 0.9740740740740741, "gbm_nll_fold3": 0.07337658107280731, "gbm_accuracy_fold4": 0.9703703703703703, "gbm_nll_fold4": 0.08605387806892395, "LightGBM_nll": 0.06915531307458878, "LightGBM_accuracy": 0.974074074074074, "LightGBM_combo": -0.9049187609994852, "_step": 0, "_wandb": {"runtime": 12}}