{"gbm_accuracy_fold1": 0.9444444444444444, "_timestamp": 1657643347, "_runtime": 14, "gbm_nll_fold1": 0.26649603247642517, "gbm_accuracy_fold2": 0.9481481481481482, "gbm_nll_fold2": 0.27006134390830994, "gbm_accuracy_fold3": 0.9740740740740741, "gbm_nll_fold3": 0.18491315841674805, "gbm_accuracy_fold4": 0.9629629629629629, "gbm_nll_fold4": 0.2470223307609558, "LightGBM_nll": 0.24212321639060974, "LightGBM_accuracy": 0.9574074074074074, "LightGBM_combo": -0.7152841910167976, "_step": 0, "_wandb": {"runtime": 15}}