{"gbm_accuracy_fold1": 0.8222222222222222, "_timestamp": 1657619148, "_runtime": 6, "gbm_nll_fold1": 0.9374722838401794, "gbm_accuracy_fold2": 0.7703703703703704, "gbm_nll_fold2": 0.8465299010276794, "gbm_accuracy_fold3": 0.762962962962963, "gbm_nll_fold3": 1.0193603038787842, "gbm_accuracy_fold4": 0.7851851851851852, "gbm_nll_fold4": 0.9000335335731506, "LightGBM_nll": 0.9258489608764648, "LightGBM_accuracy": 0.7851851851851852, "LightGBM_combo": 0.14066377569127964, "_step": 0, "_wandb": {"runtime": 7}}