{"gbm_accuracy_fold1": 0.8074074074074075, "_timestamp": 1657536114, "_runtime": 6, "gbm_nll_fold1": 0.9171364903450012, "gbm_accuracy_fold2": 0.7851851851851852, "gbm_nll_fold2": 0.9548052549362183, "gbm_accuracy_fold3": 0.8074074074074075, "gbm_nll_fold3": 0.9064814448356628, "gbm_accuracy_fold4": 0.7481481481481481, "gbm_nll_fold4": 0.9275968074798584, "LightGBM_nll": 0.9265050292015076, "LightGBM_accuracy": 0.787037037037037, "LightGBM_combo": 0.1394679921644706, "_step": 0, "_wandb": {"runtime": 8}}