{"lsam_accuracy_fold1": 0.29891304347826086, "_timestamp": 1657623263, "_runtime": 379, "lsam_nll_fold1": 1.6636537313461304, "lsam_accuracy_fold2": 0.23369565217391305, "lsam_nll_fold2": 1.5443376302719116, "lsam_accuracy_fold3": 0.391304347826087, "lsam_nll_fold3": 1.5395488739013672, "lsam_accuracy_fold4": 0.6467391304347826, "lsam_nll_fold4": 0.8306905031204224, "LSAM_nll": 1.3945577144622803, "LSAM_accuracy": 0.39266304347826086, "LSAM_combo": 1.0018946709840195, "_step": 0, "_wandb": {"runtime": 380}}