{"lsam_accuracy_fold1": 0.6195652173913043, "_timestamp": 1657561915, "_runtime": 272, "lsam_nll_fold1": 0.852132260799408, "lsam_accuracy_fold2": 0.6032608695652174, "lsam_nll_fold2": 0.8340535759925842, "lsam_accuracy_fold3": 0.6521739130434783, "lsam_nll_fold3": 0.8309516310691833, "lsam_accuracy_fold4": 0.6304347826086957, "lsam_nll_fold4": 0.7815807461738586, "LSAM_nll": 0.8246795535087585, "LSAM_accuracy": 0.626358695652174, "LSAM_combo": 0.1983208578565846, "_step": 0, "_wandb": {"runtime": 274}}