{"gbm_accuracy_fold1": 0.9851851851851852, "_timestamp": 1657643737, "_runtime": 12, "gbm_nll_fold1": 0.04950509965419769, "gbm_accuracy_fold2": 0.9629629629629629, "gbm_nll_fold2": 0.11172270029783249, "gbm_accuracy_fold3": 0.9888888888888889, "gbm_nll_fold3": 0.03247921168804169, "gbm_accuracy_fold4": 0.9740740740740741, "gbm_nll_fold4": 0.07776837795972824, "LightGBM_nll": 0.06786884367465973, "LightGBM_accuracy": 0.9777777777777779, "LightGBM_combo": -0.9099089341031181, "_step": 0, "_wandb": {"runtime": 14}}