{"gbm_accuracy_fold1": 0.7111111111111111, "_timestamp": 1657552983, "_runtime": 12, "gbm_nll_fold1": 1.1490081548690796, "gbm_accuracy_fold2": 0.7185185185185186, "gbm_nll_fold2": 1.152003526687622, "gbm_accuracy_fold3": 0.7333333333333333, "gbm_nll_fold3": 1.137797236442566, "gbm_accuracy_fold4": 0.7407407407407407, "gbm_nll_fold4": 1.1237772703170776, "LightGBM_nll": 1.1406465768814087, "LightGBM_accuracy": 0.7259259259259259, "LightGBM_combo": 0.41472065095548283, "_step": 0, "_wandb": {"runtime": 8}}