{"lsam_accuracy_fold1": 0.424, "_timestamp": 1657603285, "_runtime": 174, "lsam_nll_fold1": 1.4749202728271484, "lsam_accuracy_fold2": 0.52, "lsam_nll_fold2": 1.3861055374145508, "lsam_accuracy_fold3": 0.656, "lsam_nll_fold3": 1.374763011932373, "lsam_accuracy_fold4": 0.624, "lsam_nll_fold4": 1.3513530492782593, "LSAM_nll": 1.3967854976654053, "LSAM_accuracy": 0.556, "LSAM_combo": 0.8407854976654052, "_step": 0, "_wandb": {"runtime": 175}}