{"gbm_accuracy_fold1": 0.6032608695652174, "_timestamp": 1657563163, "_runtime": 5, "gbm_nll_fold1": 1.1116083860397339, "gbm_accuracy_fold2": 0.6847826086956522, "gbm_nll_fold2": 1.0066914558410645, "gbm_accuracy_fold3": 0.5978260869565217, "gbm_nll_fold3": 1.0437180995941162, "gbm_accuracy_fold4": 0.6358695652173914, "gbm_nll_fold4": 0.9715971946716309, "LightGBM_nll": 1.0334038734436035, "LightGBM_accuracy": 0.6304347826086957, "LightGBM_combo": 0.40296909083490784, "_step": 0, "_wandb": {"runtime": 6}}