{"lsam_accuracy_fold1": 0.424, "_timestamp": 1657521613, "_runtime": 137, "lsam_nll_fold1": 1.386927843093872, "lsam_accuracy_fold2": 0.48, "lsam_nll_fold2": 1.3873369693756104, "lsam_accuracy_fold3": 0.4, "lsam_nll_fold3": 1.3878777027130127, "lsam_accuracy_fold4": 0.376, "lsam_nll_fold4": 1.3932404518127441, "LSAM_nll": 1.3888458013534546, "LSAM_accuracy": 0.41999999999999993, "_step": 0, "_wandb": {"runtime": 138}}