{"gbm_accuracy_fold1": 0.657608695652174, "_timestamp": 1657562851, "_runtime": 8, "gbm_nll_fold1": 1.1079292297363281, "gbm_accuracy_fold2": 0.625, "gbm_nll_fold2": 1.1397171020507812, "gbm_accuracy_fold3": 0.5978260869565217, "gbm_nll_fold3": 1.1586673259735107, "gbm_accuracy_fold4": 0.6467391304347826, "gbm_nll_fold4": 1.096985101699829, "LightGBM_nll": 1.1258246898651123, "LightGBM_accuracy": 0.6317934782608695, "LightGBM_combo": 0.4940312116042428, "_step": 0, "_wandb": {"runtime": 10}}