{"gbm_accuracy_fold1": 0.9883351007423118, "_timestamp": 1657668253, "_runtime": 6, "gbm_nll_fold1": 0.062367454171180725, "gbm_accuracy_fold2": 0.9915164369034994, "gbm_nll_fold2": 0.06833962351083755, "gbm_accuracy_fold3": 0.9872746553552492, "gbm_nll_fold3": 0.1365121603012085, "gbm_accuracy_fold4": 0.9925768822905621, "gbm_nll_fold4": 0.046090904623270035, "LightGBM_nll": 0.07832753658294678, "LightGBM_accuracy": 0.9899257688229056, "LightGBM_combo": -0.9115982322399588, "_step": 0, "_wandb": {"runtime": 7}}