{"lsam_accuracy_fold1": 0.424, "_timestamp": 1657602612, "_runtime": 166, "lsam_nll_fold1": 1.3980047702789307, "lsam_accuracy_fold2": 0.52, "lsam_nll_fold2": 1.3851450681686401, "lsam_accuracy_fold3": 0.6, "lsam_nll_fold3": 1.3706847429275513, "lsam_accuracy_fold4": 0.624, "lsam_nll_fold4": 1.379926323890686, "LSAM_nll": 1.3834401369094849, "LSAM_accuracy": 0.542, "LSAM_combo": 0.8414401369094848, "_step": 0, "_wandb": {"runtime": 166}}