{"lsam_accuracy_fold1": 0.7555555555555555, "_timestamp": 1657610631, "_runtime": 707, "lsam_nll_fold1": 2.203490972518921, "lsam_accuracy_fold2": 0.725925925925926, "lsam_nll_fold2": 2.378800868988037, "lsam_accuracy_fold3": 0.8074074074074075, "lsam_nll_fold3": 1.3897781372070312, "lsam_accuracy_fold4": 0.7555555555555555, "lsam_nll_fold4": 2.7734503746032715, "LSAM_nll": 2.186379909515381, "LSAM_accuracy": 0.7611111111111111, "LSAM_combo": 1.4252687984042698, "_step": 0, "_wandb": {"runtime": 708}}