{"lsam_accuracy_fold1": 0.576, "_timestamp": 1657604443, "_runtime": 237, "lsam_nll_fold1": 1.3789695501327515, "lsam_accuracy_fold2": 0.48, "lsam_nll_fold2": 1.3911770582199097, "lsam_accuracy_fold3": 0.624, "lsam_nll_fold3": 1.3615608215332031, "lsam_accuracy_fold4": 0.616, "lsam_nll_fold4": 1.3632303476333618, "LSAM_nll": 1.3737343549728394, "LSAM_accuracy": 0.5740000000000001, "LSAM_combo": 0.7997343549728393, "_step": 0, "_wandb": {"runtime": 237}}