{"lsam_accuracy_fold1": 0.13333333333333333, "_timestamp": 1657563430, "_runtime": 176, "lsam_nll_fold1": 2.117340564727783, "lsam_accuracy_fold2": 0.17037037037037037, "lsam_nll_fold2": 2.1111350059509277, "lsam_accuracy_fold3": 0.11851851851851852, "lsam_nll_fold3": 2.1179935932159424, "lsam_accuracy_fold4": 0.12962962962962962, "lsam_nll_fold4": 2.110300064086914, "LSAM_nll": 2.114192247390747, "LSAM_accuracy": 0.13796296296296295, "LSAM_combo": 1.976229284427784, "_step": 0, "_wandb": {"runtime": 177}}