{"gbm_accuracy_fold1": 0.7962962962962963, "_timestamp": 1657643419, "_runtime": 10, "gbm_nll_fold1": 1.5850396156311035, "gbm_accuracy_fold2": 0.7925925925925926, "gbm_nll_fold2": 1.5923802852630615, "gbm_accuracy_fold3": 0.8629629629629629, "gbm_nll_fold3": 1.523376226425171, "gbm_accuracy_fold4": 0.8, "gbm_nll_fold4": 1.6132292747497559, "LightGBM_nll": 1.578506350517273, "LightGBM_accuracy": 0.8129629629629629, "LightGBM_combo": 0.7655433875543101, "_step": 0, "_wandb": {"runtime": 11}}