{"gbm_accuracy_fold1": 0.9872746553552492, "_timestamp": 1657588001, "_runtime": 5, "gbm_nll_fold1": 0.0773666575551033, "gbm_accuracy_fold2": 0.9925768822905621, "gbm_nll_fold2": 0.06678493320941925, "gbm_accuracy_fold3": 0.9862142099681867, "gbm_nll_fold3": 0.17832672595977783, "gbm_accuracy_fold4": 0.9893955461293743, "gbm_nll_fold4": 0.06586258113384247, "LightGBM_nll": 0.09708522260189056, "LightGBM_accuracy": 0.988865323435843, "LightGBM_combo": -0.8917801008339524, "_step": 0, "_wandb": {"runtime": 6}}