{"lsam_accuracy_fold1": 0.060445387062566275, "_timestamp": 1657648116, "_runtime": 426, "lsam_nll_fold1": 1.38677978515625, "lsam_accuracy_fold2": 0.936373276776246, "lsam_nll_fold2": 1.3636269569396973, "lsam_accuracy_fold3": 0.9310710498409331, "lsam_nll_fold3": 1.3827366828918457, "lsam_accuracy_fold4": 0.051961823966065745, "lsam_nll_fold4": 1.4087070226669312, "LSAM_nll": 1.3854626417160034, "LSAM_accuracy": 0.4949628844114528, "LSAM_combo": 0.8904997573045506, "_step": 0, "_wandb": {"runtime": 427}}