{"lsam_accuracy_fold1": 0.4240000247955322, "_timestamp": 1657503353, "_runtime": 589, "lsam_nll_fold1": 1.3863193988800049, "lsam_accuracy_fold2": 0.48000001907348633, "lsam_nll_fold2": 1.3872733116149902, "lsam_accuracy_fold3": 0.6000000238418579, "lsam_nll_fold3": 1.3791066408157349, "lsam_accuracy_fold4": 0.3760000169277191, "lsam_nll_fold4": 1.3891936540603638, "LSAM_nll": 1.3854732513427734, "LSAM_accuracy": 0.4700000286102295, "_step": 0, "_wandb": {"runtime": 591}}