{"lsam_accuracy_fold1": 0.56, "_timestamp": 1657602170, "_runtime": 238, "lsam_nll_fold1": 1.4950642585754395, "lsam_accuracy_fold2": 0.528, "lsam_nll_fold2": 1.4163950681686401, "lsam_accuracy_fold3": 0.536, "lsam_nll_fold3": 1.4454729557037354, "lsam_accuracy_fold4": 0.608, "lsam_nll_fold4": 1.352431058883667, "LSAM_nll": 1.4273409843444824, "LSAM_accuracy": 0.558, "LSAM_combo": 0.8693409843444824, "_step": 0, "_wandb": {"runtime": 239}}