{"lsam_accuracy_fold1": 0.4240000247955322, "_timestamp": 1657513050, "_runtime": 285, "lsam_nll_fold1": 1.3912131786346436, "lsam_accuracy_fold2": 0.48000001907348633, "lsam_nll_fold2": 1.389312982559204, "lsam_accuracy_fold3": 0.6000000238418579, "lsam_nll_fold3": 1.3754287958145142, "lsam_accuracy_fold4": 0.3760000169277191, "lsam_nll_fold4": 1.3907328844070435, "LSAM_nll": 1.3866719007492065, "LSAM_accuracy": 0.4700000286102295, "_step": 0, "_wandb": {"runtime": 286}}