{"lsam_accuracy_fold1": 0.424, "_timestamp": 1657597912, "_runtime": 176, "lsam_nll_fold1": 1.3873586654663086, "lsam_accuracy_fold2": 0.48, "lsam_nll_fold2": 1.3905326128005981, "lsam_accuracy_fold3": 0.4, "lsam_nll_fold3": 1.3873106241226196, "lsam_accuracy_fold4": 0.376, "lsam_nll_fold4": 1.3921890258789062, "LSAM_nll": 1.3893476724624634, "LSAM_accuracy": 0.41999999999999993, "LSAM_combo": 0.9693476724624634, "_step": 0, "_wandb": {"runtime": 177}}