{"lsam_accuracy_fold1": 1.0, "_timestamp": 1657641248, "_runtime": 167, "lsam_nll_fold1": 0.003998978529125452, "lsam_accuracy_fold2": 0.9888888888888889, "lsam_nll_fold2": 0.0347033366560936, "lsam_accuracy_fold3": 0.9851851851851852, "lsam_nll_fold3": 0.06785842776298523, "lsam_accuracy_fold4": 0.9888888888888889, "lsam_nll_fold4": 0.09666182845830917, "LSAM_nll": 0.05080564320087433, "LSAM_accuracy": 0.9907407407407407, "LSAM_combo": -0.9399350975398664, "_step": 0, "_wandb": {"runtime": 167}}