{"gbm_accuracy_fold1": 0.64, "_timestamp": 1657535672, "_runtime": 6, "gbm_nll_fold1": 1.432868480682373, "gbm_accuracy_fold2": 0.56, "gbm_nll_fold2": 1.5649868249893188, "gbm_accuracy_fold3": 0.6, "gbm_nll_fold3": 1.3312060832977295, "gbm_accuracy_fold4": 0.528, "gbm_nll_fold4": 1.3977915048599243, "LightGBM_nll": 1.4317132234573364, "LightGBM_accuracy": 0.5820000000000001, "_step": 0, "_wandb": {"runtime": 7}}