{"gbm_accuracy_fold1": 0.576, "_timestamp": 1657542624, "_runtime": 5, "gbm_nll_fold1": 1.5373269319534302, "gbm_accuracy_fold2": 0.512, "gbm_nll_fold2": 2.669296979904175, "gbm_accuracy_fold3": 0.552, "gbm_nll_fold3": 1.5162569284439087, "gbm_accuracy_fold4": 0.64, "gbm_nll_fold4": 1.366382360458374, "LightGBM_nll": 1.7723157405853271, "LightGBM_accuracy": 0.5700000000000001, "LightGBM_combo": 1.202315740585327, "_step": 0, "_wandb": {"runtime": 7}}