{"lsam_accuracy_fold1": 0.9628844114528102, "_timestamp": 1657661370, "_runtime": 294, "lsam_nll_fold1": 0.19808892905712128, "lsam_accuracy_fold2": 0.975609756097561, "lsam_nll_fold2": 0.14092066884040833, "lsam_accuracy_fold3": 0.9798515376458112, "lsam_nll_fold3": 0.2246702015399933, "lsam_accuracy_fold4": 0.9745493107104984, "lsam_nll_fold4": 0.14720839262008667, "LSAM_nll": 0.1777220517396927, "LSAM_accuracy": 0.9732237539766703, "LSAM_combo": -0.7955017022369776, "_step": 0, "_wandb": {"runtime": 296}}