{"lsam_accuracy_fold1": 0.674074074074074, "_timestamp": 1657615496, "_runtime": 179, "lsam_nll_fold1": 1.2509686946868896, "lsam_accuracy_fold2": 0.7407407407407407, "lsam_nll_fold2": 1.6962416172027588, "lsam_accuracy_fold3": 0.7037037037037037, "lsam_nll_fold3": 1.7413547039031982, "lsam_accuracy_fold4": 0.7851851851851852, "lsam_nll_fold4": 1.7830088138580322, "LSAM_nll": 1.6178934574127197, "LSAM_accuracy": 0.725925925925926, "LSAM_combo": 0.8919675314867938, "_step": 0, "_wandb": {"runtime": 181}}