{"gbm_accuracy_fold1": 0.9798515376458112, "_timestamp": 1657588438, "_runtime": 5, "gbm_nll_fold1": 0.14919523894786835, "gbm_accuracy_fold2": 0.9872746553552492, "gbm_nll_fold2": 0.12075456976890564, "gbm_accuracy_fold3": 0.9872746553552492, "gbm_nll_fold3": 0.168498694896698, "gbm_accuracy_fold4": 0.9915164369034994, "gbm_nll_fold4": 0.05103199556469917, "LightGBM_nll": 0.12237012386322021, "LightGBM_accuracy": 0.9864793213149522, "LightGBM_combo": -0.864109197451732, "_step": 0, "_wandb": {"runtime": 6}}