{"lsam_accuracy_fold1": 0.576, "_timestamp": 1657601916, "_runtime": 289, "lsam_nll_fold1": 1.3732622861862183, "lsam_accuracy_fold2": 0.496, "lsam_nll_fold2": 1.3906303644180298, "lsam_accuracy_fold3": 0.4, "lsam_nll_fold3": 1.3892022371292114, "lsam_accuracy_fold4": 0.624, "lsam_nll_fold4": 1.351925015449524, "LSAM_nll": 1.376254916191101, "LSAM_accuracy": 0.524, "LSAM_combo": 0.852254916191101, "_step": 0, "_wandb": {"runtime": 291}}