{"lsam_accuracy_fold1": 0.576, "_timestamp": 1657537762, "_runtime": 113, "lsam_nll_fold1": 1.3735910654067993, "lsam_accuracy_fold2": 0.48, "lsam_nll_fold2": 1.3868794441223145, "lsam_accuracy_fold3": 0.6, "lsam_nll_fold3": 1.3751469850540161, "lsam_accuracy_fold4": 0.376, "lsam_nll_fold4": 1.5579954385757446, "LSAM_nll": 1.4234031438827515, "LSAM_accuracy": 0.508, "LSAM_combo": 0.9154031438827515, "_step": 0, "_wandb": {"runtime": 115}}