{"gbm_accuracy_fold1": 0.9830328738069989, "_timestamp": 1657668521, "_runtime": 6, "gbm_nll_fold1": 0.09983691573143005, "gbm_accuracy_fold2": 0.9872746553552492, "gbm_nll_fold2": 0.08793488144874573, "gbm_accuracy_fold3": 0.9830328738069989, "gbm_nll_fold3": 0.11938489973545074, "gbm_accuracy_fold4": 0.9840933191940615, "gbm_nll_fold4": 0.08354233205318451, "LightGBM_nll": 0.09767475724220276, "LightGBM_accuracy": 0.9843584305408272, "LightGBM_combo": -0.8866836732986244, "_step": 0, "_wandb": {"runtime": 7}}