{"gbm_accuracy_fold1": 0.625, "_timestamp": 1657562693, "_runtime": 6, "gbm_nll_fold1": 1.1037191152572632, "gbm_accuracy_fold2": 0.6739130434782609, "gbm_nll_fold2": 0.8836857676506042, "gbm_accuracy_fold3": 0.6304347826086957, "gbm_nll_fold3": 0.8219044804573059, "gbm_accuracy_fold4": 0.6413043478260869, "gbm_nll_fold4": 0.9689633250236511, "LightGBM_nll": 0.9445681571960449, "LightGBM_accuracy": 0.6426630434782609, "LightGBM_combo": 0.30190511371778406, "_step": 0, "_wandb": {"runtime": 7}}