{"lsam_accuracy_fold1": 0.9565217391304348, "_timestamp": 1657652243, "_runtime": 283, "lsam_nll_fold1": 0.3412875831127167, "lsam_accuracy_fold2": 0.9427359490986215, "lsam_nll_fold2": 0.2561585009098053, "lsam_accuracy_fold3": 0.9331919406150583, "lsam_nll_fold3": 0.23139633238315582, "lsam_accuracy_fold4": 0.9088016967126193, "lsam_nll_fold4": 0.3220570981502533, "LSAM_nll": 0.28772488236427307, "LSAM_accuracy": 0.9353128313891834, "LSAM_combo": -0.6475879490249103, "_step": 0, "_wandb": {"runtime": 284}}