{"gbm_accuracy_fold1": 0.9888888888888889, "_timestamp": 1657577096, "_runtime": 5, "gbm_nll_fold1": 0.042681984603405, "gbm_accuracy_fold2": 0.9851851851851852, "gbm_nll_fold2": 0.036984868347644806, "gbm_accuracy_fold3": 0.9814814814814815, "gbm_nll_fold3": 0.06513036787509918, "gbm_accuracy_fold4": 0.9777777777777777, "gbm_nll_fold4": 0.10496564209461212, "LightGBM_nll": 0.06244071573019028, "LightGBM_accuracy": 0.9833333333333334, "LightGBM_combo": -0.9208926176031431, "_step": 0, "_wandb": {"runtime": 6}}