{"lsam_accuracy_fold1": 0.14673913043478262, "_timestamp": 1657622867, "_runtime": 267, "lsam_nll_fold1": 1.6733896732330322, "lsam_accuracy_fold2": 0.22826086956521738, "lsam_nll_fold2": 1.6926449537277222, "lsam_accuracy_fold3": 0.24456521739130435, "lsam_nll_fold3": 1.4457088708877563, "lsam_accuracy_fold4": 0.28804347826086957, "lsam_nll_fold4": 1.6759493350982666, "LSAM_nll": 1.6219232082366943, "LSAM_accuracy": 0.22690217391304346, "LSAM_combo": 1.3950210343236509, "_step": 0, "_wandb": {"runtime": 268}}