{"lsam_accuracy_fold1": 0.6148148148148148, "_timestamp": 1657575498, "_runtime": 234, "lsam_nll_fold1": 0.9219821095466614, "lsam_accuracy_fold2": 0.8185185185185185, "lsam_nll_fold2": 0.6219034790992737, "lsam_accuracy_fold3": 0.7037037037037037, "lsam_nll_fold3": 0.882459819316864, "lsam_accuracy_fold4": 0.8111111111111111, "lsam_nll_fold4": 0.6825026273727417, "LSAM_nll": 0.7772120237350464, "LSAM_accuracy": 0.7370370370370369, "LSAM_combo": 0.04017498669800945, "_step": 0, "_wandb": {"runtime": 235}}