{"gbm_accuracy_fold1": 0.9851851851851852, "_timestamp": 1657577033, "_runtime": 7, "gbm_nll_fold1": 0.03232291340827942, "gbm_accuracy_fold2": 0.9740740740740741, "gbm_nll_fold2": 0.06766732782125473, "gbm_accuracy_fold3": 0.9777777777777777, "gbm_nll_fold3": 0.058773983269929886, "gbm_accuracy_fold4": 0.9777777777777777, "gbm_nll_fold4": 0.0975446030497551, "LightGBM_nll": 0.06407720595598221, "LightGBM_accuracy": 0.9787037037037037, "LightGBM_combo": -0.9146264977477215, "_step": 0, "_wandb": {"runtime": 8}}