{"lsam_accuracy_fold1": 0.424, "_timestamp": 1657538188, "_runtime": 126, "lsam_nll_fold1": 1.3929170370101929, "lsam_accuracy_fold2": 0.52, "lsam_nll_fold2": 1.385469913482666, "lsam_accuracy_fold3": 0.6, "lsam_nll_fold3": 1.360145092010498, "lsam_accuracy_fold4": 0.624, "lsam_nll_fold4": 1.3825263977050781, "LSAM_nll": 1.3802646398544312, "LSAM_accuracy": 0.542, "LSAM_combo": 0.8382646398544311, "_step": 0, "_wandb": {"runtime": 127}}