{"gbm_accuracy_fold1": 0.9872746553552492, "_timestamp": 1657588133, "_runtime": 6, "gbm_nll_fold1": 0.05975634977221489, "gbm_accuracy_fold2": 0.9936373276776246, "gbm_nll_fold2": 0.07256630808115005, "gbm_accuracy_fold3": 0.9872746553552492, "gbm_nll_fold3": 0.10543608665466309, "gbm_accuracy_fold4": 0.9883351007423118, "gbm_nll_fold4": 0.0797296091914177, "LightGBM_nll": 0.07937208563089371, "LightGBM_accuracy": 0.9891304347826086, "LightGBM_combo": -0.9097583491517149, "_step": 0, "_wandb": {"runtime": 7}}