{"gbm_accuracy_fold1": 0.9592592592592593, "_timestamp": 1657643986, "_runtime": 8, "gbm_nll_fold1": 0.12754790484905243, "gbm_accuracy_fold2": 0.9777777777777777, "gbm_nll_fold2": 0.057553090155124664, "gbm_accuracy_fold3": 0.9814814814814815, "gbm_nll_fold3": 0.03718049079179764, "gbm_accuracy_fold4": 0.9703703703703703, "gbm_nll_fold4": 0.08426877856254578, "LightGBM_nll": 0.07663756608963013, "LightGBM_accuracy": 0.9722222222222222, "LightGBM_combo": -0.8955846561325921, "_step": 0, "_wandb": {"runtime": 9}}