{"lsam_accuracy_fold1": 0.7555555555555555, "_timestamp": 1657544250, "_runtime": 131, "lsam_nll_fold1": 1.0493851900100708, "lsam_accuracy_fold2": 0.7555555555555555, "lsam_nll_fold2": 1.1319423913955688, "lsam_accuracy_fold3": 0.7555555555555555, "lsam_nll_fold3": 1.0556565523147583, "lsam_accuracy_fold4": 0.762962962962963, "lsam_nll_fold4": 1.0264390707015991, "LSAM_nll": 1.065855860710144, "LSAM_accuracy": 0.7574074074074074, "LSAM_combo": 0.3084484533027366, "_step": 0, "_wandb": {"runtime": 131}}