{"lsam_accuracy_fold1": 0.608, "_timestamp": 1657525335, "_runtime": 181, "lsam_nll_fold1": 1.3436037302017212, "lsam_accuracy_fold2": 0.56, "lsam_nll_fold2": 1.378960371017456, "lsam_accuracy_fold3": 0.608, "lsam_nll_fold3": 1.3508988618850708, "lsam_accuracy_fold4": 0.4, "lsam_nll_fold4": 1.421958088874817, "LSAM_nll": 1.3738552331924438, "LSAM_accuracy": 0.544, "_step": 0, "_wandb": {"runtime": 182}}