{"gbm_accuracy_fold1": 0.592, "_timestamp": 1657542995, "_runtime": 6, "gbm_nll_fold1": 1.337281584739685, "gbm_accuracy_fold2": 0.552, "gbm_nll_fold2": 1.4837473630905151, "gbm_accuracy_fold3": 0.616, "gbm_nll_fold3": 1.3567544221878052, "gbm_accuracy_fold4": 0.608, "gbm_nll_fold4": 1.3092676401138306, "LightGBM_nll": 1.371762752532959, "LightGBM_accuracy": 0.5920000000000001, "LightGBM_combo": 0.7797627525329589, "_step": 0, "_wandb": {"runtime": 7}}