{"lsam_accuracy_fold1": 0.4703703703703704, "_timestamp": 1657572105, "_runtime": 905, "lsam_nll_fold1": 1.1961168050765991, "lsam_accuracy_fold2": 0.08148148148148149, "lsam_nll_fold2": 2.119431257247925, "lsam_accuracy_fold3": 0.10740740740740741, "lsam_nll_fold3": 2.121201753616333, "lsam_accuracy_fold4": 0.12962962962962962, "lsam_nll_fold4": 2.1126387119293213, "LSAM_nll": 1.8873469829559326, "LSAM_accuracy": 0.19722222222222222, "LSAM_combo": 1.6901247607337104, "_step": 0, "_wandb": {"runtime": 907}}