{"lsam_accuracy_fold1": 0.424, "_timestamp": 1657600892, "_runtime": 269, "lsam_nll_fold1": 1.3945733308792114, "lsam_accuracy_fold2": 0.52, "lsam_nll_fold2": 1.3848313093185425, "lsam_accuracy_fold3": 0.4, "lsam_nll_fold3": 1.4055733680725098, "lsam_accuracy_fold4": 0.376, "lsam_nll_fold4": 1.4002561569213867, "LSAM_nll": 1.3963085412979126, "LSAM_accuracy": 0.42999999999999994, "LSAM_combo": 0.9663085412979127, "_step": 0, "_wandb": {"runtime": 270}}