{"gbm_accuracy_fold1": 0.9888888888888889, "_timestamp": 1657643826, "_runtime": 8, "gbm_nll_fold1": 0.05912740156054497, "gbm_accuracy_fold2": 0.9962962962962963, "gbm_nll_fold2": 0.01615898311138153, "gbm_accuracy_fold3": 0.9851851851851852, "gbm_nll_fold3": 0.049277789890766144, "gbm_accuracy_fold4": 0.9814814814814815, "gbm_nll_fold4": 0.05244037136435509, "LightGBM_nll": 0.04425113648176193, "LightGBM_accuracy": 0.987962962962963, "LightGBM_combo": -0.9437118264812011, "_step": 0, "_wandb": {"runtime": 9}}