{"gbm_accuracy_fold1": 0.552, "_timestamp": 1657518569, "_runtime": 5, "gbm_nll_fold1": 1.382966160774231, "gbm_accuracy_fold2": 0.608, "gbm_nll_fold2": 1.3401975631713867, "gbm_accuracy_fold3": 0.6, "gbm_nll_fold3": 1.3666179180145264, "gbm_accuracy_fold4": 0.576, "gbm_nll_fold4": 1.3736032247543335, "LightGBM_nll": 1.3658462762832642, "LightGBM_accuracy": 0.5840000000000001, "_step": 0, "_wandb": {"runtime": 6}}