{"lsam_accuracy_fold1": 0.576, "_timestamp": 1657606225, "_runtime": 220, "lsam_nll_fold1": 1.3826719522476196, "lsam_accuracy_fold2": 0.48, "lsam_nll_fold2": 1.386380910873413, "lsam_accuracy_fold3": 0.6, "lsam_nll_fold3": 1.3807495832443237, "lsam_accuracy_fold4": 0.376, "lsam_nll_fold4": 1.3901753425598145, "LSAM_nll": 1.3849945068359375, "LSAM_accuracy": 0.508, "LSAM_combo": 0.8769945068359375, "_step": 0, "_wandb": {"runtime": 221}}