{"lsam_accuracy_fold1": 0.56, "_timestamp": 1657603482, "_runtime": 181, "lsam_nll_fold1": 1.4402300119400024, "lsam_accuracy_fold2": 0.536, "lsam_nll_fold2": 1.388090968132019, "lsam_accuracy_fold3": 0.592, "lsam_nll_fold3": 1.3523684740066528, "lsam_accuracy_fold4": 0.664, "lsam_nll_fold4": 1.3190174102783203, "LSAM_nll": 1.3749266862869263, "LSAM_accuracy": 0.5880000000000001, "LSAM_combo": 0.7869266862869262, "_step": 0, "_wandb": {"runtime": 182}}