{"lsam_accuracy_fold1": 0.725925925925926, "_timestamp": 1657617357, "_runtime": 464, "lsam_nll_fold1": 1.0217946767807007, "lsam_accuracy_fold2": 0.674074074074074, "lsam_nll_fold2": 1.2199033498764038, "lsam_accuracy_fold3": 0.725925925925926, "lsam_nll_fold3": 1.900615930557251, "lsam_accuracy_fold4": 0.725925925925926, "lsam_nll_fold4": 1.1392509937286377, "LSAM_nll": 1.3203911781311035, "LSAM_accuracy": 0.7129629629629629, "LSAM_combo": 0.6074282151681406, "_step": 0, "_wandb": {"runtime": 465}}