{"lsam_accuracy_fold1": 0.9925925925925926, "_timestamp": 1657569055, "_runtime": 412, "lsam_nll_fold1": 0.042043041437864304, "lsam_accuracy_fold2": 0.9888888888888889, "lsam_nll_fold2": 0.07253801822662354, "lsam_accuracy_fold3": 0.9814814814814815, "lsam_nll_fold3": 0.06566498428583145, "lsam_accuracy_fold4": 0.9814814814814815, "lsam_nll_fold4": 0.09940583258867264, "LSAM_nll": 0.06991297006607056, "LSAM_accuracy": 0.986111111111111, "LSAM_combo": -0.9161981410450405, "_step": 0, "_wandb": {"runtime": 412}}