{"gbm_accuracy_fold1": 0.657608695652174, "_timestamp": 1657630905, "_runtime": 9, "gbm_nll_fold1": 0.9574396014213562, "gbm_accuracy_fold2": 0.6793478260869565, "gbm_nll_fold2": 0.9642207026481628, "gbm_accuracy_fold3": 0.6086956521739131, "gbm_nll_fold3": 0.9718487858772278, "gbm_accuracy_fold4": 0.6956521739130435, "gbm_nll_fold4": 0.849583089351654, "LightGBM_nll": 0.9357730746269226, "LightGBM_accuracy": 0.6603260869565217, "LightGBM_combo": 0.2754469876704009, "_step": 0, "_wandb": {"runtime": 10}}