{"gbm_accuracy_fold1": 0.56, "_timestamp": 1657542778, "_runtime": 5, "gbm_nll_fold1": 1.3655685186386108, "gbm_accuracy_fold2": 0.568, "gbm_nll_fold2": 1.4594573974609375, "gbm_accuracy_fold3": 0.608, "gbm_nll_fold3": 1.4988014698028564, "gbm_accuracy_fold4": 0.64, "gbm_nll_fold4": 1.288120150566101, "LightGBM_nll": 1.402987003326416, "LightGBM_accuracy": 0.5940000000000001, "LightGBM_combo": 0.8089870033264159, "_step": 0, "_wandb": {"runtime": 7}}