{"lsam_accuracy_fold1": 0.5760000348091125, "_timestamp": 1657518332, "_runtime": 333, "lsam_nll_fold1": 1.3824448585510254, "lsam_accuracy_fold2": 0.4960000216960907, "lsam_nll_fold2": 1.4073023796081543, "lsam_accuracy_fold3": 0.6000000238418579, "lsam_nll_fold3": 1.3807228803634644, "lsam_accuracy_fold4": 0.3760000169277191, "lsam_nll_fold4": 1.4016573429107666, "LSAM_nll": 1.3930318355560303, "LSAM_accuracy": 0.5120000243186951, "_step": 0, "_wandb": {"runtime": 334}}