{"gbm_accuracy_fold1": 0.657608695652174, "_timestamp": 1657562649, "_runtime": 5, "gbm_nll_fold1": 1.001010775566101, "gbm_accuracy_fold2": 0.6739130434782609, "gbm_nll_fold2": 0.8596425652503967, "gbm_accuracy_fold3": 0.6413043478260869, "gbm_nll_fold3": 1.0209766626358032, "gbm_accuracy_fold4": 0.6521739130434783, "gbm_nll_fold4": 0.8081535696983337, "LightGBM_nll": 0.9224458932876587, "LightGBM_accuracy": 0.65625, "LightGBM_combo": 0.2661958932876587, "_step": 0, "_wandb": {"runtime": 6}}