{"lsam_accuracy_fold1": 0.6370370370370371, "_timestamp": 1657548068, "_runtime": 218, "lsam_nll_fold1": 1.1863857507705688, "lsam_accuracy_fold2": 0.674074074074074, "lsam_nll_fold2": 1.2241302728652954, "lsam_accuracy_fold3": 0.6814814814814815, "lsam_nll_fold3": 1.1693998575210571, "lsam_accuracy_fold4": 0.725925925925926, "lsam_nll_fold4": 1.1209065914154053, "LSAM_nll": 1.1752057075500488, "LSAM_accuracy": 0.6796296296296296, "LSAM_combo": 0.49557607792041924, "_step": 0, "_wandb": {"runtime": 219}}