{"lsam_accuracy_fold1": 0.7555555555555555, "_timestamp": 1657545417, "_runtime": 245, "lsam_nll_fold1": 0.9632853865623474, "lsam_accuracy_fold2": 0.3925925925925926, "lsam_nll_fold2": 1.387497901916504, "lsam_accuracy_fold3": 0.6370370370370371, "lsam_nll_fold3": 1.2850768566131592, "lsam_accuracy_fold4": 0.3851851851851852, "lsam_nll_fold4": 1.4143956899642944, "LSAM_nll": 1.262563943862915, "LSAM_accuracy": 0.5425925925925926, "LSAM_combo": 0.7199713512703224, "_step": 0, "_wandb": {"runtime": 246}}