{"lsam_accuracy_fold1": 0.424, "_timestamp": 1657539022, "_runtime": 124, "lsam_nll_fold1": 1.4283447265625, "lsam_accuracy_fold2": 0.52, "lsam_nll_fold2": 1.3847392797470093, "lsam_accuracy_fold3": 0.6, "lsam_nll_fold3": 1.369864583015442, "lsam_accuracy_fold4": 0.376, "lsam_nll_fold4": 1.4199060201644897, "LSAM_nll": 1.4007136821746826, "LSAM_accuracy": 0.48, "LSAM_combo": 0.9207136821746826, "_step": 0, "_wandb": {"runtime": 125}}