{"gbm_accuracy_fold1": 0.9862142099681867, "_timestamp": 1657668183, "_runtime": 7, "gbm_nll_fold1": 0.07694251835346222, "gbm_accuracy_fold2": 0.9936373276776246, "gbm_nll_fold2": 0.06055586040019989, "gbm_accuracy_fold3": 0.9862142099681867, "gbm_nll_fold3": 0.11501127481460571, "gbm_accuracy_fold4": 0.9925768822905621, "gbm_nll_fold4": 0.03467421233654022, "LightGBM_nll": 0.07179597020149231, "LightGBM_accuracy": 0.98966065747614, "LightGBM_combo": -0.9178646872746477, "_step": 0, "_wandb": {"runtime": 8}}