{"lsam_accuracy_fold1": 0.9814814814814815, "_timestamp": 1657574185, "_runtime": 638, "lsam_nll_fold1": 0.043344780802726746, "lsam_accuracy_fold2": 0.9962962962962963, "lsam_nll_fold2": 0.019632801413536072, "lsam_accuracy_fold3": 0.9925925925925926, "lsam_nll_fold3": 0.023099225014448166, "lsam_accuracy_fold4": 0.9888888888888889, "lsam_nll_fold4": 0.03907828778028488, "LSAM_nll": 0.03128877282142639, "LSAM_accuracy": 0.9898148148148148, "LSAM_combo": -0.9585260419933884, "_step": 0, "_wandb": {"runtime": 639}}