{"gbm_accuracy_fold1": 0.632, "_timestamp": 1657542690, "_runtime": 6, "gbm_nll_fold1": 1.4041591882705688, "gbm_accuracy_fold2": 0.6, "gbm_nll_fold2": 1.4686908721923828, "gbm_accuracy_fold3": 0.552, "gbm_nll_fold3": 1.4778363704681396, "gbm_accuracy_fold4": 0.6, "gbm_nll_fold4": 1.368952989578247, "LightGBM_nll": 1.4299097061157227, "LightGBM_accuracy": 0.596, "LightGBM_combo": 0.8339097061157227, "_step": 0, "_wandb": {"runtime": 6}}