{"gbm_accuracy_fold1": 0.9925925925925926, "_timestamp": 1657643759, "_runtime": 7, "gbm_nll_fold1": 0.03752085566520691, "gbm_accuracy_fold2": 0.9703703703703703, "gbm_nll_fold2": 0.0872708410024643, "gbm_accuracy_fold3": 0.9740740740740741, "gbm_nll_fold3": 0.09038408100605011, "gbm_accuracy_fold4": 0.9666666666666667, "gbm_nll_fold4": 0.08922676742076874, "LightGBM_nll": 0.07610063254833221, "LightGBM_accuracy": 0.9759259259259259, "LightGBM_combo": -0.8998252933775936, "_step": 0, "_wandb": {"runtime": 8}}