{"lsam_accuracy_fold1": 0.472, "_timestamp": 1657599258, "_runtime": 135, "lsam_nll_fold1": 1.3807119131088257, "lsam_accuracy_fold2": 0.544, "lsam_nll_fold2": 1.7589988708496094, "lsam_accuracy_fold3": 0.624, "lsam_nll_fold3": 1.3392548561096191, "lsam_accuracy_fold4": 0.616, "lsam_nll_fold4": 1.4723948240280151, "LSAM_nll": 1.487840175628662, "LSAM_accuracy": 0.5640000000000001, "LSAM_combo": 0.923840175628662, "_step": 0, "_wandb": {"runtime": 136}}