{"gbm_accuracy_fold1": 0.6684782608695652, "_timestamp": 1657630932, "_runtime": 8, "gbm_nll_fold1": 1.0578234195709229, "gbm_accuracy_fold2": 0.6847826086956522, "gbm_nll_fold2": 0.8479124903678894, "gbm_accuracy_fold3": 0.6358695652173914, "gbm_nll_fold3": 0.9555756449699402, "gbm_accuracy_fold4": 0.6630434782608695, "gbm_nll_fold4": 0.915341854095459, "LightGBM_nll": 0.9441633820533752, "LightGBM_accuracy": 0.6630434782608695, "LightGBM_combo": 0.28111990379250573, "_step": 0, "_wandb": {"runtime": 9}}