{"lsam_accuracy_fold1": 0.4240000247955322, "_timestamp": 1657506278, "_runtime": 351, "lsam_nll_fold1": 1.3928078413009644, "lsam_accuracy_fold2": 0.5200000405311584, "lsam_nll_fold2": 1.3862712383270264, "lsam_accuracy_fold3": 0.4000000059604645, "lsam_nll_fold3": 1.3887450695037842, "lsam_accuracy_fold4": 0.3760000169277191, "lsam_nll_fold4": 1.387173056602478, "LSAM_nll": 1.3887492418289185, "LSAM_accuracy": 0.43000003695487976, "_step": 0, "_wandb": {"runtime": 353}}