{"lsam_accuracy_fold1": 0.6358695652173914, "_timestamp": 1657629516, "_runtime": 436, "lsam_nll_fold1": 0.8042597770690918, "lsam_accuracy_fold2": 0.6467391304347826, "lsam_nll_fold2": 0.8326314091682434, "lsam_accuracy_fold3": 0.5978260869565217, "lsam_nll_fold3": 0.8489804863929749, "lsam_accuracy_fold4": 0.6141304347826086, "lsam_nll_fold4": 0.8053213357925415, "LSAM_nll": 0.8227982521057129, "LSAM_accuracy": 0.623641304347826, "LSAM_combo": 0.19915694775788684, "_step": 0, "_wandb": {"runtime": 436}}