{"lsam_accuracy_fold1": 0.42592592592592593, "_timestamp": 1657570193, "_runtime": 137, "lsam_nll_fold1": 1.2102078199386597, "lsam_accuracy_fold2": 0.08148148148148149, "lsam_nll_fold2": 2.1205873489379883, "lsam_accuracy_fold3": 0.13333333333333333, "lsam_nll_fold3": 2.1142876148223877, "lsam_accuracy_fold4": 0.4074074074074074, "lsam_nll_fold4": 1.3581172227859497, "LSAM_nll": 1.7007999420166016, "LSAM_accuracy": 0.262037037037037, "LSAM_combo": 1.4387629049795645, "_step": 0, "_wandb": {"runtime": 138}}