{"lsam_accuracy_fold1": 0.9395546129374337, "_timestamp": 1657582830, "_runtime": 344, "lsam_nll_fold1": 1.3813211917877197, "lsam_accuracy_fold2": 0.936373276776246, "lsam_nll_fold2": 1.3805088996887207, "lsam_accuracy_fold3": 0.9310710498409331, "lsam_nll_fold3": 1.3627618551254272, "lsam_accuracy_fold4": 0.051961823966065745, "lsam_nll_fold4": 1.4201884269714355, "LSAM_nll": 1.3861950635910034, "LSAM_accuracy": 0.7147401908801696, "LSAM_combo": 0.6714548727108338, "_step": 0, "_wandb": {"runtime": 345}}