{"gbm_accuracy_fold1": 0.9925925925925926, "_timestamp": 1657577528, "_runtime": 9, "gbm_nll_fold1": 0.02783074788749218, "gbm_accuracy_fold2": 0.9814814814814815, "gbm_nll_fold2": 0.0501248799264431, "gbm_accuracy_fold3": 0.9814814814814815, "gbm_nll_fold3": 0.053617361932992935, "gbm_accuracy_fold4": 0.9814814814814815, "gbm_nll_fold4": 0.03986583650112152, "LightGBM_nll": 0.04285970702767372, "LightGBM_accuracy": 0.9842592592592593, "LightGBM_combo": -0.9413995522315856, "_step": 0, "_wandb": {"runtime": 10}}