{"lsam_accuracy_fold1": 0.7111111111111111, "_timestamp": 1657543619, "_runtime": 228, "lsam_nll_fold1": 1.0639026165008545, "lsam_accuracy_fold2": 0.725925925925926, "lsam_nll_fold2": 1.069349765777588, "lsam_accuracy_fold3": 0.725925925925926, "lsam_nll_fold3": 1.0331650972366333, "lsam_accuracy_fold4": 0.7555555555555555, "lsam_nll_fold4": 0.9869986176490784, "LSAM_nll": 1.0383540391921997, "LSAM_accuracy": 0.7296296296296296, "LSAM_combo": 0.3087244095625701, "_step": 0, "_wandb": {"runtime": 229}}