{"accuracy_fold1": 0.62, "_timestamp": 1657433641, "_runtime": 712, "nll_fold1": 1.3864803314208984, "accuracy_fold2": 0.53, "nll_fold2": 1.3865108489990234, "accuracy_fold3": 0.5, "nll_fold3": 1.386895775794983, "accuracy_fold4": 0.51, "nll_fold4": 1.3848578929901123, "accuracy_fold5": 0.49, "nll_fold5": 1.3734666109085083, "accuracy_fold6": 0.55, "nll_fold6": 1.3998119831085205, "accuracy_fold7": 0.56, "nll_fold7": 1.3863581418991089, "accuracy_fold8": 0.51, "nll_fold8": 1.389233112335205, "accuracy_fold9": 0.55, "nll_fold9": 1.3903286457061768, "accuracy_fold10": 0.54, "nll_fold10": 1.377706527709961, "accuracy_fold11": 0.58, "nll_fold11": 1.3765027523040771, "accuracy_fold12": 0.54, "nll_fold12": 1.3867946863174438, "accuracy_fold13": 0.51, "nll_fold13": 1.387606143951416, "accuracy_fold14": 0.62, "nll_fold14": 1.3764344453811646, "accuracy_fold15": 0.64, "nll_fold15": 1.3943554162979126, "accuracy_fold16": 0.57, "nll_fold16": 1.3789129257202148, "accuracy_fold17": 0.5, "nll_fold17": 1.3861138820648193, "accuracy_fold18": 0.55, "nll_fold18": 1.3878750801086426, "accuracy_fold19": 0.67, "nll_fold19": 1.3870906829833984, "accuracy_fold20": 0.48, "nll_fold20": 1.4006417989730835, "LightGBM_nll": 1.38007652759552, "LSAM_nll": 1.38007652759552, "LightGBM_accuracy": 0.551, "LSAM_accuracy": 0.551, "_step": 0, "_wandb": {"runtime": 713}}