{"lsam_accuracy_fold1": 0.424, "_timestamp": 1657536467, "_runtime": 159, "lsam_nll_fold1": 1.394534707069397, "lsam_accuracy_fold2": 0.52, "lsam_nll_fold2": 1.3846968412399292, "lsam_accuracy_fold3": 0.4, "lsam_nll_fold3": 1.3927910327911377, "lsam_accuracy_fold4": 0.624, "lsam_nll_fold4": 1.369675636291504, "LSAM_nll": 1.3854246139526367, "LSAM_accuracy": 0.492, "LSAM_combo": 0.8934246139526367, "_step": 0, "_wandb": {"runtime": 160}}