{"lsam_accuracy_fold1": 0.6195652173913043, "_timestamp": 1657626986, "_runtime": 476, "lsam_nll_fold1": 0.9134042263031006, "lsam_accuracy_fold2": 0.6086956521739131, "lsam_nll_fold2": 0.980865478515625, "lsam_accuracy_fold3": 0.592391304347826, "lsam_nll_fold3": 0.9804044961929321, "lsam_accuracy_fold4": 0.6793478260869565, "lsam_nll_fold4": 0.8337928056716919, "LSAM_nll": 0.9271167516708374, "LSAM_accuracy": 0.625, "LSAM_combo": 0.3021167516708374, "_step": 0, "_wandb": {"runtime": 477}}