{"gbm_accuracy_fold1": 0.7703703703703704, "_timestamp": 1657536091, "_runtime": 5, "gbm_nll_fold1": 0.8974308967590332, "gbm_accuracy_fold2": 0.8, "gbm_nll_fold2": 0.8387969136238098, "gbm_accuracy_fold3": 0.7777777777777778, "gbm_nll_fold3": 0.8632181286811829, "gbm_accuracy_fold4": 0.8222222222222222, "gbm_nll_fold4": 0.8269176483154297, "LightGBM_nll": 0.8565908670425415, "LightGBM_accuracy": 0.7925925925925925, "LightGBM_combo": 0.06399827444994899, "_step": 0, "_wandb": {"runtime": 7}}