{"lsam_accuracy_fold1": 0.576, "_timestamp": 1657539273, "_runtime": 234, "lsam_nll_fold1": 1.3817373514175415, "lsam_accuracy_fold2": 0.52, "lsam_nll_fold2": 1.3986166715621948, "lsam_accuracy_fold3": 0.6, "lsam_nll_fold3": 1.3772345781326294, "lsam_accuracy_fold4": 0.376, "lsam_nll_fold4": 1.3894392251968384, "LSAM_nll": 1.3867568969726562, "LSAM_accuracy": 0.518, "LSAM_combo": 0.8687568969726562, "_step": 0, "_wandb": {"runtime": 235}}