{"gbm_accuracy_fold1": 0.552, "_timestamp": 1657518594, "_runtime": 8, "gbm_nll_fold1": 1.5535850524902344, "gbm_accuracy_fold2": 0.56, "gbm_nll_fold2": 1.9460175037384033, "gbm_accuracy_fold3": 0.544, "gbm_nll_fold3": 1.4471763372421265, "gbm_accuracy_fold4": 0.608, "gbm_nll_fold4": 1.6857447624206543, "LightGBM_nll": 1.6581308841705322, "LightGBM_accuracy": 0.5660000000000001, "_step": 0, "_wandb": {"runtime": 8}}