{"gbm_accuracy_fold1": 0.7703703703703704, "_timestamp": 1657619104, "_runtime": 5, "gbm_nll_fold1": 0.9726549983024597, "gbm_accuracy_fold2": 0.8148148148148148, "gbm_nll_fold2": 0.7635235786437988, "gbm_accuracy_fold3": 0.7407407407407407, "gbm_nll_fold3": 0.919933021068573, "gbm_accuracy_fold4": 0.7925925925925926, "gbm_nll_fold4": 0.9183663725852966, "LightGBM_nll": 0.8936195373535156, "LightGBM_accuracy": 0.7796296296296297, "LightGBM_combo": 0.11398990772388595, "_step": 0, "_wandb": {"runtime": 6}}