{"gbm_accuracy_fold1": 0.6141304347826086, "_timestamp": 1657630600, "_runtime": 11, "gbm_nll_fold1": 0.8882176280021667, "gbm_accuracy_fold2": 0.6413043478260869, "gbm_nll_fold2": 0.8853280544281006, "gbm_accuracy_fold3": 0.5869565217391305, "gbm_nll_fold3": 0.9863401055335999, "gbm_accuracy_fold4": 0.592391304347826, "gbm_nll_fold4": 0.9355097413063049, "LightGBM_nll": 0.9238488674163818, "LightGBM_accuracy": 0.6086956521739131, "LightGBM_combo": 0.31515321524246875, "_step": 0, "_wandb": {"runtime": 11}}