{"gbm_accuracy_fold1": 0.6, "_timestamp": 1657542351, "_runtime": 5, "gbm_nll_fold1": 1.389399766921997, "gbm_accuracy_fold2": 0.584, "gbm_nll_fold2": 1.475852608680725, "gbm_accuracy_fold3": 0.56, "gbm_nll_fold3": 1.3886191844940186, "gbm_accuracy_fold4": 0.6, "gbm_nll_fold4": 1.436152696609497, "LightGBM_nll": 1.4225060939788818, "LightGBM_accuracy": 0.586, "LightGBM_combo": 0.8365060939788819, "_step": 0, "_wandb": {"runtime": 6}}