{"lsam_accuracy_fold1": 0.7481481481481481, "_timestamp": 1657618748, "_runtime": 285, "lsam_nll_fold1": 2.072920322418213, "lsam_accuracy_fold2": 0.7407407407407407, "lsam_nll_fold2": 2.7058422565460205, "lsam_accuracy_fold3": 0.7333333333333333, "lsam_nll_fold3": 3.132357597351074, "lsam_accuracy_fold4": 0.7555555555555555, "lsam_nll_fold4": 3.646388292312622, "LSAM_nll": 2.8893771171569824, "LSAM_accuracy": 0.7444444444444445, "LSAM_combo": 2.144932672712538, "_step": 0, "_wandb": {"runtime": 286}}