{"gbm_accuracy_fold1": 0.9840933191940615, "_timestamp": 1657668009, "_runtime": 7, "gbm_nll_fold1": 0.08457013219594955, "gbm_accuracy_fold2": 0.9915164369034994, "gbm_nll_fold2": 0.09730938822031021, "gbm_accuracy_fold3": 0.9883351007423118, "gbm_nll_fold3": 0.16253724694252014, "gbm_accuracy_fold4": 0.9915164369034994, "gbm_nll_fold4": 0.044529322534799576, "LightGBM_nll": 0.0972365215420723, "LightGBM_accuracy": 0.988865323435843, "LightGBM_combo": -0.8916288018937707, "_step": 0, "_wandb": {"runtime": 8}}