{"gbm_accuracy_fold1": 0.7777777777777778, "_timestamp": 1657619038, "_runtime": 5, "gbm_nll_fold1": 1.0620001554489136, "gbm_accuracy_fold2": 0.8074074074074075, "gbm_nll_fold2": 0.8626065850257874, "gbm_accuracy_fold3": 0.7925925925925926, "gbm_nll_fold3": 0.8522157669067383, "gbm_accuracy_fold4": 0.7851851851851852, "gbm_nll_fold4": 1.0423177480697632, "LightGBM_nll": 0.9547851085662842, "LightGBM_accuracy": 0.7907407407407407, "LightGBM_combo": 0.16404436782554344, "_step": 0, "_wandb": {"runtime": 6}}