{"lsam_accuracy_fold1": 0.608, "_timestamp": 1657541655, "_runtime": 188, "lsam_nll_fold1": 1.373095989227295, "lsam_accuracy_fold2": 0.52, "lsam_nll_fold2": 1.3884087800979614, "lsam_accuracy_fold3": 0.6, "lsam_nll_fold3": 1.3826543092727661, "lsam_accuracy_fold4": 0.624, "lsam_nll_fold4": 1.3802175521850586, "LSAM_nll": 1.3810940980911255, "LSAM_accuracy": 0.5880000000000001, "LSAM_combo": 0.7930940980911254, "_step": 0, "_wandb": {"runtime": 190}}