{"lsam_accuracy_fold1": 0.56, "_timestamp": 1657605437, "_runtime": 249, "lsam_nll_fold1": 1.364641785621643, "lsam_accuracy_fold2": 0.544, "lsam_nll_fold2": 1.407361626625061, "lsam_accuracy_fold3": 0.608, "lsam_nll_fold3": 1.377082347869873, "lsam_accuracy_fold4": 0.632, "lsam_nll_fold4": 1.3205764293670654, "LSAM_nll": 1.3674156665802002, "LSAM_accuracy": 0.5860000000000001, "LSAM_combo": 0.7814156665802001, "_step": 0, "_wandb": {"runtime": 249}}