{"gbm_accuracy_fold1": 0.56, "_timestamp": 1657607822, "_runtime": 7, "gbm_nll_fold1": 1.3673361539840698, "gbm_accuracy_fold2": 0.512, "gbm_nll_fold2": 1.4137258529663086, "gbm_accuracy_fold3": 0.568, "gbm_nll_fold3": 1.362839937210083, "gbm_accuracy_fold4": 0.608, "gbm_nll_fold4": 1.3512017726898193, "LightGBM_nll": 1.3737759590148926, "LightGBM_accuracy": 0.562, "LightGBM_combo": 0.8117759590148925, "_step": 0, "_wandb": {"runtime": 8}}