{"lsam_accuracy_fold1": 0.576, "_timestamp": 1657598293, "_runtime": 137, "lsam_nll_fold1": 1.3847185373306274, "lsam_accuracy_fold2": 0.536, "lsam_nll_fold2": 1.387509822845459, "lsam_accuracy_fold3": 0.4, "lsam_nll_fold3": 1.3981648683547974, "lsam_accuracy_fold4": 0.44, "lsam_nll_fold4": 1.3927432298660278, "LSAM_nll": 1.3907840251922607, "LSAM_accuracy": 0.488, "LSAM_combo": 0.9027840251922608, "_step": 0, "_wandb": {"runtime": 138}}