{"lsam_accuracy_fold1": 0.7333333333333333, "_timestamp": 1657615301, "_runtime": 194, "lsam_nll_fold1": 1.021631121635437, "lsam_accuracy_fold2": 0.8074074074074075, "lsam_nll_fold2": 1.0553351640701294, "lsam_accuracy_fold3": 0.725925925925926, "lsam_nll_fold3": 1.0847278833389282, "lsam_accuracy_fold4": 0.7851851851851852, "lsam_nll_fold4": 1.0960139036178589, "LSAM_nll": 1.0644270181655884, "LSAM_accuracy": 0.762962962962963, "LSAM_combo": 0.3014640552026254, "_step": 0, "_wandb": {"runtime": 193}}