{"gbm_accuracy_fold1": 0.6, "_timestamp": 1657608164, "_runtime": 7, "gbm_nll_fold1": 1.4015077352523804, "gbm_accuracy_fold2": 0.608, "gbm_nll_fold2": 1.4104058742523193, "gbm_accuracy_fold3": 0.648, "gbm_nll_fold3": 1.3372825384140015, "gbm_accuracy_fold4": 0.568, "gbm_nll_fold4": 1.3240903615951538, "LightGBM_nll": 1.3683216571807861, "LightGBM_accuracy": 0.606, "LightGBM_combo": 0.7623216571807861, "_step": 0, "_wandb": {"runtime": 8}}