{"gbm_accuracy_fold1": 0.7925925925925926, "_timestamp": 1657552553, "_runtime": 5, "gbm_nll_fold1": 1.0250252485275269, "gbm_accuracy_fold2": 0.7851851851851852, "gbm_nll_fold2": 0.891514003276825, "gbm_accuracy_fold3": 0.8, "gbm_nll_fold3": 0.924436628818512, "gbm_accuracy_fold4": 0.8592592592592593, "gbm_nll_fold4": 0.8682840466499329, "LightGBM_nll": 0.9273149371147156, "LightGBM_accuracy": 0.8092592592592593, "LightGBM_combo": 0.11805567785545623, "_step": 0, "_wandb": {"runtime": 6}}