{"gbm_accuracy_fold1": 0.9888888888888889, "_timestamp": 1657643803, "_runtime": 7, "gbm_nll_fold1": 0.07037435472011566, "gbm_accuracy_fold2": 0.9851851851851852, "gbm_nll_fold2": 0.06354011595249176, "gbm_accuracy_fold3": 0.9814814814814815, "gbm_nll_fold3": 0.11708828806877136, "gbm_accuracy_fold4": 0.9740740740740741, "gbm_nll_fold4": 0.06764362752437592, "LightGBM_nll": 0.07966159284114838, "LightGBM_accuracy": 0.9824074074074074, "LightGBM_combo": -0.902745814566259, "_step": 0, "_wandb": {"runtime": 7}}