{"lsam_accuracy_fold1": 0.424, "_timestamp": 1657538487, "_runtime": 158, "lsam_nll_fold1": 1.4828022718429565, "lsam_accuracy_fold2": 0.52, "lsam_nll_fold2": 1.3845962285995483, "lsam_accuracy_fold3": 0.4, "lsam_nll_fold3": 1.4210014343261719, "lsam_accuracy_fold4": 0.376, "lsam_nll_fold4": 1.3997920751571655, "LSAM_nll": 1.4220479726791382, "LSAM_accuracy": 0.42999999999999994, "LSAM_combo": 0.9920479726791382, "_step": 0, "_wandb": {"runtime": 159}}