{"lsam_accuracy_fold1": 0.5120000243186951, "_timestamp": 1657505222, "_runtime": 465, "lsam_nll_fold1": 1.4838460683822632, "lsam_accuracy_fold2": 0.46400001645088196, "lsam_nll_fold2": 1.4465618133544922, "lsam_accuracy_fold3": 0.6320000290870667, "lsam_nll_fold3": 1.3578311204910278, "lsam_accuracy_fold4": 0.5840000510215759, "lsam_nll_fold4": 1.3926078081130981, "LSAM_nll": 1.420211672782898, "LSAM_accuracy": 0.5480000376701355, "_step": 0, "_wandb": {"runtime": 465}}