{"gbm_accuracy_fold1": 0.8074074074074075, "_timestamp": 1657619312, "_runtime": 5, "gbm_nll_fold1": 0.8570001721382141, "gbm_accuracy_fold2": 0.8222222222222222, "gbm_nll_fold2": 0.7950190901756287, "gbm_accuracy_fold3": 0.7777777777777778, "gbm_nll_fold3": 0.8863362669944763, "gbm_accuracy_fold4": 0.7851851851851852, "gbm_nll_fold4": 0.8620568513870239, "LightGBM_nll": 0.8501031398773193, "LightGBM_accuracy": 0.7981481481481482, "LightGBM_combo": 0.051954991729171174, "_step": 0, "_wandb": {"runtime": 7}}