{"gbm_accuracy_fold1": 0.762962962962963, "_timestamp": 1657619400, "_runtime": 5, "gbm_nll_fold1": 0.9427728652954102, "gbm_accuracy_fold2": 0.8074074074074075, "gbm_nll_fold2": 0.944394588470459, "gbm_accuracy_fold3": 0.8, "gbm_nll_fold3": 0.8446178436279297, "gbm_accuracy_fold4": 0.7925925925925926, "gbm_nll_fold4": 0.916435718536377, "LightGBM_nll": 0.912055253982544, "LightGBM_accuracy": 0.7907407407407407, "LightGBM_combo": 0.1213145132418032, "_step": 0, "_wandb": {"runtime": 7}}