{"lsam_accuracy_fold1": 0.12962962962962962, "_timestamp": 1657570401, "_runtime": 193, "lsam_nll_fold1": 2.1166110038757324, "lsam_accuracy_fold2": 0.8222222222222222, "lsam_nll_fold2": 0.6029083132743835, "lsam_accuracy_fold3": 0.774074074074074, "lsam_nll_fold3": 0.6488031148910522, "lsam_accuracy_fold4": 0.09259259259259259, "lsam_nll_fold4": 2.1113977432250977, "LSAM_nll": 1.3699300289154053, "LSAM_accuracy": 0.4546296296296296, "LSAM_combo": 0.9153003992857757, "_step": 0, "_wandb": {"runtime": 195}}