{"lsam_accuracy_fold1": 0.5200000405311584, "_timestamp": 1657504145, "_runtime": 452, "lsam_nll_fold1": 1.3985222578048706, "lsam_accuracy_fold2": 0.5200000405311584, "lsam_nll_fold2": 1.3854037523269653, "lsam_accuracy_fold3": 0.6000000238418579, "lsam_nll_fold3": 1.3813667297363281, "lsam_accuracy_fold4": 0.5760000348091125, "lsam_nll_fold4": 1.3937790393829346, "LSAM_nll": 1.3897678852081299, "LSAM_accuracy": 0.5540000200271606, "_step": 0, "_wandb": {"runtime": 453}}