{"gbm_accuracy_fold1": 0.5978260869565217, "_timestamp": 1657562990, "_runtime": 7, "gbm_nll_fold1": 0.8872780203819275, "gbm_accuracy_fold2": 0.6032608695652174, "gbm_nll_fold2": 0.9321883916854858, "gbm_accuracy_fold3": 0.6141304347826086, "gbm_nll_fold3": 0.9504879117012024, "gbm_accuracy_fold4": 0.6413043478260869, "gbm_nll_fold4": 0.8489822149276733, "LightGBM_nll": 0.9047341346740723, "LightGBM_accuracy": 0.6141304347826086, "LightGBM_combo": 0.2906036998914636, "_step": 0, "_wandb": {"runtime": 8}}