{"lsam_accuracy_fold1": 0.7111111111111111, "_timestamp": 1657617746, "_runtime": 373, "lsam_nll_fold1": 1.5011440515518188, "lsam_accuracy_fold2": 0.7111111111111111, "lsam_nll_fold2": 1.7254157066345215, "lsam_accuracy_fold3": 0.7407407407407407, "lsam_nll_fold3": 1.1476410627365112, "lsam_accuracy_fold4": 0.6888888888888889, "lsam_nll_fold4": 1.0761406421661377, "LSAM_nll": 1.3625853061676025, "LSAM_accuracy": 0.712962962962963, "LSAM_combo": 0.6496223432046395, "_step": 0, "_wandb": {"runtime": 374}}