{"lsam_accuracy_fold1": 0.5760000348091125, "_timestamp": 1657512743, "_runtime": 365, "lsam_nll_fold1": 1.379286766052246, "lsam_accuracy_fold2": 0.5200000405311584, "lsam_nll_fold2": 1.384691596031189, "lsam_accuracy_fold3": 0.6000000238418579, "lsam_nll_fold3": 1.38330078125, "lsam_accuracy_fold4": 0.3760000169277191, "lsam_nll_fold4": 1.414172887802124, "LSAM_nll": 1.3903629779815674, "LSAM_accuracy": 0.5180000066757202, "_step": 0, "_wandb": {"runtime": 365}}