{"lsam_accuracy_fold1": 0.6793478260869565, "_timestamp": 1657561627, "_runtime": 176, "lsam_nll_fold1": 0.809480607509613, "lsam_accuracy_fold2": 0.5869565217391305, "lsam_nll_fold2": 0.8648958802223206, "lsam_accuracy_fold3": 0.5869565217391305, "lsam_nll_fold3": 0.9286680221557617, "lsam_accuracy_fold4": 0.6413043478260869, "lsam_nll_fold4": 0.8200265765190125, "LSAM_nll": 0.8557677865028381, "LSAM_accuracy": 0.623641304347826, "LSAM_combo": 0.23212648215501208, "_step": 0, "_wandb": {"runtime": 174}}