{"gbm_accuracy_fold1": 0.9481481481481482, "_timestamp": 1657576933, "_runtime": 6, "gbm_nll_fold1": 0.13723647594451904, "gbm_accuracy_fold2": 0.9555555555555556, "gbm_nll_fold2": 0.15602222084999084, "gbm_accuracy_fold3": 0.9703703703703703, "gbm_nll_fold3": 0.12329638004302979, "gbm_accuracy_fold4": 0.9592592592592593, "gbm_nll_fold4": 0.11773437261581421, "LightGBM_nll": 0.13357236981391907, "LightGBM_accuracy": 0.9583333333333334, "LightGBM_combo": -0.8247609635194143, "_step": 0, "_wandb": {"runtime": 7}}