{"gbm_accuracy_fold1": 0.762962962962963, "_timestamp": 1657619125, "_runtime": 5, "gbm_nll_fold1": 0.9897910356521606, "gbm_accuracy_fold2": 0.7851851851851852, "gbm_nll_fold2": 0.8376728892326355, "gbm_accuracy_fold3": 0.7481481481481481, "gbm_nll_fold3": 0.9453777074813843, "gbm_accuracy_fold4": 0.8, "gbm_nll_fold4": 0.9036520719528198, "LightGBM_nll": 0.9191234111785889, "LightGBM_accuracy": 0.7740740740740741, "LightGBM_combo": 0.14504933710451473, "_step": 0, "_wandb": {"runtime": 6}}