{"lsam_accuracy_fold1": 0.13043478260869565, "_timestamp": 1657621463, "_runtime": 326, "lsam_nll_fold1": 1.665113091468811, "lsam_accuracy_fold2": 0.15217391304347827, "lsam_nll_fold2": 1.6903181076049805, "lsam_accuracy_fold3": 0.14130434782608695, "lsam_nll_fold3": 1.6826632022857666, "lsam_accuracy_fold4": 0.1793478260869565, "lsam_nll_fold4": 1.673862099647522, "LSAM_nll": 1.67798912525177, "LSAM_accuracy": 0.15081521739130435, "LSAM_combo": 1.5271739078604656, "_step": 0, "_wandb": {"runtime": 326}}