{"gbm_accuracy_fold1": 0.6413043478260869, "_timestamp": 1657631030, "_runtime": 8, "gbm_nll_fold1": 0.9049370884895325, "gbm_accuracy_fold2": 0.6847826086956522, "gbm_nll_fold2": 0.8446320295333862, "gbm_accuracy_fold3": 0.6630434782608695, "gbm_nll_fold3": 0.9147785305976868, "gbm_accuracy_fold4": 0.6847826086956522, "gbm_nll_fold4": 0.9317595362663269, "LightGBM_nll": 0.8990268111228943, "LightGBM_accuracy": 0.6684782608695653, "LightGBM_combo": 0.230548550253329, "_step": 0, "_wandb": {"runtime": 8}}