{"lsam_accuracy_fold1": 0.9777777777777777, "_timestamp": 1657576859, "_runtime": 588, "lsam_nll_fold1": 0.08210300654172897, "lsam_accuracy_fold2": 0.9962962962962963, "lsam_nll_fold2": 0.017304129898548126, "lsam_accuracy_fold3": 0.9851851851851852, "lsam_nll_fold3": 0.10928084701299667, "lsam_accuracy_fold4": 0.9888888888888889, "lsam_nll_fold4": 0.16846255958080292, "LSAM_nll": 0.09428763389587402, "LSAM_accuracy": 0.987037037037037, "LSAM_combo": -0.892749403141163, "_step": 0, "_wandb": {"runtime": 589}}