{"lsam_accuracy_fold1": 0.6444444444444445, "_timestamp": 1657544101, "_runtime": 186, "lsam_nll_fold1": 1.1924391984939575, "lsam_accuracy_fold2": 0.674074074074074, "lsam_nll_fold2": 1.2330310344696045, "lsam_accuracy_fold3": 0.4888888888888889, "lsam_nll_fold3": 1.2953020334243774, "lsam_accuracy_fold4": 0.725925925925926, "lsam_nll_fold4": 1.149935245513916, "LSAM_nll": 1.2176768779754639, "LSAM_accuracy": 0.6333333333333333, "LSAM_combo": 0.5843435446421306, "_step": 0, "_wandb": {"runtime": 188}}