{"gbm_accuracy_fold1": 0.657608695652174, "_timestamp": 1657630681, "_runtime": 11, "gbm_nll_fold1": 0.9833127856254578, "gbm_accuracy_fold2": 0.6086956521739131, "gbm_nll_fold2": 0.9807431697845459, "gbm_accuracy_fold3": 0.625, "gbm_nll_fold3": 0.8805999159812927, "gbm_accuracy_fold4": 0.6739130434782609, "gbm_nll_fold4": 0.8713788986206055, "LightGBM_nll": 0.9290087223052979, "LightGBM_accuracy": 0.6413043478260869, "LightGBM_combo": 0.28770437447921093, "_step": 0, "_wandb": {"runtime": 11}}