{"lsam_accuracy_fold1": 0.576, "_timestamp": 1657526039, "_runtime": 129, "lsam_nll_fold1": 1.379844307899475, "lsam_accuracy_fold2": 0.52, "lsam_nll_fold2": 1.385244369506836, "lsam_accuracy_fold3": 0.4, "lsam_nll_fold3": 1.3898859024047852, "lsam_accuracy_fold4": 0.544, "lsam_nll_fold4": 1.4101417064666748, "LSAM_nll": 1.3912789821624756, "LSAM_accuracy": 0.51, "_step": 0, "_wandb": {"runtime": 130}}