{"gbm_accuracy_fold1": 0.536, "_timestamp": 1657542449, "_runtime": 5, "gbm_nll_fold1": 1.4471434354782104, "gbm_accuracy_fold2": 0.528, "gbm_nll_fold2": 1.6628788709640503, "gbm_accuracy_fold3": 0.624, "gbm_nll_fold3": 1.485947847366333, "gbm_accuracy_fold4": 0.632, "gbm_nll_fold4": 1.3022615909576416, "LightGBM_nll": 1.474557876586914, "LightGBM_accuracy": 0.5800000000000001, "LightGBM_combo": 0.894557876586914, "_step": 0, "_wandb": {"runtime": 6}}