{"lsam_accuracy_fold1": 0.9777306468716861, "_timestamp": 1657658266, "_runtime": 1095, "lsam_nll_fold1": 0.13629500567913055, "lsam_accuracy_fold2": 0.9798515376458112, "lsam_nll_fold2": 0.12020367383956909, "lsam_accuracy_fold3": 0.9777306468716861, "lsam_nll_fold3": 0.1344924122095108, "lsam_accuracy_fold4": 0.968186638388123, "lsam_nll_fold4": 0.16085389256477356, "LSAM_nll": 0.1379612386226654, "LSAM_accuracy": 0.9758748674443266, "LSAM_combo": -0.8379136288216612, "_step": 0, "_wandb": {"runtime": 1096}}