{"gbm_accuracy_fold1": 0.6032608695652174, "_timestamp": 1657562827, "_runtime": 6, "gbm_nll_fold1": 0.9054900407791138, "gbm_accuracy_fold2": 0.6195652173913043, "gbm_nll_fold2": 0.9414440989494324, "gbm_accuracy_fold3": 0.5652173913043478, "gbm_nll_fold3": 0.9951905012130737, "gbm_accuracy_fold4": 0.6739130434782609, "gbm_nll_fold4": 0.8556920289993286, "LightGBM_nll": 0.9244540929794312, "LightGBM_accuracy": 0.6154891304347826, "LightGBM_combo": 0.30896496254464856, "_step": 0, "_wandb": {"runtime": 6}}