{"gbm_accuracy_fold1": 0.6413043478260869, "_timestamp": 1657630626, "_runtime": 10, "gbm_nll_fold1": 0.9179021716117859, "gbm_accuracy_fold2": 0.6684782608695652, "gbm_nll_fold2": 0.8744733333587646, "gbm_accuracy_fold3": 0.625, "gbm_nll_fold3": 0.9246441721916199, "gbm_accuracy_fold4": 0.6847826086956522, "gbm_nll_fold4": 0.8040915727615356, "LightGBM_nll": 0.8802778720855713, "LightGBM_accuracy": 0.654891304347826, "LightGBM_combo": 0.22538656773774524, "_step": 0, "_wandb": {"runtime": 11}}