{"gbm_accuracy_fold1": 0.985153764581124, "_timestamp": 1657668500, "_runtime": 7, "gbm_nll_fold1": 0.10019432753324509, "gbm_accuracy_fold2": 0.9883351007423118, "gbm_nll_fold2": 0.09733717888593674, "gbm_accuracy_fold3": 0.9883351007423118, "gbm_nll_fold3": 0.10336177051067352, "gbm_accuracy_fold4": 0.9946977730646872, "gbm_nll_fold4": 0.0439407117664814, "LightGBM_nll": 0.08620849996805191, "LightGBM_accuracy": 0.9891304347826086, "LightGBM_combo": -0.9029219348145567, "_step": 0, "_wandb": {"runtime": 8}}