{"gbm_accuracy_fold1": 0.9862142099681867, "_timestamp": 1657588416, "_runtime": 4, "gbm_nll_fold1": 0.10523545742034912, "gbm_accuracy_fold2": 0.9862142099681867, "gbm_nll_fold2": 0.1759674847126007, "gbm_accuracy_fold3": 0.9883351007423118, "gbm_nll_fold3": 0.14650775492191315, "gbm_accuracy_fold4": 0.9819724284199364, "gbm_nll_fold4": 0.23220886290073395, "LightGBM_nll": 0.16497988998889923, "LightGBM_accuracy": 0.9856839872746553, "LightGBM_combo": -0.8207040972857561, "_step": 0, "_wandb": {"runtime": 6}}