{"gbm_accuracy_fold1": 0.6521739130434783, "_timestamp": 1657631127, "_runtime": 6, "gbm_nll_fold1": 1.0417765378952026, "gbm_accuracy_fold2": 0.6739130434782609, "gbm_nll_fold2": 0.9386597871780396, "gbm_accuracy_fold3": 0.6358695652173914, "gbm_nll_fold3": 0.9931796789169312, "gbm_accuracy_fold4": 0.6467391304347826, "gbm_nll_fold4": 0.8966782689094543, "LightGBM_nll": 0.9675735831260681, "LightGBM_accuracy": 0.6521739130434783, "LightGBM_combo": 0.31539967008258984, "_step": 0, "_wandb": {"runtime": 8}}