{"gbm_accuracy_fold1": 0.6467391304347826, "_timestamp": 1657562923, "_runtime": 6, "gbm_nll_fold1": 0.9657395482063293, "gbm_accuracy_fold2": 0.6684782608695652, "gbm_nll_fold2": 0.982296347618103, "gbm_accuracy_fold3": 0.6358695652173914, "gbm_nll_fold3": 0.9309941530227661, "gbm_accuracy_fold4": 0.6739130434782609, "gbm_nll_fold4": 0.8346087336540222, "LightGBM_nll": 0.92840975522995, "LightGBM_accuracy": 0.65625, "LightGBM_combo": 0.27215975522994995, "_step": 0, "_wandb": {"runtime": 6}}