{"lsam_accuracy_fold1": 0.496, "_timestamp": 1657605990, "_runtime": 209, "lsam_nll_fold1": 1.4404430389404297, "lsam_accuracy_fold2": 0.568, "lsam_nll_fold2": 1.3953272104263306, "lsam_accuracy_fold3": 0.48, "lsam_nll_fold3": 1.636841893196106, "lsam_accuracy_fold4": 0.592, "lsam_nll_fold4": 1.3441259860992432, "LSAM_nll": 1.4541845321655273, "LSAM_accuracy": 0.534, "LSAM_combo": 0.9201845321655273, "_step": 0, "_wandb": {"runtime": 210}}