{"lsam_accuracy_fold1": 0.6518518518518519, "_timestamp": 1657616877, "_runtime": 312, "lsam_nll_fold1": 1.2630213499069214, "lsam_accuracy_fold2": 0.6222222222222222, "lsam_nll_fold2": 1.359478235244751, "lsam_accuracy_fold3": 0.6962962962962963, "lsam_nll_fold3": 1.154229760169983, "lsam_accuracy_fold4": 0.5111111111111111, "lsam_nll_fold4": 1.2691521644592285, "LSAM_nll": 1.2614703178405762, "LSAM_accuracy": 0.6203703703703703, "LSAM_combo": 0.6410999474702058, "_step": 0, "_wandb": {"runtime": 313}}