{"lsam_accuracy_fold1": 0.13043478260869565, "_timestamp": 1657553447, "_runtime": 368, "lsam_nll_fold1": 1.6783185005187988, "lsam_accuracy_fold2": 0.22826086956521738, "lsam_nll_fold2": 1.6868133544921875, "lsam_accuracy_fold3": 0.14130434782608695, "lsam_nll_fold3": 1.6827092170715332, "lsam_accuracy_fold4": 0.2717391304347826, "lsam_nll_fold4": 1.6755878925323486, "LSAM_nll": 1.6808571815490723, "LSAM_accuracy": 0.19293478260869565, "LSAM_combo": 1.4879223989403767, "_step": 0, "_wandb": {"runtime": 369}}