{"gbm_accuracy_fold1": 0.9925925925925926, "_timestamp": 1657643584, "_runtime": 7, "gbm_nll_fold1": 0.02359912171959877, "gbm_accuracy_fold2": 0.9851851851851852, "gbm_nll_fold2": 0.06305967271327972, "gbm_accuracy_fold3": 0.9851851851851852, "gbm_nll_fold3": 0.043531980365514755, "gbm_accuracy_fold4": 0.9888888888888889, "gbm_nll_fold4": 0.05414453148841858, "LightGBM_nll": 0.04608382657170296, "LightGBM_accuracy": 0.9879629629629629, "LightGBM_combo": -0.94187913639126, "_step": 0, "_wandb": {"runtime": 8}}