{"lsam_accuracy_fold1": 0.48148148148148145, "_timestamp": 1657609906, "_runtime": 459, "lsam_nll_fold1": 1.391545295715332, "lsam_accuracy_fold2": 0.6074074074074074, "lsam_nll_fold2": 1.3722147941589355, "lsam_accuracy_fold3": 0.5703703703703704, "lsam_nll_fold3": 1.3782848119735718, "lsam_accuracy_fold4": 0.3851851851851852, "lsam_nll_fold4": 1.4034537076950073, "LSAM_nll": 1.3863747119903564, "LSAM_accuracy": 0.5111111111111111, "LSAM_combo": 0.8752636008792454, "_step": 0, "_wandb": {"runtime": 460}}