{"lsam_accuracy_fold1": 0.6370370370370371, "_timestamp": 1657614640, "_runtime": 223, "lsam_nll_fold1": 1.2579658031463623, "lsam_accuracy_fold2": 0.674074074074074, "lsam_nll_fold2": 1.2172887325286865, "lsam_accuracy_fold3": 0.7037037037037037, "lsam_nll_fold3": 1.0868548154830933, "lsam_accuracy_fold4": 0.7037037037037037, "lsam_nll_fold4": 1.1547571420669556, "LSAM_nll": 1.1792166233062744, "LSAM_accuracy": 0.6796296296296297, "LSAM_combo": 0.4995869936766447, "_step": 0, "_wandb": {"runtime": 224}}