{"gbm_accuracy_fold1": 0.9925925925925926, "_timestamp": 1657577351, "_runtime": 8, "gbm_nll_fold1": 0.016852911561727524, "gbm_accuracy_fold2": 0.9851851851851852, "gbm_nll_fold2": 0.03779665380716324, "gbm_accuracy_fold3": 0.9814814814814815, "gbm_nll_fold3": 0.0770188495516777, "gbm_accuracy_fold4": 0.9925925925925926, "gbm_nll_fold4": 0.03589925169944763, "LightGBM_nll": 0.0418919175863266, "LightGBM_accuracy": 0.9879629629629629, "LightGBM_combo": -0.9460710453766363, "_step": 0, "_wandb": {"runtime": 9}}