{"gbm_accuracy_fold1": 0.536, "_timestamp": 1657607800, "_runtime": 6, "gbm_nll_fold1": 1.3855470418930054, "gbm_accuracy_fold2": 0.536, "gbm_nll_fold2": 1.385270357131958, "gbm_accuracy_fold3": 0.624, "gbm_nll_fold3": 1.3848764896392822, "gbm_accuracy_fold4": 0.512, "gbm_nll_fold4": 1.385801076889038, "LightGBM_nll": 1.385373830795288, "LightGBM_accuracy": 0.552, "LightGBM_combo": 0.833373830795288, "_step": 0, "_wandb": {"runtime": 7}}