{"gbm_accuracy_fold1": 0.6902173913043478, "_timestamp": 1657631244, "_runtime": 6, "gbm_nll_fold1": 1.023539662361145, "gbm_accuracy_fold2": 0.6847826086956522, "gbm_nll_fold2": 0.941305935382843, "gbm_accuracy_fold3": 0.6195652173913043, "gbm_nll_fold3": 0.9227069616317749, "gbm_accuracy_fold4": 0.625, "gbm_nll_fold4": 0.8818365931510925, "LightGBM_nll": 0.9423473477363586, "LightGBM_accuracy": 0.654891304347826, "LightGBM_combo": 0.2874560433885326, "_step": 0, "_wandb": {"runtime": 7}}