{"gbm_accuracy_fold1": 0.9883351007423118, "_timestamp": 1657668033, "_runtime": 9, "gbm_nll_fold1": 0.06380549818277359, "gbm_accuracy_fold2": 0.9893955461293743, "gbm_nll_fold2": 0.07782596349716187, "gbm_accuracy_fold3": 0.9840933191940615, "gbm_nll_fold3": 0.12790332734584808, "gbm_accuracy_fold4": 0.9957582184517497, "gbm_nll_fold4": 0.023819975554943085, "LightGBM_nll": 0.07333868741989136, "LightGBM_accuracy": 0.9893955461293744, "LightGBM_combo": -0.9160568587094831, "_step": 0, "_wandb": {"runtime": 11}}