{"lsam_accuracy_fold1": 0.576, "_timestamp": 1657605570, "_runtime": 113, "lsam_nll_fold1": 1.3716483116149902, "lsam_accuracy_fold2": 0.52, "lsam_nll_fold2": 1.3900740146636963, "lsam_accuracy_fold3": 0.6, "lsam_nll_fold3": 1.3652899265289307, "lsam_accuracy_fold4": 0.376, "lsam_nll_fold4": 1.4080935716629028, "LSAM_nll": 1.3837764263153076, "LSAM_accuracy": 0.518, "LSAM_combo": 0.8657764263153076, "_step": 0, "_wandb": {"runtime": 115}}