{"gbm_accuracy_fold1": 0.5978260869565217, "_timestamp": 1657562672, "_runtime": 6, "gbm_nll_fold1": 1.1010221242904663, "gbm_accuracy_fold2": 0.6793478260869565, "gbm_nll_fold2": 0.8171568512916565, "gbm_accuracy_fold3": 0.6467391304347826, "gbm_nll_fold3": 0.9426044225692749, "gbm_accuracy_fold4": 0.657608695652174, "gbm_nll_fold4": 0.9290050864219666, "LightGBM_nll": 0.9474471807479858, "LightGBM_accuracy": 0.6453804347826086, "LightGBM_combo": 0.3020667459653772, "_step": 0, "_wandb": {"runtime": 8}}