{"lsam_accuracy_fold1": 0.616, "_timestamp": 1657601137, "_runtime": 226, "lsam_nll_fold1": 1.335883617401123, "lsam_accuracy_fold2": 0.52, "lsam_nll_fold2": 1.3907966613769531, "lsam_accuracy_fold3": 0.608, "lsam_nll_fold3": 1.3362598419189453, "lsam_accuracy_fold4": 0.632, "lsam_nll_fold4": 1.3678338527679443, "LSAM_nll": 1.3576934337615967, "LSAM_accuracy": 0.5940000000000001, "LSAM_combo": 0.7636934337615966, "_step": 0, "_wandb": {"runtime": 227}}