{"lsam_accuracy_fold1": 0.975609756097561, "_timestamp": 1657651336, "_runtime": 575, "lsam_nll_fold1": 0.1328885555267334, "lsam_accuracy_fold2": 0.9819724284199364, "lsam_nll_fold2": 0.10713732987642288, "lsam_accuracy_fold3": 0.9766702014846236, "lsam_nll_fold3": 0.16217955946922302, "lsam_accuracy_fold4": 0.9713679745493107, "lsam_nll_fold4": 0.155912384390831, "LSAM_nll": 0.13952945172786713, "LSAM_accuracy": 0.9764050901378578, "LSAM_combo": -0.8368756384099907, "_step": 0, "_wandb": {"runtime": 576}}