{"gbm_accuracy_fold1": 0.6518518518518519, "_timestamp": 1657618777, "_runtime": 7, "gbm_nll_fold1": 1.3564077615737915, "gbm_accuracy_fold2": 0.7185185185185186, "gbm_nll_fold2": 1.3577823638916016, "gbm_accuracy_fold3": 0.6814814814814815, "gbm_nll_fold3": 1.3559746742248535, "gbm_accuracy_fold4": 0.762962962962963, "gbm_nll_fold4": 1.3500818014144897, "LightGBM_nll": 1.355061650276184, "LightGBM_accuracy": 0.7037037037037037, "LightGBM_combo": 0.6513579465724804, "_step": 0, "_wandb": {"runtime": 7}}