{"gbm_accuracy_fold1": 0.9734888653234358, "_timestamp": 1657588091, "_runtime": 8, "gbm_nll_fold1": 0.33577364683151245, "gbm_accuracy_fold2": 0.9703075291622482, "gbm_nll_fold2": 0.3236479163169861, "gbm_accuracy_fold3": 0.9766702014846236, "gbm_nll_fold3": 0.3187507092952728, "gbm_accuracy_fold4": 0.975609756097561, "gbm_nll_fold4": 0.33192431926727295, "LightGBM_nll": 0.3275241553783417, "LightGBM_accuracy": 0.9740190880169671, "LightGBM_combo": -0.6464949326386255, "_step": 0, "_wandb": {"runtime": 8}}