{"lsam_accuracy_fold1": 0.6370370370370371, "_timestamp": 1657615090, "_runtime": 225, "lsam_nll_fold1": 1.2894078493118286, "lsam_accuracy_fold2": 0.3925925925925926, "lsam_nll_fold2": 1.3966044187545776, "lsam_accuracy_fold3": 0.5703703703703704, "lsam_nll_fold3": 1.378014326095581, "lsam_accuracy_fold4": 0.2740740740740741, "lsam_nll_fold4": 1.3919103145599365, "LSAM_nll": 1.3639843463897705, "LSAM_accuracy": 0.46851851851851856, "LSAM_combo": 0.895465827871252, "_step": 0, "_wandb": {"runtime": 225}}