{"lsam_accuracy_fold1": 0.5440000295639038, "_timestamp": 1657512120, "_runtime": 401, "lsam_nll_fold1": 1.38419508934021, "lsam_accuracy_fold2": 0.5360000133514404, "lsam_nll_fold2": 1.3772164583206177, "lsam_accuracy_fold3": 0.527999997138977, "lsam_nll_fold3": 1.4355684518814087, "lsam_accuracy_fold4": 0.5760000348091125, "lsam_nll_fold4": 1.3321142196655273, "LSAM_nll": 1.382273554801941, "LSAM_accuracy": 0.5460000038146973, "_step": 0, "_wandb": {"runtime": 402}}