{"gbm_accuracy_fold1": 0.6413043478260869, "_timestamp": 1657562583, "_runtime": 5, "gbm_nll_fold1": 1.242301344871521, "gbm_accuracy_fold2": 0.625, "gbm_nll_fold2": 1.226460576057434, "gbm_accuracy_fold3": 0.6032608695652174, "gbm_nll_fold3": 1.232642412185669, "gbm_accuracy_fold4": 0.592391304347826, "gbm_nll_fold4": 1.0936360359191895, "LightGBM_nll": 1.1987600326538086, "LightGBM_accuracy": 0.6154891304347826, "LightGBM_combo": 0.583270902219026, "_step": 0, "_wandb": {"runtime": 5}}