{"gbm_accuracy_fold1": 0.568, "_timestamp": 1657542514, "_runtime": 5, "gbm_nll_fold1": 1.4890457391738892, "gbm_accuracy_fold2": 0.528, "gbm_nll_fold2": 1.636237621307373, "gbm_accuracy_fold3": 0.536, "gbm_nll_fold3": 1.961326241493225, "gbm_accuracy_fold4": 0.616, "gbm_nll_fold4": 1.3299281597137451, "LightGBM_nll": 1.6041343212127686, "LightGBM_accuracy": 0.562, "LightGBM_combo": 1.0421343212127685, "_step": 0, "_wandb": {"runtime": 6}}