{"gbm_accuracy_fold1": 0.9555555555555556, "_timestamp": 1657644036, "_runtime": 8, "gbm_nll_fold1": 0.124986432492733, "gbm_accuracy_fold2": 0.9592592592592593, "gbm_nll_fold2": 0.1476103514432907, "gbm_accuracy_fold3": 0.9703703703703703, "gbm_nll_fold3": 0.12949876487255096, "gbm_accuracy_fold4": 0.9444444444444444, "gbm_nll_fold4": 0.16816554963588715, "LightGBM_nll": 0.1425652801990509, "LightGBM_accuracy": 0.9574074074074075, "LightGBM_combo": -0.8148421272083566, "_step": 0, "_wandb": {"runtime": 9}}