{"gbm_accuracy_fold1": 0.762962962962963, "_timestamp": 1657552504, "_runtime": 5, "gbm_nll_fold1": 1.0693347454071045, "gbm_accuracy_fold2": 0.8148148148148148, "gbm_nll_fold2": 0.7801986932754517, "gbm_accuracy_fold3": 0.7481481481481481, "gbm_nll_fold3": 1.0210235118865967, "gbm_accuracy_fold4": 0.7925925925925926, "gbm_nll_fold4": 0.8620291352272034, "LightGBM_nll": 0.9331464767456055, "LightGBM_accuracy": 0.7796296296296297, "LightGBM_combo": 0.1535168471159758, "_step": 0, "_wandb": {"runtime": 6}}