{"gbm_accuracy_fold1": 0.9925925925925926, "_timestamp": 1657577282, "_runtime": 9, "gbm_nll_fold1": 0.026662299409508705, "gbm_accuracy_fold2": 1.0, "gbm_nll_fold2": 0.0066065299324691296, "gbm_accuracy_fold3": 0.9925925925925926, "gbm_nll_fold3": 0.03324254974722862, "gbm_accuracy_fold4": 0.9740740740740741, "gbm_nll_fold4": 0.1616501659154892, "LightGBM_nll": 0.05704038590192795, "LightGBM_accuracy": 0.9898148148148147, "LightGBM_combo": -0.9327744289128868, "_step": 0, "_wandb": {"runtime": 9}}