{"lsam_accuracy_fold1": 0.14673913043478262, "_timestamp": 1657553865, "_runtime": 403, "lsam_nll_fold1": 1.6709694862365723, "lsam_accuracy_fold2": 0.15217391304347827, "lsam_nll_fold2": 1.6913349628448486, "lsam_accuracy_fold3": 0.30434782608695654, "lsam_nll_fold3": 1.6799001693725586, "lsam_accuracy_fold4": 0.1793478260869565, "lsam_nll_fold4": 1.6800082921981812, "LSAM_nll": 1.6805533170700073, "LSAM_accuracy": 0.1956521739130435, "LSAM_combo": 1.4849011431569639, "_step": 0, "_wandb": {"runtime": 404}}