{"lsam_accuracy_fold1": 0.9925925925925926, "_timestamp": 1657637958, "_runtime": 204, "lsam_nll_fold1": 0.02055268920958042, "lsam_accuracy_fold2": 0.9962962962962963, "lsam_nll_fold2": 0.05067507550120354, "lsam_accuracy_fold3": 0.9851851851851852, "lsam_nll_fold3": 0.120810866355896, "lsam_accuracy_fold4": 0.9814814814814815, "lsam_nll_fold4": 0.09370682388544083, "LSAM_nll": 0.07143636047840118, "LSAM_accuracy": 0.9888888888888888, "LSAM_combo": -0.9174525284104876, "_step": 0, "_wandb": {"runtime": 206}}