{"lsam_accuracy_fold1": 0.2391304347826087, "_timestamp": 1657624397, "_runtime": 424, "lsam_nll_fold1": 1.5530997514724731, "lsam_accuracy_fold2": 0.30978260869565216, "lsam_nll_fold2": 1.5500555038452148, "lsam_accuracy_fold3": 0.6358695652173914, "lsam_nll_fold3": 0.891511082649231, "lsam_accuracy_fold4": 0.6358695652173914, "lsam_nll_fold4": 0.7969963550567627, "LSAM_nll": 1.1979155540466309, "LSAM_accuracy": 0.4551630434782609, "LSAM_combo": 0.7427525105683699, "_step": 0, "_wandb": {"runtime": 425}}