{"gbm_accuracy_fold1": 0.7703703703703704, "_timestamp": 1657619017, "_runtime": 6, "gbm_nll_fold1": 1.0248161554336548, "gbm_accuracy_fold2": 0.7703703703703704, "gbm_nll_fold2": 0.872111976146698, "gbm_accuracy_fold3": 0.8074074074074075, "gbm_nll_fold3": 0.9628177881240845, "gbm_accuracy_fold4": 0.8148148148148148, "gbm_nll_fold4": 0.8361741900444031, "LightGBM_nll": 0.9239800572395325, "LightGBM_accuracy": 0.7907407407407407, "LightGBM_combo": 0.13323931649879173, "_step": 0, "_wandb": {"runtime": 7}}