{"lsam_accuracy_fold1": 0.576, "_timestamp": 1657529591, "_runtime": 166, "lsam_nll_fold1": 1.3807663917541504, "lsam_accuracy_fold2": 0.52, "lsam_nll_fold2": 1.3851550817489624, "lsam_accuracy_fold3": 0.616, "lsam_nll_fold3": 1.376409649848938, "lsam_accuracy_fold4": 0.624, "lsam_nll_fold4": 1.3811761140823364, "LSAM_nll": 1.3808767795562744, "LSAM_accuracy": 0.5840000000000001, "_step": 0, "_wandb": {"runtime": 168}}