{"gbm_accuracy_fold1": 0.9962962962962963, "_timestamp": 1657644056, "_runtime": 7, "gbm_nll_fold1": 0.03214922174811363, "gbm_accuracy_fold2": 0.9888888888888889, "gbm_nll_fold2": 0.022145316004753113, "gbm_accuracy_fold3": 0.9888888888888889, "gbm_nll_fold3": 0.025687318295240402, "gbm_accuracy_fold4": 0.9777777777777777, "gbm_nll_fold4": 0.0839240625500679, "LightGBM_nll": 0.04097647964954376, "LightGBM_accuracy": 0.987962962962963, "LightGBM_combo": -0.9469864833134193, "_step": 0, "_wandb": {"runtime": 7}}