{"lsam_accuracy_fold1": 0.576, "_timestamp": 1657523525, "_runtime": 306, "lsam_nll_fold1": 1.3729950189590454, "lsam_accuracy_fold2": 0.48, "lsam_nll_fold2": 1.386353850364685, "lsam_accuracy_fold3": 0.6, "lsam_nll_fold3": 1.3824610710144043, "lsam_accuracy_fold4": 0.376, "lsam_nll_fold4": 1.3894166946411133, "LSAM_nll": 1.382806658744812, "LSAM_accuracy": 0.508, "_step": 0, "_wandb": {"runtime": 307}}