{"gbm_accuracy_fold1": 0.5543478260869565, "_timestamp": 1657631104, "_runtime": 16, "gbm_nll_fold1": 1.3307054042816162, "gbm_accuracy_fold2": 0.5978260869565217, "gbm_nll_fold2": 1.347100019454956, "gbm_accuracy_fold3": 0.5217391304347826, "gbm_nll_fold3": 1.3755046129226685, "gbm_accuracy_fold4": 0.6467391304347826, "gbm_nll_fold4": 1.3125778436660767, "LightGBM_nll": 1.3414719104766846, "LightGBM_accuracy": 0.5801630434782609, "LightGBM_combo": 0.7613088669984237, "_step": 0, "_wandb": {"runtime": 18}}