{"gbm_accuracy_fold1": 0.9814814814814815, "_timestamp": 1657576956, "_runtime": 7, "gbm_nll_fold1": 0.05876864865422249, "gbm_accuracy_fold2": 0.9888888888888889, "gbm_nll_fold2": 0.039549268782138824, "gbm_accuracy_fold3": 0.9888888888888889, "gbm_nll_fold3": 0.036801766604185104, "gbm_accuracy_fold4": 0.9740740740740741, "gbm_nll_fold4": 0.0632808655500412, "LightGBM_nll": 0.04960013926029205, "LightGBM_accuracy": 0.9833333333333334, "LightGBM_combo": -0.9337331940730413, "_step": 0, "_wandb": {"runtime": 8}}