{"gbm_accuracy_fold1": 0.7555555555555555, "_timestamp": 1657552884, "_runtime": 6, "gbm_nll_fold1": 0.999021053314209, "gbm_accuracy_fold2": 0.7777777777777778, "gbm_nll_fold2": 0.9597821235656738, "gbm_accuracy_fold3": 0.7111111111111111, "gbm_nll_fold3": 1.0222432613372803, "gbm_accuracy_fold4": 0.7851851851851852, "gbm_nll_fold4": 0.9588282704353333, "LightGBM_nll": 0.9849686622619629, "LightGBM_accuracy": 0.7574074074074074, "LightGBM_combo": 0.22756125485455547, "_step": 0, "_wandb": {"runtime": 7}}