{"lsam_accuracy_fold1": 0.968186638388123, "_timestamp": 1657587603, "_runtime": 157, "lsam_nll_fold1": 0.2960059940814972, "lsam_accuracy_fold2": 0.9565217391304348, "lsam_nll_fold2": 0.22985433042049408, "lsam_accuracy_fold3": 0.9565217391304348, "lsam_nll_fold3": 0.1957341432571411, "lsam_accuracy_fold4": 0.9151643690349947, "lsam_nll_fold4": 0.35186561942100525, "LSAM_nll": 0.2683650255203247, "LSAM_accuracy": 0.9490986214209969, "LSAM_combo": -0.6807335959006722, "_step": 0, "_wandb": {"runtime": 157}}