{"gbm_accuracy_fold1": 0.7925925925925926, "_timestamp": 1657618950, "_runtime": 5, "gbm_nll_fold1": 0.8100290894508362, "gbm_accuracy_fold2": 0.8, "gbm_nll_fold2": 0.7874759435653687, "gbm_accuracy_fold3": 0.7481481481481481, "gbm_nll_fold3": 0.9497508406639099, "gbm_accuracy_fold4": 0.8074074074074075, "gbm_nll_fold4": 0.9111295342445374, "LightGBM_nll": 0.8645963668823242, "LightGBM_accuracy": 0.787037037037037, "LightGBM_combo": 0.07755932984528724, "_step": 0, "_wandb": {"runtime": 5}}