{"gbm_accuracy_fold1": 0.6467391304347826, "_timestamp": 1657631201, "_runtime": 7, "gbm_nll_fold1": 0.9829146265983582, "gbm_accuracy_fold2": 0.6902173913043478, "gbm_nll_fold2": 0.8614414930343628, "gbm_accuracy_fold3": 0.592391304347826, "gbm_nll_fold3": 0.9646468758583069, "gbm_accuracy_fold4": 0.6195652173913043, "gbm_nll_fold4": 0.9352725744247437, "LightGBM_nll": 0.9360688924789429, "LightGBM_accuracy": 0.6372282608695652, "LightGBM_combo": 0.2988406316093777, "_step": 0, "_wandb": {"runtime": 8}}