{"gbm_accuracy_fold1": 0.6304347826086957, "_timestamp": 1657563075, "_runtime": 5, "gbm_nll_fold1": 1.0240205526351929, "gbm_accuracy_fold2": 0.6793478260869565, "gbm_nll_fold2": 0.7946406006813049, "gbm_accuracy_fold3": 0.6467391304347826, "gbm_nll_fold3": 0.8768286108970642, "gbm_accuracy_fold4": 0.6195652173913043, "gbm_nll_fold4": 0.9093553423881531, "LightGBM_nll": 0.9012113213539124, "LightGBM_accuracy": 0.6440217391304348, "LightGBM_combo": 0.25718958222347754, "_step": 0, "_wandb": {"runtime": 6}}