{"gbm_accuracy_fold1": 0.7851851851851852, "_timestamp": 1657552708, "_runtime": 5, "gbm_nll_fold1": 0.9325637221336365, "gbm_accuracy_fold2": 0.8222222222222222, "gbm_nll_fold2": 0.7381013035774231, "gbm_accuracy_fold3": 0.7333333333333333, "gbm_nll_fold3": 1.0852806568145752, "gbm_accuracy_fold4": 0.8074074074074075, "gbm_nll_fold4": 0.9278405904769897, "LightGBM_nll": 0.9209465980529785, "LightGBM_accuracy": 0.787037037037037, "LightGBM_combo": 0.13390956101594154, "_step": 0, "_wandb": {"runtime": 6}}