{"gbm_accuracy_fold1": 0.608, "_timestamp": 1657542734, "_runtime": 5, "gbm_nll_fold1": 1.2630877494812012, "gbm_accuracy_fold2": 0.544, "gbm_nll_fold2": 1.4305682182312012, "gbm_accuracy_fold3": 0.56, "gbm_nll_fold3": 1.368215560913086, "gbm_accuracy_fold4": 0.552, "gbm_nll_fold4": 1.5224483013153076, "LightGBM_nll": 1.3960800170898438, "LightGBM_accuracy": 0.5660000000000001, "LightGBM_combo": 0.8300800170898437, "_step": 0, "_wandb": {"runtime": 6}}