{"lsam_accuracy_fold1": 0.5978260869565217, "_timestamp": 1657561189, "_runtime": 244, "lsam_nll_fold1": 0.91744065284729, "lsam_accuracy_fold2": 0.5163043478260869, "lsam_nll_fold2": 0.9571442008018494, "lsam_accuracy_fold3": 0.5217391304347826, "lsam_nll_fold3": 0.9621378779411316, "lsam_accuracy_fold4": 0.5869565217391305, "lsam_nll_fold4": 0.8594317436218262, "LSAM_nll": 0.9240386486053467, "LSAM_accuracy": 0.5557065217391304, "LSAM_combo": 0.3683321268662163, "_step": 0, "_wandb": {"runtime": 245}}