{"lsam_accuracy_fold1": 0.060445387062566275, "_timestamp": 1657585707, "_runtime": 79, "lsam_nll_fold1": 2.105721950531006, "lsam_accuracy_fold2": 0.06362672322375397, "lsam_nll_fold2": 1.611080288887024, "lsam_accuracy_fold3": 0.9310710498409331, "lsam_nll_fold3": 1.2974739074707031, "lsam_accuracy_fold4": 0.9480381760339343, "lsam_nll_fold4": 0.9551233649253845, "LSAM_nll": 1.4923498630523682, "LSAM_accuracy": 0.5007953340402969, "LSAM_combo": 0.9915545290120713, "_step": 0, "_wandb": {"runtime": 80}}