{"lsam_accuracy_fold1": 1.0, "_timestamp": 1657634325, "_runtime": 302, "lsam_nll_fold1": 0.001300996751524508, "lsam_accuracy_fold2": 0.9851851851851852, "lsam_nll_fold2": 0.07019135355949402, "lsam_accuracy_fold3": 0.9888888888888889, "lsam_nll_fold3": 0.09104999154806137, "lsam_accuracy_fold4": 0.9777777777777777, "lsam_nll_fold4": 0.061864640563726425, "LSAM_nll": 0.05610174685716629, "LSAM_accuracy": 0.9879629629629629, "LSAM_combo": -0.9318612161057966, "_step": 0, "_wandb": {"runtime": 303}}