{"lsam_accuracy_fold1": 0.9814814814814815, "_timestamp": 1657574708, "_runtime": 504, "lsam_nll_fold1": 0.08561854809522629, "lsam_accuracy_fold2": 0.9666666666666667, "lsam_nll_fold2": 0.16939353942871094, "lsam_accuracy_fold3": 0.9703703703703703, "lsam_nll_fold3": 0.1806175410747528, "lsam_accuracy_fold4": 0.937037037037037, "lsam_nll_fold4": 0.21362286806106567, "LSAM_nll": 0.16231313347816467, "LSAM_accuracy": 0.9638888888888889, "LSAM_combo": -0.8015757554107242, "_step": 0, "_wandb": {"runtime": 505}}