{"gbm_accuracy_fold1": 0.568, "_timestamp": 1657607670, "_runtime": 8, "gbm_nll_fold1": 1.3744477033615112, "gbm_accuracy_fold2": 0.552, "gbm_nll_fold2": 1.4419740438461304, "gbm_accuracy_fold3": 0.576, "gbm_nll_fold3": 1.3816051483154297, "gbm_accuracy_fold4": 0.56, "gbm_nll_fold4": 1.3840978145599365, "LightGBM_nll": 1.395531177520752, "LightGBM_accuracy": 0.5640000000000001, "LightGBM_combo": 0.8315311775207519, "_step": 0, "_wandb": {"runtime": 9}}