{"gbm_accuracy_fold1": 0.625, "_timestamp": 1657562627, "_runtime": 5, "gbm_nll_fold1": 1.206241488456726, "gbm_accuracy_fold2": 0.6521739130434783, "gbm_nll_fold2": 1.089616298675537, "gbm_accuracy_fold3": 0.6793478260869565, "gbm_nll_fold3": 1.0281389951705933, "gbm_accuracy_fold4": 0.6684782608695652, "gbm_nll_fold4": 1.316298246383667, "LightGBM_nll": 1.1600737571716309, "LightGBM_accuracy": 0.65625, "LightGBM_combo": 0.5038237571716309, "_step": 0, "_wandb": {"runtime": 6}}