{"lsam_accuracy_fold1": 0.4240000247955322, "_timestamp": 1657504737, "_runtime": 573, "lsam_nll_fold1": 1.3863475322723389, "lsam_accuracy_fold2": 0.48000001907348633, "lsam_nll_fold2": 1.386509895324707, "lsam_accuracy_fold3": 0.6000000238418579, "lsam_nll_fold3": 1.3801144361495972, "lsam_accuracy_fold4": 0.6240000128746033, "lsam_nll_fold4": 1.3833093643188477, "LSAM_nll": 1.3840702772140503, "LSAM_accuracy": 0.5320000052452087, "_step": 0, "_wandb": {"runtime": 573}}