{"gbm_accuracy_fold1": 0.9962962962962963, "_timestamp": 1657577075, "_runtime": 5, "gbm_nll_fold1": 0.04351178929209709, "gbm_accuracy_fold2": 0.9666666666666667, "gbm_nll_fold2": 0.0934370681643486, "gbm_accuracy_fold3": 0.9925925925925926, "gbm_nll_fold3": 0.019754724577069283, "gbm_accuracy_fold4": 0.9962962962962963, "gbm_nll_fold4": 0.017986208200454712, "LightGBM_nll": 0.04367244616150856, "LightGBM_accuracy": 0.987962962962963, "LightGBM_combo": -0.9442905168014545, "_step": 0, "_wandb": {"runtime": 7}}