{"lsam_accuracy_fold1": 0.576, "_timestamp": 1657540057, "_runtime": 95, "lsam_nll_fold1": 1.3793559074401855, "lsam_accuracy_fold2": 0.528, "lsam_nll_fold2": 1.3654545545578003, "lsam_accuracy_fold3": 0.6, "lsam_nll_fold3": 1.3515069484710693, "lsam_accuracy_fold4": 0.376, "lsam_nll_fold4": 1.5867602825164795, "LSAM_nll": 1.420769453048706, "LSAM_accuracy": 0.52, "LSAM_combo": 0.900769453048706, "_step": 0, "_wandb": {"runtime": 96}}