{"lsam_accuracy_fold1": 0.2391304347826087, "_timestamp": 1657628680, "_runtime": 301, "lsam_nll_fold1": 1.564744234085083, "lsam_accuracy_fold2": 0.3695652173913043, "lsam_nll_fold2": 1.5446255207061768, "lsam_accuracy_fold3": 0.5163043478260869, "lsam_nll_fold3": 1.0652300119400024, "lsam_accuracy_fold4": 0.2554347826086957, "lsam_nll_fold4": 1.5042333602905273, "LSAM_nll": 1.419708251953125, "LSAM_accuracy": 0.34510869565217395, "LSAM_combo": 1.0745995563009512, "_step": 0, "_wandb": {"runtime": 302}}