{"gbm_accuracy_fold1": 0.9814814814814815, "_timestamp": 1657643781, "_runtime": 7, "gbm_nll_fold1": 0.036456089466810226, "gbm_accuracy_fold2": 0.9777777777777777, "gbm_nll_fold2": 0.06873028725385666, "gbm_accuracy_fold3": 0.9962962962962963, "gbm_nll_fold3": 0.02210257761180401, "gbm_accuracy_fold4": 0.9777777777777777, "gbm_nll_fold4": 0.06567054986953735, "LightGBM_nll": 0.048239875584840775, "LightGBM_accuracy": 0.9833333333333334, "LightGBM_combo": -0.9350934577484926, "_step": 0, "_wandb": {"runtime": 8}}