{"gbm_accuracy_fold1": 0.9814814814814815, "_timestamp": 1657643607, "_runtime": 8, "gbm_nll_fold1": 0.03253016248345375, "gbm_accuracy_fold2": 0.9925925925925926, "gbm_nll_fold2": 0.0273651871830225, "gbm_accuracy_fold3": 0.9777777777777777, "gbm_nll_fold3": 0.06814063340425491, "gbm_accuracy_fold4": 0.9777777777777777, "gbm_nll_fold4": 0.0623508021235466, "LightGBM_nll": 0.04759670048952103, "LightGBM_accuracy": 0.9824074074074074, "LightGBM_combo": -0.9348107069178864, "_step": 0, "_wandb": {"runtime": 10}}