{"lsam_accuracy_fold1": 0.9395546129374337, "_timestamp": 1657579734, "_runtime": 303, "lsam_nll_fold1": 1.3385040760040283, "lsam_accuracy_fold2": 0.06362672322375397, "lsam_nll_fold2": 1.4124093055725098, "lsam_accuracy_fold3": 0.0689289501590668, "lsam_nll_fold3": 1.393834114074707, "lsam_accuracy_fold4": 0.9544008483563097, "lsam_nll_fold4": 0.7060262560844421, "LSAM_nll": 1.212693452835083, "LSAM_accuracy": 0.5066277836691411, "LSAM_combo": 0.7060656691659419, "_step": 0, "_wandb": {"runtime": 303}}