{"lsam_accuracy_fold1": 0.424, "_timestamp": 1657607337, "_runtime": 188, "lsam_nll_fold1": 1.3941477537155151, "lsam_accuracy_fold2": 0.48, "lsam_nll_fold2": 1.387435793876648, "lsam_accuracy_fold3": 0.624, "lsam_nll_fold3": 1.3639485836029053, "lsam_accuracy_fold4": 0.376, "lsam_nll_fold4": 1.4085594415664673, "LSAM_nll": 1.3885228633880615, "LSAM_accuracy": 0.476, "LSAM_combo": 0.9125228633880615, "_step": 0, "_wandb": {"runtime": 189}}