{"gbm_accuracy_fold1": 0.592, "_timestamp": 1657608098, "_runtime": 6, "gbm_nll_fold1": 1.3487136363983154, "gbm_accuracy_fold2": 0.552, "gbm_nll_fold2": 1.3543306589126587, "gbm_accuracy_fold3": 0.608, "gbm_nll_fold3": 1.3686248064041138, "gbm_accuracy_fold4": 0.6, "gbm_nll_fold4": 1.3440873622894287, "LightGBM_nll": 1.3539390563964844, "LightGBM_accuracy": 0.5880000000000001, "LightGBM_combo": 0.7659390563964843, "_step": 0, "_wandb": {"runtime": 7}}