{"gbm_accuracy_fold1": 1.0, "_timestamp": 1657577329, "_runtime": 8, "gbm_nll_fold1": 0.00978328101336956, "gbm_accuracy_fold2": 0.9851851851851852, "gbm_nll_fold2": 0.0258806012570858, "gbm_accuracy_fold3": 0.9925925925925926, "gbm_nll_fold3": 0.02761724591255188, "gbm_accuracy_fold4": 0.9740740740740741, "gbm_nll_fold4": 0.11741652339696884, "LightGBM_nll": 0.04517441242933273, "LightGBM_accuracy": 0.9879629629629629, "LightGBM_combo": -0.9427885505336302, "_step": 0, "_wandb": {"runtime": 9}}