{"gbm_accuracy_fold1": 0.6413043478260869, "_timestamp": 1657631073, "_runtime": 7, "gbm_nll_fold1": 0.9648197293281555, "gbm_accuracy_fold2": 0.657608695652174, "gbm_nll_fold2": 0.8208895325660706, "gbm_accuracy_fold3": 0.6195652173913043, "gbm_nll_fold3": 0.9769416451454163, "gbm_accuracy_fold4": 0.625, "gbm_nll_fold4": 0.991051971912384, "LightGBM_nll": 0.9384257197380066, "LightGBM_accuracy": 0.6358695652173912, "LightGBM_combo": 0.30255615452061535, "_step": 0, "_wandb": {"runtime": 7}}