{"lsam_accuracy_fold1": 0.56, "_timestamp": 1657521054, "_runtime": 91, "lsam_nll_fold1": 1.3839441537857056, "lsam_accuracy_fold2": 0.472, "lsam_nll_fold2": 1.3904798030853271, "lsam_accuracy_fold3": 0.52, "lsam_nll_fold3": 1.3913484811782837, "lsam_accuracy_fold4": 0.624, "lsam_nll_fold4": 1.3667761087417603, "LSAM_nll": 1.3831371068954468, "LSAM_accuracy": 0.544, "_step": 0, "_wandb": {"runtime": 93}}