{"gbm_accuracy_fold1": 0.985153764581124, "_timestamp": 1657588329, "_runtime": 5, "gbm_nll_fold1": 0.14344608783721924, "gbm_accuracy_fold2": 0.9904559915164369, "gbm_nll_fold2": 0.12454801052808762, "gbm_accuracy_fold3": 0.9893955461293743, "gbm_nll_fold3": 0.15006034076213837, "gbm_accuracy_fold4": 0.9893955461293743, "gbm_nll_fold4": 0.07577113807201385, "LightGBM_nll": 0.12345640361309052, "LightGBM_accuracy": 0.9886002120890773, "LightGBM_combo": -0.8651438084759868, "_step": 0, "_wandb": {"runtime": 6}}