{"gbm_accuracy_fold1": 0.8, "_timestamp": 1657536046, "_runtime": 5, "gbm_nll_fold1": 1.0716233253479004, "gbm_accuracy_fold2": 0.762962962962963, "gbm_nll_fold2": 0.9477067589759827, "gbm_accuracy_fold3": 0.762962962962963, "gbm_nll_fold3": 0.905019998550415, "gbm_accuracy_fold4": 0.7407407407407407, "gbm_nll_fold4": 0.9459027051925659, "LightGBM_nll": 0.9675631523132324, "LightGBM_accuracy": 0.7666666666666666, "LightGBM_combo": 0.20089648564656581, "_step": 0, "_wandb": {"runtime": 7}}