{"lsam_accuracy_fold1": 0.9660657476139979, "_timestamp": 1657586350, "_runtime": 177, "lsam_nll_fold1": 0.1714640110731125, "lsam_accuracy_fold2": 0.9650053022269353, "lsam_nll_fold2": 0.1914949268102646, "lsam_accuracy_fold3": 0.9618239660657476, "lsam_nll_fold3": 0.18302644789218903, "lsam_accuracy_fold4": 0.9628844114528102, "lsam_nll_fold4": 0.1898074746131897, "LSAM_nll": 0.18394821882247925, "LSAM_accuracy": 0.9639448568398727, "LSAM_combo": -0.7799966380173935, "_step": 0, "_wandb": {"runtime": 177}}