{"lsam_accuracy_fold1": 0.7037037037037037, "_timestamp": 1657545634, "_runtime": 200, "lsam_nll_fold1": 1.0788962841033936, "lsam_accuracy_fold2": 0.7037037037037037, "lsam_nll_fold2": 1.1840903759002686, "lsam_accuracy_fold3": 0.6814814814814815, "lsam_nll_fold3": 1.0892900228500366, "lsam_accuracy_fold4": 0.725925925925926, "lsam_nll_fold4": 1.1298292875289917, "LSAM_nll": 1.1205265522003174, "LSAM_accuracy": 0.7037037037037037, "LSAM_combo": 0.41682284849661366, "_step": 0, "_wandb": {"runtime": 201}}