{"lsam_accuracy_fold1": 0.416, "_timestamp": 1657526888, "_runtime": 96, "lsam_nll_fold1": 1.3989664316177368, "lsam_accuracy_fold2": 0.48, "lsam_nll_fold2": 1.4087717533111572, "lsam_accuracy_fold3": 0.6, "lsam_nll_fold3": 1.3459330797195435, "lsam_accuracy_fold4": 0.552, "lsam_nll_fold4": 1.3765274286270142, "LSAM_nll": 1.3825496435165405, "LSAM_accuracy": 0.512, "_step": 0, "_wandb": {"runtime": 98}}