{"lsam_accuracy_fold1": 0.576, "_timestamp": 1657538882, "_runtime": 242, "lsam_nll_fold1": 1.3853758573532104, "lsam_accuracy_fold2": 0.52, "lsam_nll_fold2": 1.3849107027053833, "lsam_accuracy_fold3": 0.6, "lsam_nll_fold3": 1.3820781707763672, "lsam_accuracy_fold4": 0.624, "lsam_nll_fold4": 1.377704381942749, "LSAM_nll": 1.3825173377990723, "LSAM_accuracy": 0.5800000000000001, "LSAM_combo": 0.8025173377990722, "_step": 0, "_wandb": {"runtime": 243}}