{"lsam_accuracy_fold1": 0.5777777777777777, "_timestamp": 1657564461, "_runtime": 214, "lsam_nll_fold1": 0.9961710572242737, "lsam_accuracy_fold2": 0.7296296296296296, "lsam_nll_fold2": 0.7447265386581421, "lsam_accuracy_fold3": 0.4740740740740741, "lsam_nll_fold3": 1.1283130645751953, "lsam_accuracy_fold4": 0.5185185185185185, "lsam_nll_fold4": 1.0856550931930542, "LSAM_nll": 0.9887164831161499, "LSAM_accuracy": 0.575, "LSAM_combo": 0.41371648311614995, "_step": 0, "_wandb": {"runtime": 214}}