{"lsam_accuracy_fold1": 0.48148148148148145, "_timestamp": 1657549149, "_runtime": 589, "lsam_nll_fold1": 1.387715220451355, "lsam_accuracy_fold2": 0.6074074074074074, "lsam_nll_fold2": 1.3792988061904907, "lsam_accuracy_fold3": 0.42962962962962964, "lsam_nll_fold3": 1.3886361122131348, "lsam_accuracy_fold4": 0.3851851851851852, "lsam_nll_fold4": 1.4015945196151733, "LSAM_nll": 1.3893111944198608, "LSAM_accuracy": 0.47592592592592586, "LSAM_combo": 0.913385268493935, "_step": 0, "_wandb": {"runtime": 590}}