{"gbm_accuracy_fold1": 0.584, "_timestamp": 1657542668, "_runtime": 6, "gbm_nll_fold1": 1.6359385251998901, "gbm_accuracy_fold2": 0.576, "gbm_nll_fold2": 1.3934131860733032, "gbm_accuracy_fold3": 0.648, "gbm_nll_fold3": 1.4073289632797241, "gbm_accuracy_fold4": 0.512, "gbm_nll_fold4": 1.4504244327545166, "LightGBM_nll": 1.4717762470245361, "LightGBM_accuracy": 0.58, "LightGBM_combo": 0.8917762470245362, "_step": 0, "_wandb": {"runtime": 6}}