{"lsam_accuracy_fold1": 0.5978260869565217, "_timestamp": 1657558838, "_runtime": 257, "lsam_nll_fold1": 1.3604329824447632, "lsam_accuracy_fold2": 0.625, "lsam_nll_fold2": 1.134108304977417, "lsam_accuracy_fold3": 0.5978260869565217, "lsam_nll_fold3": 1.1750942468643188, "lsam_accuracy_fold4": 0.6684782608695652, "lsam_nll_fold4": 1.0569720268249512, "LSAM_nll": 1.1816518306732178, "LSAM_accuracy": 0.6222826086956521, "LSAM_combo": 0.5593692219775657, "_step": 0, "_wandb": {"runtime": 257}}