{"gbm_accuracy_fold1": 0.8296296296296296, "_timestamp": 1657553034, "_runtime": 8, "gbm_nll_fold1": 0.8772583603858948, "gbm_accuracy_fold2": 0.8, "gbm_nll_fold2": 0.9104585647583008, "gbm_accuracy_fold3": 0.7481481481481481, "gbm_nll_fold3": 0.8550264835357666, "gbm_accuracy_fold4": 0.8148148148148148, "gbm_nll_fold4": 0.8732307553291321, "LightGBM_nll": 0.8789935111999512, "LightGBM_accuracy": 0.7981481481481482, "LightGBM_combo": 0.08084536305180301, "_step": 0, "_wandb": {"runtime": 6}}