{"gbm_accuracy_fold1": 0.6032608695652174, "_timestamp": 1657630727, "_runtime": 7, "gbm_nll_fold1": 0.9890958666801453, "gbm_accuracy_fold2": 0.657608695652174, "gbm_nll_fold2": 0.8754619359970093, "gbm_accuracy_fold3": 0.5815217391304348, "gbm_nll_fold3": 1.0083346366882324, "gbm_accuracy_fold4": 0.6467391304347826, "gbm_nll_fold4": 0.9930044412612915, "LightGBM_nll": 0.966474175453186, "LightGBM_accuracy": 0.6222826086956522, "LightGBM_combo": 0.3441915667575338, "_step": 0, "_wandb": {"runtime": 8}}