{"gbm_accuracy_fold1": 0.8, "_timestamp": 1657553008, "_runtime": 10, "gbm_nll_fold1": 0.9426146745681763, "gbm_accuracy_fold2": 0.7925925925925926, "gbm_nll_fold2": 0.9148013591766357, "gbm_accuracy_fold3": 0.8, "gbm_nll_fold3": 0.847576916217804, "gbm_accuracy_fold4": 0.7851851851851852, "gbm_nll_fold4": 0.9299943447113037, "LightGBM_nll": 0.9087468385696411, "LightGBM_accuracy": 0.7944444444444444, "LightGBM_combo": 0.11430239412519672, "_step": 0, "_wandb": {"runtime": 6}}