{"lsam_accuracy_fold1": 0.576, "_timestamp": 1657538312, "_runtime": 108, "lsam_nll_fold1": 1.3728821277618408, "lsam_accuracy_fold2": 0.52, "lsam_nll_fold2": 1.3848882913589478, "lsam_accuracy_fold3": 0.4, "lsam_nll_fold3": 1.4538886547088623, "lsam_accuracy_fold4": 0.376, "lsam_nll_fold4": 1.4163219928741455, "LSAM_nll": 1.4069952964782715, "LSAM_accuracy": 0.46799999999999997, "LSAM_combo": 0.9389952964782715, "_step": 0, "_wandb": {"runtime": 109}}