{"lsam_accuracy_fold1": 0.576, "_timestamp": 1657540337, "_runtime": 261, "lsam_nll_fold1": 1.3780375719070435, "lsam_accuracy_fold2": 0.48, "lsam_nll_fold2": 1.38718581199646, "lsam_accuracy_fold3": 0.4, "lsam_nll_fold3": 1.3887286186218262, "lsam_accuracy_fold4": 0.376, "lsam_nll_fold4": 1.388834834098816, "LSAM_nll": 1.3856967687606812, "LSAM_accuracy": 0.45799999999999996, "LSAM_combo": 0.9276967687606812, "_step": 0, "_wandb": {"runtime": 262}}