{"lsam_accuracy_fold1": 0.576, "_timestamp": 1657526774, "_runtime": 227, "lsam_nll_fold1": 1.3726470470428467, "lsam_accuracy_fold2": 0.52, "lsam_nll_fold2": 1.391095757484436, "lsam_accuracy_fold3": 0.4, "lsam_nll_fold3": 1.4135918617248535, "lsam_accuracy_fold4": 0.376, "lsam_nll_fold4": 1.426256775856018, "LSAM_nll": 1.4008978605270386, "LSAM_accuracy": 0.46799999999999997, "_step": 0, "_wandb": {"runtime": 228}}