{"gbm_accuracy_fold1": 0.616, "_timestamp": 1657608076, "_runtime": 6, "gbm_nll_fold1": 1.381112813949585, "gbm_accuracy_fold2": 0.536, "gbm_nll_fold2": 1.3841612339019775, "gbm_accuracy_fold3": 0.576, "gbm_nll_fold3": 1.382670521736145, "gbm_accuracy_fold4": 0.56, "gbm_nll_fold4": 1.3838839530944824, "LightGBM_nll": 1.382957100868225, "LightGBM_accuracy": 0.5720000000000001, "LightGBM_combo": 0.810957100868225, "_step": 0, "_wandb": {"runtime": 8}}