{"lsam_accuracy_fold1": 0.725925925925926, "_timestamp": 1657615974, "_runtime": 460, "lsam_nll_fold1": 2.470717430114746, "lsam_accuracy_fold2": 0.7037037037037037, "lsam_nll_fold2": 1.6306021213531494, "lsam_accuracy_fold3": 0.725925925925926, "lsam_nll_fold3": 2.3804104328155518, "lsam_accuracy_fold4": 0.7555555555555555, "lsam_nll_fold4": 1.2729002237319946, "LSAM_nll": 1.9386574029922485, "LSAM_accuracy": 0.7277777777777777, "LSAM_combo": 1.2108796252144707, "_step": 0, "_wandb": {"runtime": 461}}