{"lsam_accuracy_fold1": 0.391304347826087, "_timestamp": 1657554096, "_runtime": 214, "lsam_nll_fold1": 1.5236611366271973, "lsam_accuracy_fold2": 0.21739130434782608, "lsam_nll_fold2": 1.5569547414779663, "lsam_accuracy_fold3": 0.2554347826086957, "lsam_nll_fold3": 1.538530945777893, "lsam_accuracy_fold4": 0.25, "lsam_nll_fold4": 1.5241583585739136, "LSAM_nll": 1.535826325416565, "LSAM_accuracy": 0.2785326086956522, "LSAM_combo": 1.2572937167209126, "_step": 0, "_wandb": {"runtime": 215}}