{"gbm_accuracy_fold1": 0.616, "_timestamp": 1657519135, "_runtime": 6, "gbm_nll_fold1": 2.017838954925537, "gbm_accuracy_fold2": 0.584, "gbm_nll_fold2": 1.8171296119689941, "gbm_accuracy_fold3": 0.504, "gbm_nll_fold3": 1.6854112148284912, "gbm_accuracy_fold4": 0.408, "gbm_nll_fold4": 1.7201608419418335, "LightGBM_nll": 1.8101352453231812, "LightGBM_accuracy": 0.528, "_step": 0, "_wandb": {"runtime": 7}}