{"gbm_accuracy_fold1": 0.7851851851851852, "_timestamp": 1657536025, "_runtime": 6, "gbm_nll_fold1": 1.1245713233947754, "gbm_accuracy_fold2": 0.7851851851851852, "gbm_nll_fold2": 0.8983285427093506, "gbm_accuracy_fold3": 0.7925925925925926, "gbm_nll_fold3": 1.197498083114624, "gbm_accuracy_fold4": 0.7925925925925926, "gbm_nll_fold4": 1.0083545446395874, "LightGBM_nll": 1.0571881532669067, "LightGBM_accuracy": 0.788888888888889, "LightGBM_combo": 0.26829926437801777, "_step": 0, "_wandb": {"runtime": 6}}