{"lsam_accuracy_fold1": 0.9888888888888889, "_timestamp": 1657641057, "_runtime": 184, "lsam_nll_fold1": 0.05699911713600159, "lsam_accuracy_fold2": 0.9851851851851852, "lsam_nll_fold2": 0.06462652236223221, "lsam_accuracy_fold3": 0.9888888888888889, "lsam_nll_fold3": 0.04167824983596802, "lsam_accuracy_fold4": 0.9777777777777777, "lsam_nll_fold4": 0.05357518792152405, "LSAM_nll": 0.054219767451286316, "LSAM_accuracy": 0.9851851851851852, "LSAM_combo": -0.9309654177338988, "_step": 0, "_wandb": {"runtime": 186}}