{"gbm_accuracy_fold1": 0.657608695652174, "_timestamp": 1657562605, "_runtime": 5, "gbm_nll_fold1": 0.9822046160697937, "gbm_accuracy_fold2": 0.6793478260869565, "gbm_nll_fold2": 0.835667610168457, "gbm_accuracy_fold3": 0.6304347826086957, "gbm_nll_fold3": 1.0096282958984375, "gbm_accuracy_fold4": 0.6467391304347826, "gbm_nll_fold4": 0.8944422006607056, "LightGBM_nll": 0.930485725402832, "LightGBM_accuracy": 0.6535326086956522, "LightGBM_combo": 0.2769531167071798, "_step": 0, "_wandb": {"runtime": 6}}