{"gbm_accuracy_fold1": 0.7925925925925926, "_timestamp": 1657552575, "_runtime": 5, "gbm_nll_fold1": 1.4396430253982544, "gbm_accuracy_fold2": 0.7851851851851852, "gbm_nll_fold2": 0.9981940388679504, "gbm_accuracy_fold3": 0.7185185185185186, "gbm_nll_fold3": 1.1388040781021118, "gbm_accuracy_fold4": 0.8074074074074075, "gbm_nll_fold4": 0.9275960326194763, "LightGBM_nll": 1.1260592937469482, "LightGBM_accuracy": 0.775925925925926, "LightGBM_combo": 0.3501333678210222, "_step": 0, "_wandb": {"runtime": 6}}