{"lsam_accuracy_fold1": 0.9607635206786851, "_timestamp": 1657666868, "_runtime": 427, "lsam_nll_fold1": 0.2049572914838791, "lsam_accuracy_fold2": 0.968186638388123, "lsam_nll_fold2": 0.18175823986530304, "lsam_accuracy_fold3": 0.9766702014846236, "lsam_nll_fold3": 0.13957226276397705, "lsam_accuracy_fold4": 0.9692470837751855, "lsam_nll_fold4": 0.16918130218982697, "LSAM_nll": 0.17386727035045624, "LSAM_accuracy": 0.9687168610816543, "LSAM_combo": -0.7948495907311981, "_step": 0, "_wandb": {"runtime": 428}}