{"lsam_accuracy_fold1": 0.9888888888888889, "_timestamp": 1657632241, "_runtime": 353, "lsam_nll_fold1": 0.04461270570755005, "lsam_accuracy_fold2": 0.9851851851851852, "lsam_nll_fold2": 0.05763649940490723, "lsam_accuracy_fold3": 0.9814814814814815, "lsam_nll_fold3": 0.11776967346668243, "lsam_accuracy_fold4": 0.9740740740740741, "lsam_nll_fold4": 0.0968857929110527, "LSAM_nll": 0.07922616600990295, "LSAM_accuracy": 0.9824074074074074, "LSAM_combo": -0.9031812413975044, "_step": 0, "_wandb": {"runtime": 355}}