{"lsam_accuracy_fold1": 0.576, "_timestamp": 1657537927, "_runtime": 148, "lsam_nll_fold1": 1.3664740324020386, "lsam_accuracy_fold2": 0.52, "lsam_nll_fold2": 1.3891994953155518, "lsam_accuracy_fold3": 0.6, "lsam_nll_fold3": 1.362318754196167, "lsam_accuracy_fold4": 0.624, "lsam_nll_fold4": 1.3524004220962524, "LSAM_nll": 1.3675981760025024, "LSAM_accuracy": 0.5800000000000001, "LSAM_combo": 0.7875981760025024, "_step": 0, "_wandb": {"runtime": 149}}