{"gbm_accuracy_fold1": 0.528, "_timestamp": 1657608235, "_runtime": 7, "gbm_nll_fold1": 1.383600115776062, "gbm_accuracy_fold2": 0.56, "gbm_nll_fold2": 1.413438320159912, "gbm_accuracy_fold3": 0.64, "gbm_nll_fold3": 1.3398751020431519, "gbm_accuracy_fold4": 0.56, "gbm_nll_fold4": 1.3589485883712769, "LightGBM_nll": 1.3739656209945679, "LightGBM_accuracy": 0.5720000000000001, "LightGBM_combo": 0.8019656209945678, "_step": 0, "_wandb": {"runtime": 8}}