{"lsam_accuracy_fold1": 0.496, "_timestamp": 1657530443, "_runtime": 108, "lsam_nll_fold1": 1.3902664184570312, "lsam_accuracy_fold2": 0.48, "lsam_nll_fold2": 1.4033989906311035, "lsam_accuracy_fold3": 0.608, "lsam_nll_fold3": 1.3757716417312622, "lsam_accuracy_fold4": 0.376, "lsam_nll_fold4": 1.5108956098556519, "LSAM_nll": 1.4200831651687622, "LSAM_accuracy": 0.49, "_step": 0, "_wandb": {"runtime": 108}}