{"lsam_accuracy_fold1": 0.528, "_timestamp": 1657529775, "_runtime": 166, "lsam_nll_fold1": 1.3918077945709229, "lsam_accuracy_fold2": 0.504, "lsam_nll_fold2": 1.40426766872406, "lsam_accuracy_fold3": 0.56, "lsam_nll_fold3": 1.4002554416656494, "lsam_accuracy_fold4": 0.384, "lsam_nll_fold4": 1.3905638456344604, "LSAM_nll": 1.396723747253418, "LSAM_accuracy": 0.494, "_step": 0, "_wandb": {"runtime": 167}}