{"gbm_accuracy_fold1": 0.592, "_timestamp": 1657518612, "_runtime": 5, "gbm_nll_fold1": 1.4852112531661987, "gbm_accuracy_fold2": 0.592, "gbm_nll_fold2": 1.7188754081726074, "gbm_accuracy_fold3": 0.544, "gbm_nll_fold3": 1.6997625827789307, "gbm_accuracy_fold4": 0.528, "gbm_nll_fold4": 1.534928321838379, "LightGBM_nll": 1.609694480895996, "LightGBM_accuracy": 0.5640000000000001, "_step": 0, "_wandb": {"runtime": 6}}