{"lsam_accuracy_fold1": 0.5680000185966492, "_timestamp": 1657508477, "_runtime": 570, "lsam_nll_fold1": 1.3682786226272583, "lsam_accuracy_fold2": 0.48000001907348633, "lsam_nll_fold2": 1.3870683908462524, "lsam_accuracy_fold3": 0.5920000076293945, "lsam_nll_fold3": 1.3668930530548096, "lsam_accuracy_fold4": 0.6000000238418579, "lsam_nll_fold4": 1.364017367362976, "LSAM_nll": 1.3715643882751465, "LSAM_accuracy": 0.5600000619888306, "_step": 0, "_wandb": {"runtime": 571}}