{"lsam_accuracy_fold1": 0.576, "_timestamp": 1657540915, "_runtime": 151, "lsam_nll_fold1": 1.3629817962646484, "lsam_accuracy_fold2": 0.52, "lsam_nll_fold2": 1.384843349456787, "lsam_accuracy_fold3": 0.4, "lsam_nll_fold3": 1.3890889883041382, "lsam_accuracy_fold4": 0.376, "lsam_nll_fold4": 1.3986880779266357, "LSAM_nll": 1.3839006423950195, "LSAM_accuracy": 0.46799999999999997, "LSAM_combo": 0.9159006423950196, "_step": 0, "_wandb": {"runtime": 152}}