{"gbm_accuracy_fold1": 0.9840933191940615, "_timestamp": 1657588067, "_runtime": 6, "gbm_nll_fold1": 0.07304899394512177, "gbm_accuracy_fold2": 0.9862142099681867, "gbm_nll_fold2": 0.11224894225597382, "gbm_accuracy_fold3": 0.9872746553552492, "gbm_nll_fold3": 0.13164997100830078, "gbm_accuracy_fold4": 0.9872746553552492, "gbm_nll_fold4": 0.049599796533584595, "LightGBM_nll": 0.09163692593574524, "LightGBM_accuracy": 0.9862142099681868, "LightGBM_combo": -0.8945772840324415, "_step": 0, "_wandb": {"runtime": 7}}