{"gbm_accuracy_fold1": 0.56, "_timestamp": 1657535758, "_runtime": 5, "gbm_nll_fold1": 1.5128117799758911, "gbm_accuracy_fold2": 0.512, "gbm_nll_fold2": 1.4296005964279175, "gbm_accuracy_fold3": 0.544, "gbm_nll_fold3": 1.3710428476333618, "gbm_accuracy_fold4": 0.648, "gbm_nll_fold4": 1.3571608066558838, "LightGBM_nll": 1.417654037475586, "LightGBM_accuracy": 0.5660000000000001, "_step": 0, "_wandb": {"runtime": 6}}