{"lsam_accuracy_fold1": 0.12962962962962962, "_timestamp": 1657632812, "_runtime": 555, "lsam_nll_fold1": 2.117422103881836, "lsam_accuracy_fold2": 0.14814814814814814, "lsam_nll_fold2": 2.1112759113311768, "lsam_accuracy_fold3": 0.14444444444444443, "lsam_nll_fold3": 2.1140456199645996, "lsam_accuracy_fold4": 0.1037037037037037, "lsam_nll_fold4": 2.117074489593506, "LSAM_nll": 2.1149544715881348, "LSAM_accuracy": 0.13148148148148148, "LSAM_combo": 1.9834729901066532, "_step": 0, "_wandb": {"runtime": 555}}