{"lsam_accuracy_fold1": 0.6684782608695652, "_timestamp": 1657625205, "_runtime": 411, "lsam_nll_fold1": 0.7953000664710999, "lsam_accuracy_fold2": 0.6413043478260869, "lsam_nll_fold2": 0.8334870934486389, "lsam_accuracy_fold3": 0.6304347826086957, "lsam_nll_fold3": 0.9399926662445068, "lsam_accuracy_fold4": 0.6304347826086957, "lsam_nll_fold4": 0.7859636545181274, "LSAM_nll": 0.8386858701705933, "LSAM_accuracy": 0.6426630434782609, "LSAM_combo": 0.1960228266923324, "_step": 0, "_wandb": {"runtime": 413}}