{"gbm_accuracy_fold1": 0.9740740740740741, "_timestamp": 1657577402, "_runtime": 10, "gbm_nll_fold1": 0.06683050096035004, "gbm_accuracy_fold2": 0.9888888888888889, "gbm_nll_fold2": 0.04601879045367241, "gbm_accuracy_fold3": 0.9888888888888889, "gbm_nll_fold3": 0.05837462097406387, "gbm_accuracy_fold4": 0.9814814814814815, "gbm_nll_fold4": 0.0866614431142807, "LightGBM_nll": 0.06447133421897888, "LightGBM_accuracy": 0.9833333333333333, "LightGBM_combo": -0.9188619991143544, "_step": 0, "_wandb": {"runtime": 11}}