{"lsam_accuracy_fold1": 0.576, "_timestamp": 1657527305, "_runtime": 399, "lsam_nll_fold1": 1.3848145008087158, "lsam_accuracy_fold2": 0.52, "lsam_nll_fold2": 1.386023998260498, "lsam_accuracy_fold3": 0.4, "lsam_nll_fold3": 1.3884636163711548, "lsam_accuracy_fold4": 0.624, "lsam_nll_fold4": 1.3822728395462036, "LSAM_nll": 1.385393738746643, "LSAM_accuracy": 0.53, "_step": 0, "_wandb": {"runtime": 399}}