{"lsam_accuracy_fold1": 0.576, "_timestamp": 1657539638, "_runtime": 348, "lsam_nll_fold1": 1.3860054016113281, "lsam_accuracy_fold2": 0.52, "lsam_nll_fold2": 1.3862330913543701, "lsam_accuracy_fold3": 0.6, "lsam_nll_fold3": 1.3847377300262451, "lsam_accuracy_fold4": 0.376, "lsam_nll_fold4": 1.3956118822097778, "LSAM_nll": 1.388146996498108, "LSAM_accuracy": 0.518, "LSAM_combo": 0.8701469964981079, "_step": 0, "_wandb": {"runtime": 349}}