{"lsam_accuracy_fold1": 0.424, "_timestamp": 1657601409, "_runtime": 253, "lsam_nll_fold1": 1.3877488374710083, "lsam_accuracy_fold2": 0.48, "lsam_nll_fold2": 1.4334686994552612, "lsam_accuracy_fold3": 0.6, "lsam_nll_fold3": 1.3855907917022705, "lsam_accuracy_fold4": 0.376, "lsam_nll_fold4": 1.4077595472335815, "LSAM_nll": 1.403641939163208, "LSAM_accuracy": 0.47, "LSAM_combo": 0.933641939163208, "_step": 0, "_wandb": {"runtime": 254}}