{"lsam_accuracy_fold1": 0.9395546129374337, "_timestamp": 1657583877, "_runtime": 235, "lsam_nll_fold1": 1.3862584829330444, "lsam_accuracy_fold2": 0.06362672322375397, "lsam_nll_fold2": 1.4077308177947998, "lsam_accuracy_fold3": 0.9353128313891834, "lsam_nll_fold3": 0.6803033351898193, "lsam_accuracy_fold4": 0.9480381760339343, "lsam_nll_fold4": 1.3834640979766846, "LSAM_nll": 1.2144391536712646, "LSAM_accuracy": 0.7216330858960763, "LSAM_combo": 0.4928060677751883, "_step": 0, "_wandb": {"runtime": 236}}