{"gbm_accuracy_fold1": 0.6467391304347826, "_timestamp": 1657563230, "_runtime": 6, "gbm_nll_fold1": 1.0309587717056274, "gbm_accuracy_fold2": 0.657608695652174, "gbm_nll_fold2": 0.8780968189239502, "gbm_accuracy_fold3": 0.6141304347826086, "gbm_nll_fold3": 1.0421984195709229, "gbm_accuracy_fold4": 0.6630434782608695, "gbm_nll_fold4": 0.9184550046920776, "LightGBM_nll": 0.9674272537231445, "LightGBM_accuracy": 0.6453804347826086, "LightGBM_combo": 0.3220468189405359, "_step": 0, "_wandb": {"runtime": 7}}