{"lsam_accuracy_fold1": 0.15555555555555556, "_timestamp": 1657565241, "_runtime": 343, "lsam_nll_fold1": 2.1182382106781006, "lsam_accuracy_fold2": 0.4666666666666667, "lsam_nll_fold2": 1.1527230739593506, "lsam_accuracy_fold3": 0.37037037037037035, "lsam_nll_fold3": 1.2576935291290283, "lsam_accuracy_fold4": 0.5037037037037037, "lsam_nll_fold4": 1.1717326641082764, "LSAM_nll": 1.4250969886779785, "LSAM_accuracy": 0.37407407407407406, "LSAM_combo": 1.0510229146039045, "_step": 0, "_wandb": {"runtime": 343}}