{"lsam_accuracy_fold1": 0.6370370370370371, "_timestamp": 1657544994, "_runtime": 373, "lsam_nll_fold1": 1.2975553274154663, "lsam_accuracy_fold2": 0.674074074074074, "lsam_nll_fold2": 1.2293635606765747, "lsam_accuracy_fold3": 0.6814814814814815, "lsam_nll_fold3": 1.1695064306259155, "lsam_accuracy_fold4": 0.7037037037037037, "lsam_nll_fold4": 1.2056267261505127, "LSAM_nll": 1.225512981414795, "LSAM_accuracy": 0.674074074074074, "LSAM_combo": 0.5514389073407209, "_step": 0, "_wandb": {"runtime": 373}}