{"lsam_accuracy_fold1": 0.12962962962962962, "_timestamp": 1657566896, "_runtime": 594, "lsam_nll_fold1": 2.1175315380096436, "lsam_accuracy_fold2": 0.11481481481481481, "lsam_nll_fold2": 2.1189095973968506, "lsam_accuracy_fold3": 0.17777777777777778, "lsam_nll_fold3": 2.118069887161255, "lsam_accuracy_fold4": 0.1037037037037037, "lsam_nll_fold4": 2.111617088317871, "LSAM_nll": 2.11653208732605, "LSAM_accuracy": 0.13148148148148148, "LSAM_combo": 1.9850506058445683, "_step": 0, "_wandb": {"runtime": 595}}