{"lsam_accuracy_fold1": 0.5185185185185185, "_timestamp": 1657608625, "_runtime": 251, "lsam_nll_fold1": 1.3853845596313477, "lsam_accuracy_fold2": 0.6074074074074074, "lsam_nll_fold2": 1.38164484500885, "lsam_accuracy_fold3": 0.5703703703703704, "lsam_nll_fold3": 1.3820339441299438, "lsam_accuracy_fold4": 0.3851851851851852, "lsam_nll_fold4": 1.38650643825531, "LSAM_nll": 1.3838924169540405, "LSAM_accuracy": 0.5203703703703704, "LSAM_combo": 0.8635220465836702, "_step": 0, "_wandb": {"runtime": 252}}