{"gbm_accuracy_fold1": 0.52, "_timestamp": 1657535715, "_runtime": 5, "gbm_nll_fold1": 1.371306300163269, "gbm_accuracy_fold2": 0.584, "gbm_nll_fold2": 1.370049238204956, "gbm_accuracy_fold3": 0.536, "gbm_nll_fold3": 1.3971590995788574, "gbm_accuracy_fold4": 0.6, "gbm_nll_fold4": 1.372039794921875, "LightGBM_nll": 1.377638578414917, "LightGBM_accuracy": 0.56, "_step": 0, "_wandb": {"runtime": 6}}