{"gbm_accuracy_fold1": 0.8222222222222222, "_timestamp": 1657619358, "_runtime": 7, "gbm_nll_fold1": 0.7782152891159058, "gbm_accuracy_fold2": 0.8296296296296296, "gbm_nll_fold2": 0.8547378778457642, "gbm_accuracy_fold3": 0.8148148148148148, "gbm_nll_fold3": 0.8806222081184387, "gbm_accuracy_fold4": 0.8444444444444444, "gbm_nll_fold4": 0.8257409930229187, "LightGBM_nll": 0.8348290920257568, "LightGBM_accuracy": 0.8277777777777778, "LightGBM_combo": 0.007051314247979001, "_step": 0, "_wandb": {"runtime": 8}}