{"lsam_accuracy_fold1": 0.48148148148148145, "_timestamp": 1657549399, "_runtime": 233, "lsam_nll_fold1": 1.3944844007492065, "lsam_accuracy_fold2": 0.6074074074074074, "lsam_nll_fold2": 1.3856180906295776, "lsam_accuracy_fold3": 0.674074074074074, "lsam_nll_fold3": 1.1932388544082642, "lsam_accuracy_fold4": 0.3851851851851852, "lsam_nll_fold4": 1.3881309032440186, "LSAM_nll": 1.3403680324554443, "LSAM_accuracy": 0.537037037037037, "LSAM_combo": 0.8033309954184074, "_step": 0, "_wandb": {"runtime": 234}}