{"gbm_accuracy_fold1": 0.576, "_timestamp": 1657535693, "_runtime": 5, "gbm_nll_fold1": 1.3523483276367188, "gbm_accuracy_fold2": 0.568, "gbm_nll_fold2": 1.4844921827316284, "gbm_accuracy_fold3": 0.584, "gbm_nll_fold3": 1.4065591096878052, "gbm_accuracy_fold4": 0.624, "gbm_nll_fold4": 1.3632895946502686, "LightGBM_nll": 1.40167236328125, "LightGBM_accuracy": 0.588, "_step": 0, "_wandb": {"runtime": 6}}