{"lsam_accuracy_fold1": 0.576, "_timestamp": 1657522573, "_runtime": 175, "lsam_nll_fold1": 15.620738983154297, "lsam_accuracy_fold2": 0.48, "lsam_nll_fold2": 19.157508850097656, "lsam_accuracy_fold3": 0.4, "lsam_nll_fold3": 1.392767310142517, "lsam_accuracy_fold4": 0.376, "lsam_nll_fold4": 22.989011764526367, "LSAM_nll": 14.790006637573242, "LSAM_accuracy": 0.45799999999999996, "_step": 0, "_wandb": {"runtime": 176}}