{"lsam_accuracy_fold1": 0.41304347826086957, "_timestamp": 1657554557, "_runtime": 446, "lsam_nll_fold1": 1.299013614654541, "lsam_accuracy_fold2": 0.3532608695652174, "lsam_nll_fold2": 1.6647677421569824, "lsam_accuracy_fold3": 0.41847826086956524, "lsam_nll_fold3": 1.3026142120361328, "lsam_accuracy_fold4": 0.23369565217391305, "lsam_nll_fold4": 1.5129680633544922, "LSAM_nll": 1.444840908050537, "LSAM_accuracy": 0.3546195652173913, "LSAM_combo": 1.0902213428331458, "_step": 0, "_wandb": {"runtime": 447}}