{"lsam_accuracy_fold1": 0.9962962962962963, "_timestamp": 1657638457, "_runtime": 298, "lsam_nll_fold1": 0.036085840314626694, "lsam_accuracy_fold2": 0.9925925925925926, "lsam_nll_fold2": 0.07244785130023956, "lsam_accuracy_fold3": 0.9925925925925926, "lsam_nll_fold3": 0.0805857852101326, "lsam_accuracy_fold4": 0.9962962962962963, "lsam_nll_fold4": 0.02134924940764904, "LSAM_nll": 0.052617184817790985, "LSAM_accuracy": 0.9944444444444445, "LSAM_combo": -0.9418272596266535, "_step": 0, "_wandb": {"runtime": 299}}