{"lsam_accuracy_fold1": 0.424, "_timestamp": 1657539946, "_runtime": 292, "lsam_nll_fold1": 1.3870623111724854, "lsam_accuracy_fold2": 0.48, "lsam_nll_fold2": 1.3877842426300049, "lsam_accuracy_fold3": 0.4, "lsam_nll_fold3": 1.3864961862564087, "lsam_accuracy_fold4": 0.376, "lsam_nll_fold4": 1.4141219854354858, "LSAM_nll": 1.3938661813735962, "LSAM_accuracy": 0.41999999999999993, "LSAM_combo": 0.9738661813735963, "_step": 0, "_wandb": {"runtime": 292}}