{"gbm_accuracy_fold1": 0.9925925925925926, "_timestamp": 1657644009, "_runtime": 9, "gbm_nll_fold1": 0.04129423201084137, "gbm_accuracy_fold2": 0.9703703703703703, "gbm_nll_fold2": 0.09240531921386719, "gbm_accuracy_fold3": 0.9777777777777777, "gbm_nll_fold3": 0.07772672176361084, "gbm_accuracy_fold4": 0.9592592592592593, "gbm_nll_fold4": 0.12115907669067383, "LightGBM_nll": 0.08314633369445801, "LightGBM_accuracy": 0.975, "LightGBM_combo": -0.891853666305542, "_step": 0, "_wandb": {"runtime": 10}}