{"gbm_accuracy_fold1": 0.56, "_timestamp": 1657542395, "_runtime": 5, "gbm_nll_fold1": 1.5476616621017456, "gbm_accuracy_fold2": 0.576, "gbm_nll_fold2": 1.4730013608932495, "gbm_accuracy_fold3": 0.576, "gbm_nll_fold3": 1.6813125610351562, "gbm_accuracy_fold4": 0.616, "gbm_nll_fold4": 1.4153602123260498, "LightGBM_nll": 1.5293340682983398, "LightGBM_accuracy": 0.5820000000000001, "LightGBM_combo": 0.9473340682983398, "_step": 0, "_wandb": {"runtime": 6}}