{"gbm_accuracy_fold1": 0.7481481481481481, "_timestamp": 1657553053, "_runtime": 5, "gbm_nll_fold1": 0.9151145219802856, "gbm_accuracy_fold2": 0.7481481481481481, "gbm_nll_fold2": 0.9053497910499573, "gbm_accuracy_fold3": 0.7925925925925926, "gbm_nll_fold3": 0.9181036949157715, "gbm_accuracy_fold4": 0.7925925925925926, "gbm_nll_fold4": 0.8767155408859253, "LightGBM_nll": 0.9038208723068237, "LightGBM_accuracy": 0.7703703703703704, "LightGBM_combo": 0.13345050193645336, "_step": 0, "_wandb": {"runtime": 6}}