{"gbm_accuracy_fold1": 0.544, "_timestamp": 1657518678, "_runtime": 5, "gbm_nll_fold1": 1.379825234413147, "gbm_accuracy_fold2": 0.552, "gbm_nll_fold2": 1.3695093393325806, "gbm_accuracy_fold3": 0.6, "gbm_nll_fold3": 1.364090919494629, "gbm_accuracy_fold4": 0.536, "gbm_nll_fold4": 1.6221089363098145, "LightGBM_nll": 1.433883547782898, "LightGBM_accuracy": 0.558, "_step": 0, "_wandb": {"runtime": 7}}