{"lsam_accuracy_fold1": 0.5699999928474426, "_timestamp": 1657436894, "_runtime": 251, "lsam_nll_fold1": 1.3769959211349487, "gbm_accuracy_fold1": 0.55, "gbm_nll_fold1": 1.3769959211349487, "lsam_accuracy_fold2": 0.5099999904632568, "lsam_nll_fold2": 1.3855195045471191, "gbm_accuracy_fold2": 0.5, "gbm_nll_fold2": 1.3855195045471191, "lsam_accuracy_fold3": 0.41999998688697815, "lsam_nll_fold3": 1.393710732460022, "gbm_accuracy_fold3": 0.45, "gbm_nll_fold3": 1.393710732460022, "_step": 0, "_wandb": {"runtime": 280}}