{"gbm_accuracy_fold1": 0.9962962962962963, "_timestamp": 1657643913, "_runtime": 6, "gbm_nll_fold1": 0.022694990038871765, "gbm_accuracy_fold2": 0.9814814814814815, "gbm_nll_fold2": 0.06979834288358688, "gbm_accuracy_fold3": 0.9888888888888889, "gbm_nll_fold3": 0.026695678010582924, "gbm_accuracy_fold4": 0.9629629629629629, "gbm_nll_fold4": 0.09278028458356857, "LightGBM_nll": 0.0529923215508461, "LightGBM_accuracy": 0.9824074074074074, "LightGBM_combo": -0.9294150858565613, "_step": 0, "_wandb": {"runtime": 7}}