{"lsam_accuracy_fold1": 0.14673913043478262, "_timestamp": 1657619623, "_runtime": 177, "lsam_nll_fold1": 1.6742842197418213, "lsam_accuracy_fold2": 0.1358695652173913, "lsam_nll_fold2": 1.6993857622146606, "lsam_accuracy_fold3": 0.30434782608695654, "lsam_nll_fold3": 1.6689612865447998, "lsam_accuracy_fold4": 0.2717391304347826, "lsam_nll_fold4": 1.660392165184021, "LSAM_nll": 1.6757558584213257, "LSAM_accuracy": 0.21467391304347827, "LSAM_combo": 1.4610819453778474, "_step": 0, "_wandb": {"runtime": 178}}