{"lsam_accuracy_fold1": 0.424, "_timestamp": 1657528902, "_runtime": 134, "lsam_nll_fold1": 1.4344167709350586, "lsam_accuracy_fold2": 0.48, "lsam_nll_fold2": 1.393120288848877, "lsam_accuracy_fold3": 0.608, "lsam_nll_fold3": 1.383020281791687, "lsam_accuracy_fold4": 0.376, "lsam_nll_fold4": 1.4118225574493408, "LSAM_nll": 1.405595064163208, "LSAM_accuracy": 0.472, "_step": 0, "_wandb": {"runtime": 135}}