{"gbm_accuracy_fold1": 0.576, "_timestamp": 1657518939, "_runtime": 5, "gbm_nll_fold1": 1.424019694328308, "gbm_accuracy_fold2": 0.544, "gbm_nll_fold2": 1.720253348350525, "gbm_accuracy_fold3": 0.568, "gbm_nll_fold3": 1.4316511154174805, "gbm_accuracy_fold4": 0.504, "gbm_nll_fold4": 1.450630784034729, "LightGBM_nll": 1.5066386461257935, "LightGBM_accuracy": 0.548, "_step": 0, "_wandb": {"runtime": 7}}