{"gbm_accuracy_fold1": 0.7925925925925926, "_timestamp": 1657552598, "_runtime": 6, "gbm_nll_fold1": 0.9109775424003601, "gbm_accuracy_fold2": 0.7703703703703704, "gbm_nll_fold2": 0.9134410619735718, "gbm_accuracy_fold3": 0.8, "gbm_nll_fold3": 0.855347216129303, "gbm_accuracy_fold4": 0.8074074074074075, "gbm_nll_fold4": 0.8451671004295349, "LightGBM_nll": 0.8812332153320312, "LightGBM_accuracy": 0.7925925925925926, "LightGBM_combo": 0.08864062273943862, "_step": 0, "_wandb": {"runtime": 7}}