{"gbm_accuracy_fold1": 0.7703703703703704, "_timestamp": 1657552774, "_runtime": 5, "gbm_nll_fold1": 0.9512977600097656, "gbm_accuracy_fold2": 0.7925925925925926, "gbm_nll_fold2": 0.8230528235435486, "gbm_accuracy_fold3": 0.7703703703703704, "gbm_nll_fold3": 1.0201520919799805, "gbm_accuracy_fold4": 0.7851851851851852, "gbm_nll_fold4": 0.9377096891403198, "LightGBM_nll": 0.9330531358718872, "LightGBM_accuracy": 0.7796296296296296, "LightGBM_combo": 0.15342350624225765, "_step": 0, "_wandb": {"runtime": 6}}