{"lsam_accuracy_fold1": 0.625, "_timestamp": 1657562305, "_runtime": 182, "lsam_nll_fold1": 0.8121528029441833, "lsam_accuracy_fold2": 0.6467391304347826, "lsam_nll_fold2": 0.8289415836334229, "lsam_accuracy_fold3": 0.6467391304347826, "lsam_nll_fold3": 0.9262713193893433, "lsam_accuracy_fold4": 0.6304347826086957, "lsam_nll_fold4": 0.7945996522903442, "LSAM_nll": 0.8404912948608398, "LSAM_accuracy": 0.6372282608695653, "LSAM_combo": 0.20326303399127454, "_step": 0, "_wandb": {"runtime": 183}}