{"gbm_accuracy_fold1": 0.9819724284199364, "_timestamp": 1657588353, "_runtime": 7, "gbm_nll_fold1": 0.08950747549533844, "gbm_accuracy_fold2": 0.9830328738069989, "gbm_nll_fold2": 0.07847163826227188, "gbm_accuracy_fold3": 0.985153764581124, "gbm_nll_fold3": 0.0895061269402504, "gbm_accuracy_fold4": 0.9809119830328739, "gbm_nll_fold4": 0.10224586725234985, "LightGBM_nll": 0.08993277698755264, "LightGBM_accuracy": 0.9827677624602333, "LightGBM_combo": -0.8928349854726807, "_step": 0, "_wandb": {"runtime": 7}}