{"lsam_accuracy_fold1": 0.8037037037037037, "_timestamp": 1657569628, "_runtime": 554, "lsam_nll_fold1": 0.5744463205337524, "lsam_accuracy_fold2": 0.8, "lsam_nll_fold2": 0.611380398273468, "lsam_accuracy_fold3": 0.8666666666666667, "lsam_nll_fold3": 0.4924566149711609, "lsam_accuracy_fold4": 0.8333333333333334, "lsam_nll_fold4": 0.5847084522247314, "LSAM_nll": 0.5657479763031006, "LSAM_accuracy": 0.825925925925926, "LSAM_combo": -0.26017794962282537, "_step": 0, "_wandb": {"runtime": 555}}