{"gbm_accuracy_fold1": 0.9592592592592593, "_timestamp": 1657643512, "_runtime": 16, "gbm_nll_fold1": 0.17385853826999664, "gbm_accuracy_fold2": 0.9703703703703703, "gbm_nll_fold2": 0.1497591882944107, "gbm_accuracy_fold3": 0.9703703703703703, "gbm_nll_fold3": 0.12030737102031708, "gbm_accuracy_fold4": 0.9555555555555556, "gbm_nll_fold4": 0.1820702701807022, "LightGBM_nll": 0.15649883449077606, "LightGBM_accuracy": 0.9638888888888889, "LightGBM_combo": -0.8073900543981128, "_step": 0, "_wandb": {"runtime": 17}}