{"lsam_accuracy_fold1": 0.391304347826087, "_timestamp": 1657556180, "_runtime": 349, "lsam_nll_fold1": 1.5481889247894287, "lsam_accuracy_fold2": 0.32065217391304346, "lsam_nll_fold2": 1.3539865016937256, "lsam_accuracy_fold3": 0.5271739130434783, "lsam_nll_fold3": 1.022218108177185, "lsam_accuracy_fold4": 0.25, "lsam_nll_fold4": 1.5037782192230225, "LSAM_nll": 1.3570430278778076, "LSAM_accuracy": 0.37228260869565216, "LSAM_combo": 0.9847604191821555, "_step": 0, "_wandb": {"runtime": 350}}