{"lsam_accuracy_fold1": 0.27717391304347827, "_timestamp": 1657620823, "_runtime": 347, "lsam_nll_fold1": 1.6654369831085205, "lsam_accuracy_fold2": 0.1358695652173913, "lsam_nll_fold2": 1.6937040090560913, "lsam_accuracy_fold3": 0.15217391304347827, "lsam_nll_fold3": 1.6874313354492188, "lsam_accuracy_fold4": 0.1793478260869565, "lsam_nll_fold4": 1.684679627418518, "LSAM_nll": 1.6828129291534424, "LSAM_accuracy": 0.1861413043478261, "LSAM_combo": 1.4966716248056162, "_step": 0, "_wandb": {"runtime": 348}}