{"gbm_accuracy_fold1": 0.552, "_timestamp": 1657607998, "_runtime": 5, "gbm_nll_fold1": 1.3856624364852905, "gbm_accuracy_fold2": 0.512, "gbm_nll_fold2": 1.3861732482910156, "gbm_accuracy_fold3": 0.584, "gbm_nll_fold3": 1.3858178853988647, "gbm_accuracy_fold4": 0.52, "gbm_nll_fold4": 1.3863025903701782, "LightGBM_nll": 1.3859890699386597, "LightGBM_accuracy": 0.542, "LightGBM_combo": 0.8439890699386596, "_step": 0, "_wandb": {"runtime": 7}}