{"lsam_accuracy_fold1": 0.13043478260869565, "_timestamp": 1657619945, "_runtime": 303, "lsam_nll_fold1": 1.67560875415802, "lsam_accuracy_fold2": 0.15217391304347827, "lsam_nll_fold2": 1.6929084062576294, "lsam_accuracy_fold3": 0.15217391304347827, "lsam_nll_fold3": 1.6909395456314087, "lsam_accuracy_fold4": 0.2717391304347826, "lsam_nll_fold4": 1.6780271530151367, "LSAM_nll": 1.684370994567871, "LSAM_accuracy": 0.1766304347826087, "LSAM_combo": 1.5077405597852624, "_step": 0, "_wandb": {"runtime": 303}}