{"lsam_accuracy_fold1": 0.48148148148148145, "_timestamp": 1657612203, "_runtime": 180, "lsam_nll_fold1": 1.3844479322433472, "lsam_accuracy_fold2": 0.674074074074074, "lsam_nll_fold2": 1.2471258640289307, "lsam_accuracy_fold3": 0.6814814814814815, "lsam_nll_fold3": 1.1649359464645386, "lsam_accuracy_fold4": 0.725925925925926, "lsam_nll_fold4": 1.2387744188308716, "LSAM_nll": 1.2588210105895996, "LSAM_accuracy": 0.6407407407407407, "LSAM_combo": 0.6180802698488589, "_step": 0, "_wandb": {"runtime": 181}}