{"lsam_accuracy_fold1": 0.584, "_timestamp": 1657529014, "_runtime": 94, "lsam_nll_fold1": 1.3600118160247803, "lsam_accuracy_fold2": 0.56, "lsam_nll_fold2": 1.3825669288635254, "lsam_accuracy_fold3": 0.592, "lsam_nll_fold3": 1.3883934020996094, "lsam_accuracy_fold4": 0.48, "lsam_nll_fold4": 1.4016501903533936, "LSAM_nll": 1.3831555843353271, "LSAM_accuracy": 0.554, "_step": 0, "_wandb": {"runtime": 94}}