{"gbm_accuracy_fold1": 0.552, "_timestamp": 1657542840, "_runtime": 5, "gbm_nll_fold1": 1.3790150880813599, "gbm_accuracy_fold2": 0.488, "gbm_nll_fold2": 1.8681585788726807, "gbm_accuracy_fold3": 0.496, "gbm_nll_fold3": 1.3992143869400024, "gbm_accuracy_fold4": 0.608, "gbm_nll_fold4": 1.4275676012039185, "LightGBM_nll": 1.518488883972168, "LightGBM_accuracy": 0.536, "LightGBM_combo": 0.9824888839721679, "_step": 0, "_wandb": {"runtime": 6}}