{"lsam_accuracy_fold1": 0.9650053022269353, "_timestamp": 1657657150, "_runtime": 372, "lsam_nll_fold1": 0.19055584073066711, "lsam_accuracy_fold2": 0.9787910922587487, "lsam_nll_fold2": 0.130226269364357, "lsam_accuracy_fold3": 0.9809119830328739, "lsam_nll_fold3": 0.11410458385944366, "lsam_accuracy_fold4": 0.9703075291622482, "lsam_nll_fold4": 0.16440731287002563, "LSAM_nll": 0.14982350170612335, "LSAM_accuracy": 0.9737539766702015, "LSAM_combo": -0.8239304749640781, "_step": 0, "_wandb": {"runtime": 373}}