{"gbm_accuracy_fold1": 0.584, "_timestamp": 1657608191, "_runtime": 7, "gbm_nll_fold1": 1.3633874654769897, "gbm_accuracy_fold2": 0.56, "gbm_nll_fold2": 1.3658883571624756, "gbm_accuracy_fold3": 0.616, "gbm_nll_fold3": 1.3567664623260498, "gbm_accuracy_fold4": 0.568, "gbm_nll_fold4": 1.386172890663147, "LightGBM_nll": 1.3680537939071655, "LightGBM_accuracy": 0.5820000000000001, "LightGBM_combo": 0.7860537939071655, "_step": 0, "_wandb": {"runtime": 8}}