{"gbm_accuracy_fold1": 0.536, "_timestamp": 1657597690, "_runtime": 6, "gbm_nll_fold1": 1.3842055797576904, "gbm_accuracy_fold2": 0.56, "gbm_nll_fold2": 1.3847965002059937, "gbm_accuracy_fold3": 0.56, "gbm_nll_fold3": 1.3842228651046753, "gbm_accuracy_fold4": 0.576, "gbm_nll_fold4": 1.383310079574585, "LightGBM_nll": 1.3841338157653809, "LightGBM_accuracy": 0.558, "LightGBM_combo": 0.8261338157653808, "_step": 0, "_wandb": {"runtime": 7}}