{"gbm_accuracy_fold1": 0.6630434782608695, "_timestamp": 1657562876, "_runtime": 5, "gbm_nll_fold1": 0.8897206783294678, "gbm_accuracy_fold2": 0.6684782608695652, "gbm_nll_fold2": 0.8752472996711731, "gbm_accuracy_fold3": 0.5978260869565217, "gbm_nll_fold3": 1.0167129039764404, "gbm_accuracy_fold4": 0.6195652173913043, "gbm_nll_fold4": 1.020585298538208, "LightGBM_nll": 0.9505665302276611, "LightGBM_accuracy": 0.6372282608695652, "LightGBM_combo": 0.31333826935809594, "_step": 0, "_wandb": {"runtime": 6}}