{"lsam_accuracy_fold1": 0.975609756097561, "_timestamp": 1657661062, "_runtime": 757, "lsam_nll_fold1": 0.14637121558189392, "lsam_accuracy_fold2": 0.975609756097561, "lsam_nll_fold2": 0.1531698852777481, "lsam_accuracy_fold3": 0.9798515376458112, "lsam_nll_fold3": 0.13648661971092224, "lsam_accuracy_fold4": 0.9618239660657476, "lsam_nll_fold4": 0.2013762891292572, "LSAM_nll": 0.15935100615024567, "LSAM_accuracy": 0.9732237539766703, "LSAM_combo": -0.8138727478264246, "_step": 0, "_wandb": {"runtime": 758}}