{"lsam_accuracy_fold1": 0.5054347826086957, "_timestamp": 1657559979, "_runtime": 291, "lsam_nll_fold1": 0.9276610016822815, "lsam_accuracy_fold2": 0.4945652173913043, "lsam_nll_fold2": 1.0871994495391846, "lsam_accuracy_fold3": 0.14130434782608695, "lsam_nll_fold3": 1.7168450355529785, "lsam_accuracy_fold4": 0.4891304347826087, "lsam_nll_fold4": 1.008927345275879, "LSAM_nll": 1.1851582527160645, "LSAM_accuracy": 0.4076086956521739, "LSAM_combo": 0.7775495570638906, "_step": 0, "_wandb": {"runtime": 292}}