{"lsam_accuracy_fold1": 0.48148148148148145, "_timestamp": 1657546701, "_runtime": 476, "lsam_nll_fold1": 1.3865044116973877, "lsam_accuracy_fold2": 0.674074074074074, "lsam_nll_fold2": 1.2344489097595215, "lsam_accuracy_fold3": 0.5703703703703704, "lsam_nll_fold3": 1.3835728168487549, "lsam_accuracy_fold4": 0.725925925925926, "lsam_nll_fold4": 1.2008147239685059, "LSAM_nll": 1.3013352155685425, "LSAM_accuracy": 0.6129629629629629, "LSAM_combo": 0.6883722526055795, "_step": 0, "_wandb": {"runtime": 477}}