{"gbm_accuracy_fold1": 0.7555555555555555, "_timestamp": 1657552932, "_runtime": 5, "gbm_nll_fold1": 0.9663208723068237, "gbm_accuracy_fold2": 0.7555555555555555, "gbm_nll_fold2": 0.9822801351547241, "gbm_accuracy_fold3": 0.7703703703703704, "gbm_nll_fold3": 0.8462876677513123, "gbm_accuracy_fold4": 0.7703703703703704, "gbm_nll_fold4": 0.9116933941841125, "LightGBM_nll": 0.9266455173492432, "LightGBM_accuracy": 0.7629629629629631, "LightGBM_combo": 0.1636825543862801, "_step": 0, "_wandb": {"runtime": 6}}