{"lsam_accuracy_fold1": 0.528, "_timestamp": 1657604974, "_runtime": 302, "lsam_nll_fold1": 1.4387470483779907, "lsam_accuracy_fold2": 0.512, "lsam_nll_fold2": 1.4223713874816895, "lsam_accuracy_fold3": 0.576, "lsam_nll_fold3": 1.3788543939590454, "lsam_accuracy_fold4": 0.6, "lsam_nll_fold4": 1.4035651683807373, "LSAM_nll": 1.4108843803405762, "LSAM_accuracy": 0.554, "LSAM_combo": 0.8568843803405761, "_step": 0, "_wandb": {"runtime": 304}}