{"lsam_accuracy_fold1": 0.060445387062566275, "_timestamp": 1657581660, "_runtime": 1089, "lsam_nll_fold1": 1.3864741325378418, "lsam_accuracy_fold2": 0.936373276776246, "lsam_nll_fold2": 1.3839049339294434, "lsam_accuracy_fold3": 0.0689289501590668, "lsam_nll_fold3": 1.3962626457214355, "lsam_accuracy_fold4": 0.051961823966065745, "lsam_nll_fold4": 1.4029120206832886, "LSAM_nll": 1.3923884630203247, "LSAM_accuracy": 0.27942735949098624, "LSAM_combo": 1.1129611035293385, "_step": 0, "_wandb": {"runtime": 1090}}