{"gbm_accuracy_fold1": 0.544, "_timestamp": 1657518788, "_runtime": 6, "gbm_nll_fold1": 1.4632195234298706, "gbm_accuracy_fold2": 0.576, "gbm_nll_fold2": 1.6106300354003906, "gbm_accuracy_fold3": 0.552, "gbm_nll_fold3": 1.3390648365020752, "gbm_accuracy_fold4": 0.592, "gbm_nll_fold4": 1.4110430479049683, "LightGBM_nll": 1.4559893608093262, "LightGBM_accuracy": 0.5660000000000001, "_step": 0, "_wandb": {"runtime": 7}}