{"gbm_accuracy_fold1": 0.552, "_timestamp": 1657542493, "_runtime": 5, "gbm_nll_fold1": 1.454219937324524, "gbm_accuracy_fold2": 0.536, "gbm_nll_fold2": 1.5847917795181274, "gbm_accuracy_fold3": 0.576, "gbm_nll_fold3": 1.4853298664093018, "gbm_accuracy_fold4": 0.584, "gbm_nll_fold4": 1.4986474514007568, "LightGBM_nll": 1.5057473182678223, "LightGBM_accuracy": 0.562, "LightGBM_combo": 0.9437473182678222, "_step": 0, "_wandb": {"runtime": 6}}