{"gbm_accuracy_fold1": 0.488, "_timestamp": 1657518983, "_runtime": 5, "gbm_nll_fold1": 1.4338574409484863, "gbm_accuracy_fold2": 0.504, "gbm_nll_fold2": 1.8881456851959229, "gbm_accuracy_fold3": 0.608, "gbm_nll_fold3": 1.357470989227295, "gbm_accuracy_fold4": 0.544, "gbm_nll_fold4": 1.4953728914260864, "LightGBM_nll": 1.5437116622924805, "LightGBM_accuracy": 0.536, "_step": 0, "_wandb": {"runtime": 6}}