{"lsam_accuracy_fold1": 0.6195652173913043, "_timestamp": 1657629930, "_runtime": 398, "lsam_nll_fold1": 1.0693086385726929, "lsam_accuracy_fold2": 0.6358695652173914, "lsam_nll_fold2": 0.9590162634849548, "lsam_accuracy_fold3": 0.6521739130434783, "lsam_nll_fold3": 1.0554977655410767, "lsam_accuracy_fold4": 0.6086956521739131, "lsam_nll_fold4": 0.9157205820083618, "LSAM_nll": 0.9998857975006104, "LSAM_accuracy": 0.6290760869565217, "LSAM_combo": 0.3708097105440886, "_step": 0, "_wandb": {"runtime": 399}}