{"gbm_accuracy_fold1": 0.9814814814814815, "_timestamp": 1657577235, "_runtime": 7, "gbm_nll_fold1": 0.05693495646119118, "gbm_accuracy_fold2": 0.9888888888888889, "gbm_nll_fold2": 0.041423361748456955, "gbm_accuracy_fold3": 0.9814814814814815, "gbm_nll_fold3": 0.06475542485713959, "gbm_accuracy_fold4": 0.9555555555555556, "gbm_nll_fold4": 0.0894058346748352, "LightGBM_nll": 0.06312989443540573, "LightGBM_accuracy": 0.9768518518518519, "LightGBM_combo": -0.9137219574164461, "_step": 0, "_wandb": {"runtime": 7}}