{"gbm_accuracy_fold1": 0.7777777777777778, "_timestamp": 1657618885, "_runtime": 5, "gbm_nll_fold1": 0.9763534069061279, "gbm_accuracy_fold2": 0.7925925925925926, "gbm_nll_fold2": 0.8291366100311279, "gbm_accuracy_fold3": 0.7555555555555555, "gbm_nll_fold3": 0.9668583273887634, "gbm_accuracy_fold4": 0.7925925925925926, "gbm_nll_fold4": 0.8634558320045471, "LightGBM_nll": 0.9089510440826416, "LightGBM_accuracy": 0.7796296296296297, "LightGBM_combo": 0.12932141445301193, "_step": 0, "_wandb": {"runtime": 6}}