{"lsam_accuracy_fold1": 0.9666666666666667, "_timestamp": 1657564878, "_runtime": 402, "lsam_nll_fold1": 0.14514653384685516, "lsam_accuracy_fold2": 0.9666666666666667, "lsam_nll_fold2": 0.15027210116386414, "lsam_accuracy_fold3": 0.9592592592592593, "lsam_nll_fold3": 0.18883973360061646, "lsam_accuracy_fold4": 0.9407407407407408, "lsam_nll_fold4": 0.22068051993846893, "LSAM_nll": 0.17623472213745117, "LSAM_accuracy": 0.9583333333333333, "LSAM_combo": -0.7820986111958821, "_step": 0, "_wandb": {"runtime": 403}}