{"lsam_accuracy_fold1": 0.7481481481481481, "_timestamp": 1657550437, "_runtime": 265, "lsam_nll_fold1": 1.6678235530853271, "lsam_accuracy_fold2": 0.8222222222222222, "lsam_nll_fold2": 0.9726652503013611, "lsam_accuracy_fold3": 0.7777777777777778, "lsam_nll_fold3": 1.0075446367263794, "lsam_accuracy_fold4": 0.7703703703703704, "lsam_nll_fold4": 1.1184972524642944, "LSAM_nll": 1.1916327476501465, "LSAM_accuracy": 0.7796296296296297, "LSAM_combo": 0.4120031180205168, "_step": 0, "_wandb": {"runtime": 266}}