{"lsam_accuracy_fold1": 0.060445387062566275, "_timestamp": 1657585279, "_runtime": 365, "lsam_nll_fold1": 1.3949178457260132, "lsam_accuracy_fold2": 0.06362672322375397, "lsam_nll_fold2": 1.4627009630203247, "lsam_accuracy_fold3": 0.0689289501590668, "lsam_nll_fold3": 1.4737529754638672, "lsam_accuracy_fold4": 0.9480381760339343, "lsam_nll_fold4": 1.3094706535339355, "LSAM_nll": 1.4102106094360352, "LSAM_accuracy": 0.28525980911983034, "LSAM_combo": 1.1249508003162048, "_step": 0, "_wandb": {"runtime": 367}}