{"lsam_accuracy_fold1": 0.9925925925925926, "_timestamp": 1657638142, "_runtime": 169, "lsam_nll_fold1": 0.03203573450446129, "lsam_accuracy_fold2": 0.9962962962962963, "lsam_nll_fold2": 0.0233969334512949, "lsam_accuracy_fold3": 0.9777777777777777, "lsam_nll_fold3": 0.10946443676948547, "lsam_accuracy_fold4": 0.9777777777777777, "lsam_nll_fold4": 0.07446584850549698, "LSAM_nll": 0.05984073877334595, "LSAM_accuracy": 0.9861111111111112, "LSAM_combo": -0.9262703723377652, "_step": 0, "_wandb": {"runtime": 170}}