{"lsam_accuracy_fold1": 0.568, "_timestamp": 1657602428, "_runtime": 239, "lsam_nll_fold1": 1.4063470363616943, "lsam_accuracy_fold2": 0.528, "lsam_nll_fold2": 1.3680757284164429, "lsam_accuracy_fold3": 0.496, "lsam_nll_fold3": 1.7680481672286987, "lsam_accuracy_fold4": 0.592, "lsam_nll_fold4": 1.4205495119094849, "LSAM_nll": 1.4907550811767578, "LSAM_accuracy": 0.546, "LSAM_combo": 0.9447550811767578, "_step": 0, "_wandb": {"runtime": 240}}