{"lsam_accuracy_fold1": 0.9787910922587487, "_timestamp": 1657667694, "_runtime": 533, "lsam_nll_fold1": 0.10307697206735611, "lsam_accuracy_fold2": 0.9798515376458112, "lsam_nll_fold2": 0.15737491846084595, "lsam_accuracy_fold3": 0.9787910922587487, "lsam_nll_fold3": 0.17035366594791412, "lsam_accuracy_fold4": 0.9819724284199364, "lsam_nll_fold4": 0.08705613017082214, "LSAM_nll": 0.12946543097496033, "LSAM_accuracy": 0.9798515376458112, "LSAM_combo": -0.8503861066708509, "_step": 0, "_wandb": {"runtime": 534}}