{"lsam_accuracy_fold1": 0.6304347826086957, "_timestamp": 1657555816, "_runtime": 356, "lsam_nll_fold1": 0.8016200065612793, "lsam_accuracy_fold2": 0.6521739130434783, "lsam_nll_fold2": 0.8612902164459229, "lsam_accuracy_fold3": 0.5489130434782609, "lsam_nll_fold3": 0.9289376735687256, "lsam_accuracy_fold4": 0.6141304347826086, "lsam_nll_fold4": 0.8543656468391418, "LSAM_nll": 0.8615533709526062, "LSAM_accuracy": 0.6114130434782608, "LSAM_combo": 0.25014032747434545, "_step": 0, "_wandb": {"runtime": 358}}