{"lsam_accuracy_fold1": 0.9851851851851852, "_timestamp": 1657568625, "_runtime": 753, "lsam_nll_fold1": 0.05995213985443115, "lsam_accuracy_fold2": 0.9925925925925926, "lsam_nll_fold2": 0.0507504902780056, "lsam_accuracy_fold3": 0.9888888888888889, "lsam_nll_fold3": 0.06329840421676636, "lsam_accuracy_fold4": 0.9777777777777777, "lsam_nll_fold4": 0.0843464583158493, "LSAM_nll": 0.06458687782287598, "LSAM_accuracy": 0.9861111111111112, "LSAM_combo": -0.9215242332882352, "_step": 0, "_wandb": {"runtime": 754}}