{"lsam_accuracy_fold1": 0.552, "_timestamp": 1657528752, "_runtime": 206, "lsam_nll_fold1": 1.3679111003875732, "lsam_accuracy_fold2": 0.528, "lsam_nll_fold2": 1.4108282327651978, "lsam_accuracy_fold3": 0.6, "lsam_nll_fold3": 1.3869640827178955, "lsam_accuracy_fold4": 0.664, "lsam_nll_fold4": 1.3532694578170776, "LSAM_nll": 1.3797433376312256, "LSAM_accuracy": 0.5860000000000001, "_step": 0, "_wandb": {"runtime": 206}}