{"gbm_accuracy_fold1": 0.584, "_timestamp": 1657518832, "_runtime": 6, "gbm_nll_fold1": 1.3604400157928467, "gbm_accuracy_fold2": 0.504, "gbm_nll_fold2": 1.875953197479248, "gbm_accuracy_fold3": 0.584, "gbm_nll_fold3": 1.3724607229232788, "gbm_accuracy_fold4": 0.56, "gbm_nll_fold4": 1.3886806964874268, "LightGBM_nll": 1.4993836879730225, "LightGBM_accuracy": 0.558, "_step": 0, "_wandb": {"runtime": 7}}