{"gbm_accuracy_fold1": 0.608, "_timestamp": 1657607756, "_runtime": 7, "gbm_nll_fold1": 1.3714240789413452, "gbm_accuracy_fold2": 0.576, "gbm_nll_fold2": 1.3790662288665771, "gbm_accuracy_fold3": 0.52, "gbm_nll_fold3": 1.3832781314849854, "gbm_accuracy_fold4": 0.552, "gbm_nll_fold4": 1.3837980031967163, "LightGBM_nll": 1.3793915510177612, "LightGBM_accuracy": 0.5640000000000001, "LightGBM_combo": 0.8153915510177612, "_step": 0, "_wandb": {"runtime": 8}}