{"lsam_accuracy_fold1": 0.9215270413573701, "_timestamp": 1657586603, "_runtime": 238, "lsam_nll_fold1": 0.6438347101211548, "lsam_accuracy_fold2": 0.968186638388123, "lsam_nll_fold2": 0.41253554821014404, "lsam_accuracy_fold3": 0.9066808059384942, "lsam_nll_fold3": 0.6040447354316711, "lsam_accuracy_fold4": 0.9713679745493107, "lsam_nll_fold4": 0.42947497963905334, "LSAM_nll": 0.5224725008010864, "LSAM_accuracy": 0.9419406150583245, "LSAM_combo": -0.41946811425723807, "_step": 0, "_wandb": {"runtime": 239}}