{"lsam_accuracy_fold1": 0.9480381760339343, "_timestamp": 1657661794, "_runtime": 408, "lsam_nll_fold1": 0.2280081808567047, "lsam_accuracy_fold2": 0.9745493107104984, "lsam_nll_fold2": 0.1320485919713974, "lsam_accuracy_fold3": 0.9713679745493107, "lsam_nll_fold3": 0.18286368250846863, "lsam_accuracy_fold4": 0.9066808059384942, "lsam_nll_fold4": 0.3916466534137726, "LSAM_nll": 0.23364177346229553, "LSAM_accuracy": 0.9501590668080595, "LSAM_combo": -0.716517293345764, "_step": 0, "_wandb": {"runtime": 410}}