{"lsam_accuracy_fold1": 1.0, "_timestamp": 1657635447, "_runtime": 457, "lsam_nll_fold1": 0.00200743624009192, "lsam_accuracy_fold2": 0.9777777777777777, "lsam_nll_fold2": 0.19710379838943481, "lsam_accuracy_fold3": 0.9851851851851852, "lsam_nll_fold3": 0.07578428834676743, "lsam_accuracy_fold4": 0.9814814814814815, "lsam_nll_fold4": 0.0875316709280014, "LSAM_nll": 0.09060679376125336, "LSAM_accuracy": 0.986111111111111, "LSAM_combo": -0.8955043173498577, "_step": 0, "_wandb": {"runtime": 458}}