{"lsam_accuracy_fold1": 0.576, "_timestamp": 1657520328, "_runtime": 249, "lsam_nll_fold1": 1.3855386972427368, "lsam_accuracy_fold2": 0.48, "lsam_nll_fold2": 1.386427879333496, "lsam_accuracy_fold3": 0.4, "lsam_nll_fold3": 1.3865388631820679, "lsam_accuracy_fold4": 0.512, "lsam_nll_fold4": 1.3680018186569214, "LSAM_nll": 1.381626844406128, "LSAM_accuracy": 0.492, "_step": 0, "_wandb": {"runtime": 250}}