{"lsam_accuracy_fold1": 0.6684782608695652, "_timestamp": 1657620457, "_runtime": 492, "lsam_nll_fold1": 0.7224935293197632, "lsam_accuracy_fold2": 0.6141304347826086, "lsam_nll_fold2": 0.8808940649032593, "lsam_accuracy_fold3": 0.5815217391304348, "lsam_nll_fold3": 0.8456049561500549, "lsam_accuracy_fold4": 0.6141304347826086, "lsam_nll_fold4": 0.8398644328117371, "LSAM_nll": 0.8222142457962036, "LSAM_accuracy": 0.6195652173913043, "LSAM_combo": 0.2026490284048993, "_step": 0, "_wandb": {"runtime": 492}}