{"gbm_accuracy_fold1": 0.9814814814814815, "_timestamp": 1657643630, "_runtime": 9, "gbm_nll_fold1": 0.05223938822746277, "gbm_accuracy_fold2": 0.9925925925925926, "gbm_nll_fold2": 0.04582556337118149, "gbm_accuracy_fold3": 0.9851851851851852, "gbm_nll_fold3": 0.030118202790617943, "gbm_accuracy_fold4": 0.9592592592592593, "gbm_nll_fold4": 0.12862487137317657, "LightGBM_nll": 0.06420201063156128, "LightGBM_accuracy": 0.9796296296296296, "LightGBM_combo": -0.9154276189980683, "_step": 0, "_wandb": {"runtime": 10}}