{"gbm_accuracy_fold1": 0.544, "_timestamp": 1657519112, "_runtime": 4, "gbm_nll_fold1": 1.6165813207626343, "gbm_accuracy_fold2": 0.512, "gbm_nll_fold2": 1.4812164306640625, "gbm_accuracy_fold3": 0.512, "gbm_nll_fold3": 1.4908173084259033, "gbm_accuracy_fold4": 0.616, "gbm_nll_fold4": 1.4076123237609863, "LightGBM_nll": 1.4990569353103638, "LightGBM_accuracy": 0.546, "_step": 0, "_wandb": {"runtime": 6}}