{"lsam_accuracy_fold1": 0.576, "_timestamp": 1657537275, "_runtime": 150, "lsam_nll_fold1": 1.3846853971481323, "lsam_accuracy_fold2": 0.52, "lsam_nll_fold2": 1.3850562572479248, "lsam_accuracy_fold3": 0.6, "lsam_nll_fold3": 1.371680498123169, "lsam_accuracy_fold4": 0.624, "lsam_nll_fold4": 1.369546890258789, "LSAM_nll": 1.3777422904968262, "LSAM_accuracy": 0.5800000000000001, "LSAM_combo": 0.7977422904968261, "_step": 0, "_wandb": {"runtime": 151}}