{"lsam_accuracy_fold1": 0.9384941675503712, "_timestamp": 1657585937, "_runtime": 212, "lsam_nll_fold1": 0.45970818400382996, "lsam_accuracy_fold2": 0.8897136797454931, "lsam_nll_fold2": 0.5581791400909424, "lsam_accuracy_fold3": 0.9416755037115588, "lsam_nll_fold3": 0.4335910975933075, "lsam_accuracy_fold4": 0.865323435843054, "lsam_nll_fold4": 1.2921494245529175, "LSAM_nll": 0.6859070062637329, "LSAM_accuracy": 0.9088016967126193, "LSAM_combo": -0.22289469044888643, "_step": 0, "_wandb": {"runtime": 213}}