{"gbm_accuracy_fold1": 0.528, "_timestamp": 1657608327, "_runtime": 6, "gbm_nll_fold1": 1.3586297035217285, "gbm_accuracy_fold2": 0.584, "gbm_nll_fold2": 1.3860810995101929, "gbm_accuracy_fold3": 0.56, "gbm_nll_fold3": 1.3666353225708008, "gbm_accuracy_fold4": 0.552, "gbm_nll_fold4": 1.329204797744751, "LightGBM_nll": 1.360137701034546, "LightGBM_accuracy": 0.556, "LightGBM_combo": 0.8041377010345458, "_step": 0, "_wandb": {"runtime": 7}}