{"lsam_accuracy_fold1": 0.4240000247955322, "_timestamp": 1657510068, "_runtime": 248, "lsam_nll_fold1": 1.4070582389831543, "lsam_accuracy_fold2": 0.48000001907348633, "lsam_nll_fold2": 1.3894392251968384, "lsam_accuracy_fold3": 0.6000000238418579, "lsam_nll_fold3": 1.3867697715759277, "lsam_accuracy_fold4": 0.6240000128746033, "lsam_nll_fold4": 1.3843218088150024, "LSAM_nll": 1.391897201538086, "LSAM_accuracy": 0.5320000052452087, "_step": 0, "_wandb": {"runtime": 249}}