{"gbm_accuracy_fold1": 0.536, "_timestamp": 1657535736, "_runtime": 4, "gbm_nll_fold1": 1.3443247079849243, "gbm_accuracy_fold2": 0.504, "gbm_nll_fold2": 1.4789904356002808, "gbm_accuracy_fold3": 0.576, "gbm_nll_fold3": 1.3445748090744019, "gbm_accuracy_fold4": 0.544, "gbm_nll_fold4": 1.407647728919983, "LightGBM_nll": 1.3938844203948975, "LightGBM_accuracy": 0.54, "_step": 0, "_wandb": {"runtime": 6}}