{"gbm_accuracy_fold1": 0.6304347826086957, "_timestamp": 1657562782, "_runtime": 5, "gbm_nll_fold1": 1.0660284757614136, "gbm_accuracy_fold2": 0.6793478260869565, "gbm_nll_fold2": 1.0350655317306519, "gbm_accuracy_fold3": 0.5869565217391305, "gbm_nll_fold3": 1.0384774208068848, "gbm_accuracy_fold4": 0.6684782608695652, "gbm_nll_fold4": 0.9089866280555725, "LightGBM_nll": 1.0121395587921143, "LightGBM_accuracy": 0.6413043478260869, "LightGBM_combo": 0.37083521096602734, "_step": 0, "_wandb": {"runtime": 7}}