{"gbm_accuracy_fold1": 0.6413043478260869, "_timestamp": 1657563054, "_runtime": 5, "gbm_nll_fold1": 1.0204453468322754, "gbm_accuracy_fold2": 0.6956521739130435, "gbm_nll_fold2": 0.9110605120658875, "gbm_accuracy_fold3": 0.6521739130434783, "gbm_nll_fold3": 0.9686537981033325, "gbm_accuracy_fold4": 0.6684782608695652, "gbm_nll_fold4": 0.8652325868606567, "LightGBM_nll": 0.9413480758666992, "LightGBM_accuracy": 0.6644021739130435, "LightGBM_combo": 0.27694590195365576, "_step": 0, "_wandb": {"runtime": 6}}