{"gbm_accuracy_fold1": 0.7703703703703704, "_timestamp": 1657552663, "_runtime": 5, "gbm_nll_fold1": 1.0736579895019531, "gbm_accuracy_fold2": 0.762962962962963, "gbm_nll_fold2": 1.0995622873306274, "gbm_accuracy_fold3": 0.7851851851851852, "gbm_nll_fold3": 0.9279717803001404, "gbm_accuracy_fold4": 0.7851851851851852, "gbm_nll_fold4": 0.9111369848251343, "LightGBM_nll": 1.003082275390625, "LightGBM_accuracy": 0.7759259259259259, "LightGBM_combo": 0.2271563494646991, "_step": 0, "_wandb": {"runtime": 6}}