{"gbm_accuracy_fold1": 0.528, "_timestamp": 1657518656, "_runtime": 5, "gbm_nll_fold1": 1.6614410877227783, "gbm_accuracy_fold2": 0.504, "gbm_nll_fold2": 1.552157998085022, "gbm_accuracy_fold3": 0.528, "gbm_nll_fold3": 1.3612040281295776, "gbm_accuracy_fold4": 0.616, "gbm_nll_fold4": 1.3562947511672974, "LightGBM_nll": 1.4827744960784912, "LightGBM_accuracy": 0.544, "_step": 0, "_wandb": {"runtime": 6}}