{"lsam_accuracy_fold1": 0.7185185185185186, "_timestamp": 1657617923, "_runtime": 163, "lsam_nll_fold1": 1.215462327003479, "lsam_accuracy_fold2": 0.7555555555555555, "lsam_nll_fold2": 1.400132656097412, "lsam_accuracy_fold3": 0.762962962962963, "lsam_nll_fold3": 1.1217560768127441, "lsam_accuracy_fold4": 0.7925925925925926, "lsam_nll_fold4": 1.293209195137024, "LSAM_nll": 1.25764000415802, "LSAM_accuracy": 0.7574074074074074, "LSAM_combo": 0.5002325967506126, "_step": 0, "_wandb": {"runtime": 164}}