{"lsam_accuracy_fold1": 0.7010869565217391, "_timestamp": 1657630316, "_runtime": 369, "lsam_nll_fold1": 0.8039151430130005, "lsam_accuracy_fold2": 0.6032608695652174, "lsam_nll_fold2": 0.8474450707435608, "lsam_accuracy_fold3": 0.592391304347826, "lsam_nll_fold3": 0.964378297328949, "lsam_accuracy_fold4": 0.6413043478260869, "lsam_nll_fold4": 0.7946518659591675, "LSAM_nll": 0.8525975942611694, "LSAM_accuracy": 0.6345108695652174, "LSAM_combo": 0.21808672469595203, "_step": 0, "_wandb": {"runtime": 370}}