{"gbm_accuracy_fold1": 0.9703703703703703, "_timestamp": 1657577211, "_runtime": 5, "gbm_nll_fold1": 0.06042753905057907, "gbm_accuracy_fold2": 0.9629629629629629, "gbm_nll_fold2": 0.10698464512825012, "gbm_accuracy_fold3": 0.9740740740740741, "gbm_nll_fold3": 0.0935315266251564, "gbm_accuracy_fold4": 0.9629629629629629, "gbm_nll_fold4": 0.2628258466720581, "LightGBM_nll": 0.13094238936901093, "LightGBM_accuracy": 0.9675925925925926, "LightGBM_combo": -0.8366502032235816, "_step": 0, "_wandb": {"runtime": 6}}